  [2m2026-04-19T18:15:36.051744Z[0m [32m INFO[0m [1;32mspotledger_http::server[0m[32m: [32mLoading site, [1;32msite[0m[32m: spotledger[0m
    [2;3mat[0m crates\spotledger-http\src\server.rs:222

  [2m2026-04-19T18:15:36.052669Z[0m [34mDEBUG[0m [1;34mspotledger_db::adapter[0m[34m: [34mConnecting to SurrealDB, [1;34mendpoint[0m[34m: 127.0.0.1:8000[0m
    [2;3mat[0m crates\spotledger-db\src\adapter.rs:43

  [2m2026-04-19T18:15:36.058202Z[0m [34mDEBUG[0m [1;34mtungstenite::handshake::client[0m[34m: [34mClient handshake done.[0m
    [2;3mat[0m C:\Users\Ehsen\.cargo\registry\src\index.crates.io-1949cf8c6b5b557f\tungstenite-0.28.0\src\handshake\client.rs:102

  [2m2026-04-19T18:15:36.115048Z[0m [32m INFO[0m [1;32mspotledger_db::adapter[0m[32m: [32mSurrealDB ready, [1;32mns[0m[32m: spotledger, [1;32mdb[0m[32m: spotledger[0m
    [2;3mat[0m crates\spotledger-db\src\adapter.rs:69

  [2m2026-04-19T18:15:36.116071Z[0m [32m INFO[0m [1;32mspotledger_db::schema[0m[32m: [32mSyncing schemas for compiled DocTypes, [1;32mcount[0m[32m: 19[0m
    [2;3mat[0m crates\spotledger-db\src\schema.rs:258

  [2m2026-04-19T18:15:36.119483Z[0m [34mDEBUG[0m [1;34mspotledger_db::schema[0m[34m: [34mDEFINE TABLE done, [1;34mdoctype[0m[34m: Error Log[0m
    [2;3mat[0m crates\spotledger-db\src\schema.rs:111

  [2m2026-04-19T18:15:36.174009Z[0m [32m INFO[0m [1;32mspotledger_db::schema[0m[32m: [32mSchema DDL synced (Phase 1), [1;32mdoctype[0m[32m: Error Log, [1;32mtable[0m[32m: tabError_Log[0m
    [2;3mat[0m crates\spotledger-db\src\schema.rs:208

  [2m2026-04-19T18:15:36.234459Z[0m [33m WARN[0m [1;33mspotledger_db::schema[0m[33m: [33mCould not upsert tabDocType row — boot info may not list this doctype, [1;33mdoctype[0m[33m: Error Log, [1;33merror[0m[33m: SurrealDB error: Couldn't coerce value for field `docstatus` of `tabDocType:`Error Log``: Expected `int` but found `NONE`[0m
    [2;3mat[0m crates\spotledger-db\src\schema.rs:546

  [2m2026-04-19T18:15:36.235084Z[0m [34mDEBUG[0m [1;34mspotledger_db::schema[0m[34m: [34mGraph meta records ensured (Phase 2), [1;34mdoctype[0m[34m: Error Log[0m
    [2;3mat[0m crates\spotledger-db\src\schema.rs:551

  [2m2026-04-19T18:15:36.238248Z[0m [34mDEBUG[0m [1;34mspotledger_db::schema[0m[34m: [34mDEFINE TABLE done, [1;34mdoctype[0m[34m: DocField[0m
    [2;3mat[0m crates\spotledger-db\src\schema.rs:111

  [2m2026-04-19T18:15:36.532711Z[0m [32m INFO[0m [1;32mspotledger_db::schema[0m[32m: [32mSchema DDL synced (Phase 1), [1;32mdoctype[0m[32m: DocField, [1;32mtable[0m[32m: tabDocField[0m
    [2;3mat[0m crates\spotledger-db\src\schema.rs:208

  [2m2026-04-19T18:15:36.988434Z[0m [33m WARN[0m [1;33mspotledger_db::schema[0m[33m: [33mCould not upsert tabDocType row — boot info may not list this doctype, [1;33mdoctype[0m[33m: DocField, [1;33merror[0m[33m: SurrealDB error: Couldn't coerce value for field `docstatus` of `tabDocType:DocField`: Expected `int` but found `NONE`[0m
    [2;3mat[0m crates\spotledger-db\src\schema.rs:546

  [2m2026-04-19T18:15:36.989162Z[0m [34mDEBUG[0m [1;34mspotledger_db::schema[0m[34m: [34mGraph meta records ensured (Phase 2), [1;34mdoctype[0m[34m: DocField[0m
    [2;3mat[0m crates\spotledger-db\src\schema.rs:551

  [2m2026-04-19T18:15:36.993163Z[0m [34mDEBUG[0m [1;34mspotledger_db::schema[0m[34m: [34mDEFINE TABLE done, [1;34mdoctype[0m[34m: DocPerm[0m
    [2;3mat[0m crates\spotledger-db\src\schema.rs:111

  [2m2026-04-19T18:15:37.093699Z[0m [32m INFO[0m [1;32mspotledger_db::schema[0m[32m: [32mSchema DDL synced (Phase 1), [1;32mdoctype[0m[32m: DocPerm, [1;32mtable[0m[32m: tabDocPerm[0m
    [2;3mat[0m crates\spotledger-db\src\schema.rs:208

  [2m2026-04-19T18:15:37.227618Z[0m [33m WARN[0m [1;33mspotledger_db::schema[0m[33m: [33mCould not upsert tabDocType row — boot info may not list this doctype, [1;33mdoctype[0m[33m: DocPerm, [1;33merror[0m[33m: SurrealDB error: Couldn't coerce value for field `docstatus` of `tabDocType:DocPerm`: Expected `int` but found `NONE`[0m
    [2;3mat[0m crates\spotledger-db\src\schema.rs:546

  [2m2026-04-19T18:15:37.228586Z[0m [34mDEBUG[0m [1;34mspotledger_db::schema[0m[34m: [34mGraph meta records ensured (Phase 2), [1;34mdoctype[0m[34m: DocPerm[0m
    [2;3mat[0m crates\spotledger-db\src\schema.rs:551

  [2m2026-04-19T18:15:37.231397Z[0m [34mDEBUG[0m [1;34mspotledger_db::schema[0m[34m: [34mDEFINE TABLE done, [1;34mdoctype[0m[34m: PropertySetter[0m
    [2;3mat[0m crates\spotledger-db\src\schema.rs:111

  [2m2026-04-19T18:15:37.278014Z[0m [32m INFO[0m [1;32mspotledger_db::schema[0m[32m: [32mSchema DDL synced (Phase 1), [1;32mdoctype[0m[32m: PropertySetter, [1;32mtable[0m[32m: tabPropertySetter[0m
    [2;3mat[0m crates\spotledger-db\src\schema.rs:208

  [2m2026-04-19T18:15:37.320870Z[0m [33m WARN[0m [1;33mspotledger_db::schema[0m[33m: [33mCould not upsert tabDocType row — boot info may not list this doctype, [1;33mdoctype[0m[33m: PropertySetter, [1;33merror[0m[33m: SurrealDB error: Couldn't coerce value for field `docstatus` of `tabDocType:PropertySetter`: Expected `int` but found `NONE`[0m
    [2;3mat[0m crates\spotledger-db\src\schema.rs:546

  [2m2026-04-19T18:15:37.321407Z[0m [34mDEBUG[0m [1;34mspotledger_db::schema[0m[34m: [34mGraph meta records ensured (Phase 2), [1;34mdoctype[0m[34m: PropertySetter[0m
    [2;3mat[0m crates\spotledger-db\src\schema.rs:551

  [2m2026-04-19T18:15:37.324269Z[0m [34mDEBUG[0m [1;34mspotledger_db::schema[0m[34m: [34mDEFINE TABLE done, [1;34mdoctype[0m[34m: DocType[0m
    [2;3mat[0m crates\spotledger-db\src\schema.rs:111

  [2m2026-04-19T18:15:37.467758Z[0m [32m INFO[0m [1;32mspotledger_db::schema[0m[32m: [32mSchema DDL synced (Phase 1), [1;32mdoctype[0m[32m: DocType, [1;32mtable[0m[32m: tabDocType[0m
    [2;3mat[0m crates\spotledger-db\src\schema.rs:208

  [2m2026-04-19T18:15:37.679843Z[0m [34mDEBUG[0m [1;34mspotledger_db::schema[0m[34m: [34mGraph meta records ensured (Phase 2), [1;34mdoctype[0m[34m: DocType[0m
    [2;3mat[0m crates\spotledger-db\src\schema.rs:551

  [2m2026-04-19T18:15:37.683008Z[0m [34mDEBUG[0m [1;34mspotledger_db::schema[0m[34m: [34mDEFINE TABLE done, [1;34mdoctype[0m[34m: CustomField[0m
    [2;3mat[0m crates\spotledger-db\src\schema.rs:111

  [2m2026-04-19T18:15:37.753394Z[0m [32m INFO[0m [1;32mspotledger_db::schema[0m[32m: [32mSchema DDL synced (Phase 1), [1;32mdoctype[0m[32m: CustomField, [1;32mtable[0m[32m: tabCustomField[0m
    [2;3mat[0m crates\spotledger-db\src\schema.rs:208

  [2m2026-04-19T18:15:37.835055Z[0m [34mDEBUG[0m [1;34mspotledger_db::schema[0m[34m: [34mGraph meta records ensured (Phase 2), [1;34mdoctype[0m[34m: CustomField[0m
    [2;3mat[0m crates\spotledger-db\src\schema.rs:551

  [2m2026-04-19T18:15:37.838001Z[0m [34mDEBUG[0m [1;34mspotledger_db::schema[0m[34m: [34mDEFINE TABLE done, [1;34mdoctype[0m[34m: Module Def[0m
    [2;3mat[0m crates\spotledger-db\src\schema.rs:111

  [2m2026-04-19T18:15:37.901777Z[0m [32m INFO[0m [1;32mspotledger_db::schema[0m[32m: [32mSchema DDL synced (Phase 1), [1;32mdoctype[0m[32m: Module Def, [1;32mtable[0m[32m: tabModule_Def[0m
    [2;3mat[0m crates\spotledger-db\src\schema.rs:208

  [2m2026-04-19T18:15:37.979925Z[0m [34mDEBUG[0m [1;34mspotledger_db::schema[0m[34m: [34mGraph meta records ensured (Phase 2), [1;34mdoctype[0m[34m: Module Def[0m
    [2;3mat[0m crates\spotledger-db\src\schema.rs:551

  [2m2026-04-19T18:15:37.983296Z[0m [34mDEBUG[0m [1;34mspotledger_db::schema[0m[34m: [34mDEFINE TABLE done, [1;34mdoctype[0m[34m: UserModule[0m
    [2;3mat[0m crates\spotledger-db\src\schema.rs:111

  [2m2026-04-19T18:15:38.051134Z[0m [32m INFO[0m [1;32mspotledger_db::schema[0m[32m: [32mSchema DDL synced (Phase 1), [1;32mdoctype[0m[32m: UserModule, [1;32mtable[0m[32m: tabUserModule[0m
    [2;3mat[0m crates\spotledger-db\src\schema.rs:208

  [2m2026-04-19T18:15:38.092735Z[0m [34mDEBUG[0m [1;34mspotledger_db::schema[0m[34m: [34mGraph meta records ensured (Phase 2), [1;34mdoctype[0m[34m: UserModule[0m
    [2;3mat[0m crates\spotledger-db\src\schema.rs:551

  [2m2026-04-19T18:15:38.097843Z[0m [34mDEBUG[0m [1;34mspotledger_db::schema[0m[34m: [34mDEFINE TABLE done, [1;34mdoctype[0m[34m: DefaultValue[0m
    [2;3mat[0m crates\spotledger-db\src\schema.rs:111

  [2m2026-04-19T18:15:38.148398Z[0m [32m INFO[0m [1;32mspotledger_db::schema[0m[32m: [32mSchema DDL synced (Phase 1), [1;32mdoctype[0m[32m: DefaultValue, [1;32mtable[0m[32m: tabDefaultValue[0m
    [2;3mat[0m crates\spotledger-db\src\schema.rs:208

  [2m2026-04-19T18:15:38.199625Z[0m [34mDEBUG[0m [1;34mspotledger_db::schema[0m[34m: [34mGraph meta records ensured (Phase 2), [1;34mdoctype[0m[34m: DefaultValue[0m
    [2;3mat[0m crates\spotledger-db\src\schema.rs:551

  [2m2026-04-19T18:15:38.212633Z[0m [34mDEBUG[0m [1;34mspotledger_db::schema[0m[34m: [34mDEFINE TABLE done, [1;34mdoctype[0m[34m: SystemSettings[0m
    [2;3mat[0m crates\spotledger-db\src\schema.rs:111

  [2m2026-04-19T18:15:38.316620Z[0m [32m INFO[0m [1;32mspotledger_db::schema[0m[32m: [32mSchema DDL synced (Phase 1), [1;32mdoctype[0m[32m: SystemSettings, [1;32mtable[0m[32m: tabSystemSettings[0m
    [2;3mat[0m crates\spotledger-db\src\schema.rs:208

  [2m2026-04-19T18:15:38.453734Z[0m [34mDEBUG[0m [1;34mspotledger_db::schema[0m[34m: [34mGraph meta records ensured (Phase 2), [1;34mdoctype[0m[34m: SystemSettings[0m
    [2;3mat[0m crates\spotledger-db\src\schema.rs:551

  [2m2026-04-19T18:15:38.458068Z[0m [34mDEBUG[0m [1;34mspotledger_db::schema[0m[34m: [34mDEFINE TABLE done, [1;34mdoctype[0m[34m: DocumentNamingSettings[0m
    [2;3mat[0m crates\spotledger-db\src\schema.rs:111

  [2m2026-04-19T18:15:38.497836Z[0m [32m INFO[0m [1;32mspotledger_db::schema[0m[32m: [32mSchema DDL synced (Phase 1), [1;32mdoctype[0m[32m: DocumentNamingSettings, [1;32mtable[0m[32m: tabDocumentNamingSettings[0m
    [2;3mat[0m crates\spotledger-db\src\schema.rs:208

  [2m2026-04-19T18:15:38.529508Z[0m [34mDEBUG[0m [1;34mspotledger_db::schema[0m[34m: [34mGraph meta records ensured (Phase 2), [1;34mdoctype[0m[34m: DocumentNamingSettings[0m
    [2;3mat[0m crates\spotledger-db\src\schema.rs:551

  [2m2026-04-19T18:15:38.532713Z[0m [34mDEBUG[0m [1;34mspotledger_db::schema[0m[34m: [34mDEFINE TABLE done, [1;34mdoctype[0m[34m: DocumentNamingRule[0m
    [2;3mat[0m crates\spotledger-db\src\schema.rs:111

  [2m2026-04-19T18:15:38.577810Z[0m [32m INFO[0m [1;32mspotledger_db::schema[0m[32m: [32mSchema DDL synced (Phase 1), [1;32mdoctype[0m[32m: DocumentNamingRule, [1;32mtable[0m[32m: tabDocumentNamingRule[0m
    [2;3mat[0m crates\spotledger-db\src\schema.rs:208

  [2m2026-04-19T18:15:38.610326Z[0m [34mDEBUG[0m [1;34mspotledger_db::schema[0m[34m: [34mGraph meta records ensured (Phase 2), [1;34mdoctype[0m[34m: DocumentNamingRule[0m
    [2;3mat[0m crates\spotledger-db\src\schema.rs:551

  [2m2026-04-19T18:15:38.613270Z[0m [34mDEBUG[0m [1;34mspotledger_db::schema[0m[34m: [34mDEFINE TABLE done, [1;34mdoctype[0m[34m: User[0m
    [2;3mat[0m crates\spotledger-db\src\schema.rs:111

  [2m2026-04-19T18:15:38.695399Z[0m [32m INFO[0m [1;32mspotledger_db::schema[0m[32m: [32mSchema DDL synced (Phase 1), [1;32mdoctype[0m[32m: User, [1;32mtable[0m[32m: tabUser[0m
    [2;3mat[0m crates\spotledger-db\src\schema.rs:208

  [2m2026-04-19T18:15:38.814303Z[0m [34mDEBUG[0m [1;34mspotledger_db::schema[0m[34m: [34mGraph meta records ensured (Phase 2), [1;34mdoctype[0m[34m: User[0m
    [2;3mat[0m crates\spotledger-db\src\schema.rs:551

  [2m2026-04-19T18:15:38.817922Z[0m [34mDEBUG[0m [1;34mspotledger_db::schema[0m[34m: [34mDEFINE TABLE done, [1;34mdoctype[0m[34m: UserPermission[0m
    [2;3mat[0m crates\spotledger-db\src\schema.rs:111

  [2m2026-04-19T18:15:38.881707Z[0m [32m INFO[0m [1;32mspotledger_db::schema[0m[32m: [32mSchema DDL synced (Phase 1), [1;32mdoctype[0m[32m: UserPermission, [1;32mtable[0m[32m: tabUserPermission[0m
    [2;3mat[0m crates\spotledger-db\src\schema.rs:208

  [2m2026-04-19T18:15:38.945896Z[0m [34mDEBUG[0m [1;34mspotledger_db::schema[0m[34m: [34mGraph meta records ensured (Phase 2), [1;34mdoctype[0m[34m: UserPermission[0m
    [2;3mat[0m crates\spotledger-db\src\schema.rs:551

  [2m2026-04-19T18:15:38.949350Z[0m [34mDEBUG[0m [1;34mspotledger_db::schema[0m[34m: [34mDEFINE TABLE done, [1;34mdoctype[0m[34m: UserType[0m
    [2;3mat[0m crates\spotledger-db\src\schema.rs:111

  [2m2026-04-19T18:15:38.996181Z[0m [32m INFO[0m [1;32mspotledger_db::schema[0m[32m: [32mSchema DDL synced (Phase 1), [1;32mdoctype[0m[32m: UserType, [1;32mtable[0m[32m: tabUserType[0m
    [2;3mat[0m crates\spotledger-db\src\schema.rs:208

  [2m2026-04-19T18:15:39.026368Z[0m [34mDEBUG[0m [1;34mspotledger_db::schema[0m[34m: [34mGraph meta records ensured (Phase 2), [1;34mdoctype[0m[34m: UserType[0m
    [2;3mat[0m crates\spotledger-db\src\schema.rs:551

  [2m2026-04-19T18:15:39.029847Z[0m [34mDEBUG[0m [1;34mspotledger_db::schema[0m[34m: [34mDEFINE TABLE done, [1;34mdoctype[0m[34m: UserGroup[0m
    [2;3mat[0m crates\spotledger-db\src\schema.rs:111

  [2m2026-04-19T18:15:39.078241Z[0m [32m INFO[0m [1;32mspotledger_db::schema[0m[32m: [32mSchema DDL synced (Phase 1), [1;32mdoctype[0m[32m: UserGroup, [1;32mtable[0m[32m: tabUserGroup[0m
    [2;3mat[0m crates\spotledger-db\src\schema.rs:208

  [2m2026-04-19T18:15:39.104621Z[0m [34mDEBUG[0m [1;34mspotledger_db::schema[0m[34m: [34mGraph meta records ensured (Phase 2), [1;34mdoctype[0m[34m: UserGroup[0m
    [2;3mat[0m crates\spotledger-db\src\schema.rs:551

  [2m2026-04-19T18:15:39.109768Z[0m [34mDEBUG[0m [1;34mspotledger_db::schema[0m[34m: [34mDEFINE TABLE done, [1;34mdoctype[0m[34m: UserGroupMember[0m
    [2;3mat[0m crates\spotledger-db\src\schema.rs:111

  [2m2026-04-19T18:15:39.163356Z[0m [32m INFO[0m [1;32mspotledger_db::schema[0m[32m: [32mSchema DDL synced (Phase 1), [1;32mdoctype[0m[32m: UserGroupMember, [1;32mtable[0m[32m: tabUserGroupMember[0m
    [2;3mat[0m crates\spotledger-db\src\schema.rs:208

  [2m2026-04-19T18:15:39.203626Z[0m [34mDEBUG[0m [1;34mspotledger_db::schema[0m[34m: [34mGraph meta records ensured (Phase 2), [1;34mdoctype[0m[34m: UserGroupMember[0m
    [2;3mat[0m crates\spotledger-db\src\schema.rs:551

  [2m2026-04-19T18:15:39.206253Z[0m [34mDEBUG[0m [1;34mspotledger_db::schema[0m[34m: [34mDEFINE TABLE done, [1;34mdoctype[0m[34m: Role[0m
    [2;3mat[0m crates\spotledger-db\src\schema.rs:111

  [2m2026-04-19T18:15:39.251240Z[0m [32m INFO[0m [1;32mspotledger_db::schema[0m[32m: [32mSchema DDL synced (Phase 1), [1;32mdoctype[0m[32m: Role, [1;32mtable[0m[32m: tabRole[0m
    [2;3mat[0m crates\spotledger-db\src\schema.rs:208

  [2m2026-04-19T18:15:39.288947Z[0m [34mDEBUG[0m [1;34mspotledger_db::schema[0m[34m: [34mGraph meta records ensured (Phase 2), [1;34mdoctype[0m[34m: Role[0m
    [2;3mat[0m crates\spotledger-db\src\schema.rs:551

  [2m2026-04-19T18:15:39.293435Z[0m [34mDEBUG[0m [1;34mspotledger_db::schema[0m[34m: [34mDEFINE TABLE done, [1;34mdoctype[0m[34m: HasRole[0m
    [2;3mat[0m crates\spotledger-db\src\schema.rs:111

  [2m2026-04-19T18:15:39.345965Z[0m [32m INFO[0m [1;32mspotledger_db::schema[0m[32m: [32mSchema DDL synced (Phase 1), [1;32mdoctype[0m[32m: HasRole, [1;32mtable[0m[32m: tabHasRole[0m
    [2;3mat[0m crates\spotledger-db\src\schema.rs:208

  [2m2026-04-19T18:15:39.385515Z[0m [34mDEBUG[0m [1;34mspotledger_db::schema[0m[34m: [34mGraph meta records ensured (Phase 2), [1;34mdoctype[0m[34m: HasRole[0m
    [2;3mat[0m crates\spotledger-db\src\schema.rs:551

  [2m2026-04-19T18:15:39.386105Z[0m [32m INFO[0m [1;32mspotledger_http::server[0m[32m: [32mSchema sync complete, [1;32msite[0m[32m: spotledger[0m
    [2;3mat[0m crates\spotledger-http\src\server.rs:231

  [2m2026-04-19T18:15:39.433578Z[0m [34mDEBUG[0m [1;34mspotledger_db::schema[0m[34m: [34msync_user: fields loaded, [1;34mdoctype[0m[34m: Account, [1;34mfield_count[0m[34m: 10[0m
    [2;3mat[0m crates\spotledger-db\src\schema.rs:689

  [2m2026-04-19T18:15:39.434309Z[0m [34mDEBUG[0m [1;34mspotledger_db::schema[0m[34m: [34msync_user: executing field DDL, [1;34mdoctype[0m[34m: Account, [1;34mfield[0m[34m: account_number, [1;34msql[0m[34m: DEFINE FIELD OVERWRITE `account_number` ON TABLE `tabAccount` TYPE option<string> PERMISSIONS FULL;[0m
    [2;3mat[0m crates\spotledger-db\src\schema.rs:741

  [2m2026-04-19T18:15:39.437971Z[0m [34mDEBUG[0m [1;34mspotledger_db::schema[0m[34m: [34msync_user: field DDL ok, [1;34mdoctype[0m[34m: Account, [1;34mfield[0m[34m: account_number[0m
    [2;3mat[0m crates\spotledger-db\src\schema.rs:746

  [2m2026-04-19T18:15:39.438618Z[0m [34mDEBUG[0m [1;34mspotledger_db::schema[0m[34m: [34msync_user: executing field DDL, [1;34mdoctype[0m[34m: Account, [1;34mfield[0m[34m: account_name, [1;34msql[0m[34m: DEFINE FIELD OVERWRITE `account_name` ON TABLE `tabAccount` TYPE option<string> PERMISSIONS FULL;[0m
    [2;3mat[0m crates\spotledger-db\src\schema.rs:741

  [2m2026-04-19T18:15:39.444535Z[0m [34mDEBUG[0m [1;34mspotledger_db::schema[0m[34m: [34msync_user: field DDL ok, [1;34mdoctype[0m[34m: Account, [1;34mfield[0m[34m: account_name[0m
    [2;3mat[0m crates\spotledger-db\src\schema.rs:746

  [2m2026-04-19T18:15:39.445117Z[0m [34mDEBUG[0m [1;34mspotledger_db::schema[0m[34m: [34msync_user: executing field DDL, [1;34mdoctype[0m[34m: Account, [1;34mfield[0m[34m: chart_of_accounts, [1;34msql[0m[34m: DEFINE FIELD OVERWRITE `chart_of_accounts` ON TABLE `tabAccount` TYPE option<string> PERMISSIONS FULL;[0m
    [2;3mat[0m crates\spotledger-db\src\schema.rs:741

  [2m2026-04-19T18:15:39.448346Z[0m [34mDEBUG[0m [1;34mspotledger_db::schema[0m[34m: [34msync_user: field DDL ok, [1;34mdoctype[0m[34m: Account, [1;34mfield[0m[34m: chart_of_accounts[0m
    [2;3mat[0m crates\spotledger-db\src\schema.rs:746

  [2m2026-04-19T18:15:39.448840Z[0m [34mDEBUG[0m [1;34mspotledger_db::schema[0m[34m: [34msync_user: executing field DDL, [1;34mdoctype[0m[34m: Account, [1;34mfield[0m[34m: account_group, [1;34msql[0m[34m: DEFINE FIELD OVERWRITE `account_group` ON TABLE `tabAccount` TYPE option<string> PERMISSIONS FULL;[0m
    [2;3mat[0m crates\spotledger-db\src\schema.rs:741

  [2m2026-04-19T18:15:39.452482Z[0m [34mDEBUG[0m [1;34mspotledger_db::schema[0m[34m: [34msync_user: field DDL ok, [1;34mdoctype[0m[34m: Account, [1;34mfield[0m[34m: account_group[0m
    [2;3mat[0m crates\spotledger-db\src\schema.rs:746

  [2m2026-04-19T18:15:39.452984Z[0m [34mDEBUG[0m [1;34mspotledger_db::schema[0m[34m: [34msync_user: executing field DDL, [1;34mdoctype[0m[34m: Account, [1;34mfield[0m[34m: parent_account, [1;34msql[0m[34m: DEFINE FIELD OVERWRITE `parent_account` ON TABLE `tabAccount` TYPE option<string> PERMISSIONS FULL;[0m
    [2;3mat[0m crates\spotledger-db\src\schema.rs:741

  [2m2026-04-19T18:15:39.457409Z[0m [34mDEBUG[0m [1;34mspotledger_db::schema[0m[34m: [34msync_user: field DDL ok, [1;34mdoctype[0m[34m: Account, [1;34mfield[0m[34m: parent_account[0m
    [2;3mat[0m crates\spotledger-db\src\schema.rs:746

  [2m2026-04-19T18:15:39.459130Z[0m [34mDEBUG[0m [1;34mspotledger_db::schema[0m[34m: [34msync_user: executing field DDL, [1;34mdoctype[0m[34m: Account, [1;34mfield[0m[34m: account_type_internal, [1;34msql[0m[34m: DEFINE FIELD OVERWRITE `account_type_internal` ON TABLE `tabAccount` TYPE option<string> PERMISSIONS FULL;[0m
    [2;3mat[0m crates\spotledger-db\src\schema.rs:741

  [2m2026-04-19T18:15:39.462492Z[0m [34mDEBUG[0m [1;34mspotledger_db::schema[0m[34m: [34msync_user: field DDL ok, [1;34mdoctype[0m[34m: Account, [1;34mfield[0m[34m: account_type_internal[0m
    [2;3mat[0m crates\spotledger-db\src\schema.rs:746

  [2m2026-04-19T18:15:39.463125Z[0m [34mDEBUG[0m [1;34mspotledger_db::schema[0m[34m: [34msync_user: executing field DDL, [1;34mdoctype[0m[34m: Account, [1;34mfield[0m[34m: account_category, [1;34msql[0m[34m: DEFINE FIELD OVERWRITE `account_category` ON TABLE `tabAccount` TYPE option<string> PERMISSIONS FULL;[0m
    [2;3mat[0m crates\spotledger-db\src\schema.rs:741

  [2m2026-04-19T18:15:39.466124Z[0m [34mDEBUG[0m [1;34mspotledger_db::schema[0m[34m: [34msync_user: field DDL ok, [1;34mdoctype[0m[34m: Account, [1;34mfield[0m[34m: account_category[0m
    [2;3mat[0m crates\spotledger-db\src\schema.rs:746

  [2m2026-04-19T18:15:39.466821Z[0m [34mDEBUG[0m [1;34mspotledger_db::schema[0m[34m: [34msync_user: executing field DDL, [1;34mdoctype[0m[34m: Account, [1;34mfield[0m[34m: is_group, [1;34msql[0m[34m: DEFINE FIELD OVERWRITE `is_group` ON TABLE `tabAccount` TYPE none | int PERMISSIONS FULL DEFAULT 0;[0m
    [2;3mat[0m crates\spotledger-db\src\schema.rs:741

  [2m2026-04-19T18:15:39.469914Z[0m [34mDEBUG[0m [1;34mspotledger_db::schema[0m[34m: [34msync_user: field DDL ok, [1;34mdoctype[0m[34m: Account, [1;34mfield[0m[34m: is_group[0m
    [2;3mat[0m crates\spotledger-db\src\schema.rs:746

  [2m2026-04-19T18:15:39.470393Z[0m [34mDEBUG[0m [1;34mspotledger_db::schema[0m[34m: [34msync_user: executing field DDL, [1;34mdoctype[0m[34m: Account, [1;34mfield[0m[34m: party_required, [1;34msql[0m[34m: DEFINE FIELD OVERWRITE `party_required` ON TABLE `tabAccount` TYPE none | int PERMISSIONS FULL DEFAULT 0;[0m
    [2;3mat[0m crates\spotledger-db\src\schema.rs:741

  [2m2026-04-19T18:15:39.475535Z[0m [34mDEBUG[0m [1;34mspotledger_db::schema[0m[34m: [34msync_user: field DDL ok, [1;34mdoctype[0m[34m: Account, [1;34mfield[0m[34m: party_required[0m
    [2;3mat[0m crates\spotledger-db\src\schema.rs:746

  [2m2026-04-19T18:15:39.476397Z[0m [34mDEBUG[0m [1;34mspotledger_db::schema[0m[34m: [34msync_user: executing field DDL, [1;34mdoctype[0m[34m: Account, [1;34mfield[0m[34m: description, [1;34msql[0m[34m: DEFINE FIELD OVERWRITE `description` ON TABLE `tabAccount` TYPE option<string> PERMISSIONS FULL;[0m
    [2;3mat[0m crates\spotledger-db\src\schema.rs:741

  [2m2026-04-19T18:15:39.480028Z[0m [34mDEBUG[0m [1;34mspotledger_db::schema[0m[34m: [34msync_user: field DDL ok, [1;34mdoctype[0m[34m: Account, [1;34mfield[0m[34m: description[0m
    [2;3mat[0m crates\spotledger-db\src\schema.rs:746

  [2m2026-04-19T18:15:39.483504Z[0m [34mDEBUG[0m [1;34mspotledger_db::schema[0m[34m: [34msync_user: schema synced, [1;34mdoctype[0m[34m: Account[0m
    [2;3mat[0m crates\spotledger-db\src\schema.rs:762

  [2m2026-04-19T18:15:39.520591Z[0m [34mDEBUG[0m [1;34mspotledger_db::schema[0m[34m: [34msync_user: fields loaded, [1;34mdoctype[0m[34m: Account Company, [1;34mfield_count[0m[34m: 5[0m
    [2;3mat[0m crates\spotledger-db\src\schema.rs:689

  [2m2026-04-19T18:15:39.521105Z[0m [34mDEBUG[0m [1;34mspotledger_db::schema[0m[34m: [34msync_user: executing field DDL, [1;34mdoctype[0m[34m: Account Company, [1;34mfield[0m[34m: account, [1;34msql[0m[34m: DEFINE FIELD OVERWRITE `account` ON TABLE `tabAccount_Company` TYPE option<string> PERMISSIONS FULL;[0m
    [2;3mat[0m crates\spotledger-db\src\schema.rs:741

  [2m2026-04-19T18:15:39.526206Z[0m [34mDEBUG[0m [1;34mspotledger_db::schema[0m[34m: [34msync_user: field DDL ok, [1;34mdoctype[0m[34m: Account Company, [1;34mfield[0m[34m: account[0m
    [2;3mat[0m crates\spotledger-db\src\schema.rs:746

  [2m2026-04-19T18:15:39.526863Z[0m [34mDEBUG[0m [1;34mspotledger_db::schema[0m[34m: [34msync_user: executing field DDL, [1;34mdoctype[0m[34m: Account Company, [1;34mfield[0m[34m: company, [1;34msql[0m[34m: DEFINE FIELD OVERWRITE `company` ON TABLE `tabAccount_Company` TYPE option<string> PERMISSIONS FULL;[0m
    [2;3mat[0m crates\spotledger-db\src\schema.rs:741

  [2m2026-04-19T18:15:39.530531Z[0m [34mDEBUG[0m [1;34mspotledger_db::schema[0m[34m: [34msync_user: field DDL ok, [1;34mdoctype[0m[34m: Account Company, [1;34mfield[0m[34m: company[0m
    [2;3mat[0m crates\spotledger-db\src\schema.rs:746

  [2m2026-04-19T18:15:39.530948Z[0m [34mDEBUG[0m [1;34mspotledger_db::schema[0m[34m: [34msync_user: executing field DDL, [1;34mdoctype[0m[34m: Account Company, [1;34mfield[0m[34m: opening_balance, [1;34msql[0m[34m: DEFINE FIELD OVERWRITE `opening_balance` ON TABLE `tabAccount_Company` TYPE float PERMISSIONS FULL;[0m
    [2;3mat[0m crates\spotledger-db\src\schema.rs:741

  [2m2026-04-19T18:15:39.533912Z[0m [34mDEBUG[0m [1;34mspotledger_db::schema[0m[34m: [34msync_user: field DDL ok, [1;34mdoctype[0m[34m: Account Company, [1;34mfield[0m[34m: opening_balance[0m
    [2;3mat[0m crates\spotledger-db\src\schema.rs:746

  [2m2026-04-19T18:15:39.534533Z[0m [34mDEBUG[0m [1;34mspotledger_db::schema[0m[34m: [34msync_user: executing field DDL, [1;34mdoctype[0m[34m: Account Company, [1;34mfield[0m[34m: opening_balance_date, [1;34msql[0m[34m: DEFINE FIELD OVERWRITE `opening_balance_date` ON TABLE `tabAccount_Company` TYPE option<string> PERMISSIONS FULL;[0m
    [2;3mat[0m crates\spotledger-db\src\schema.rs:741

  [2m2026-04-19T18:15:39.538112Z[0m [34mDEBUG[0m [1;34mspotledger_db::schema[0m[34m: [34msync_user: field DDL ok, [1;34mdoctype[0m[34m: Account Company, [1;34mfield[0m[34m: opening_balance_date[0m
    [2;3mat[0m crates\spotledger-db\src\schema.rs:746

  [2m2026-04-19T18:15:39.538552Z[0m [34mDEBUG[0m [1;34mspotledger_db::schema[0m[34m: [34msync_user: executing field DDL, [1;34mdoctype[0m[34m: Account Company, [1;34mfield[0m[34m: is_active, [1;34msql[0m[34m: DEFINE FIELD OVERWRITE `is_active` ON TABLE `tabAccount_Company` TYPE none | int PERMISSIONS FULL DEFAULT 0;[0m
    [2;3mat[0m crates\spotledger-db\src\schema.rs:741

  [2m2026-04-19T18:15:39.542774Z[0m [34mDEBUG[0m [1;34mspotledger_db::schema[0m[34m: [34msync_user: field DDL ok, [1;34mdoctype[0m[34m: Account Company, [1;34mfield[0m[34m: is_active[0m
    [2;3mat[0m crates\spotledger-db\src\schema.rs:746

  [2m2026-04-19T18:15:39.545981Z[0m [34mDEBUG[0m [1;34mspotledger_db::schema[0m[34m: [34msync_user: schema synced, [1;34mdoctype[0m[34m: Account Company[0m
    [2;3mat[0m crates\spotledger-db\src\schema.rs:762

  [2m2026-04-19T18:15:39.585470Z[0m [34mDEBUG[0m [1;34mspotledger_db::schema[0m[34m: [34msync_user: fields loaded, [1;34mdoctype[0m[34m: Account Group, [1;34mfield_count[0m[34m: 9[0m
    [2;3mat[0m crates\spotledger-db\src\schema.rs:689

  [2m2026-04-19T18:15:39.586081Z[0m [34mDEBUG[0m [1;34mspotledger_db::schema[0m[34m: [34msync_user: executing field DDL, [1;34mdoctype[0m[34m: Account Group, [1;34mfield[0m[34m: group_name, [1;34msql[0m[34m: DEFINE FIELD OVERWRITE `group_name` ON TABLE `tabAccount_Group` TYPE option<string> PERMISSIONS FULL;[0m
    [2;3mat[0m crates\spotledger-db\src\schema.rs:741

  [2m2026-04-19T18:15:39.591667Z[0m [34mDEBUG[0m [1;34mspotledger_db::schema[0m[34m: [34msync_user: field DDL ok, [1;34mdoctype[0m[34m: Account Group, [1;34mfield[0m[34m: group_name[0m
    [2;3mat[0m crates\spotledger-db\src\schema.rs:746

  [2m2026-04-19T18:15:39.592350Z[0m [34mDEBUG[0m [1;34mspotledger_db::schema[0m[34m: [34msync_user: executing field DDL, [1;34mdoctype[0m[34m: Account Group, [1;34mfield[0m[34m: chart_of_accounts, [1;34msql[0m[34m: DEFINE FIELD OVERWRITE `chart_of_accounts` ON TABLE `tabAccount_Group` TYPE option<string> PERMISSIONS FULL;[0m
    [2;3mat[0m crates\spotledger-db\src\schema.rs:741

  [2m2026-04-19T18:15:39.595919Z[0m [34mDEBUG[0m [1;34mspotledger_db::schema[0m[34m: [34msync_user: field DDL ok, [1;34mdoctype[0m[34m: Account Group, [1;34mfield[0m[34m: chart_of_accounts[0m
    [2;3mat[0m crates\spotledger-db\src\schema.rs:746

  [2m2026-04-19T18:15:39.596767Z[0m [34mDEBUG[0m [1;34mspotledger_db::schema[0m[34m: [34msync_user: executing field DDL, [1;34mdoctype[0m[34m: Account Group, [1;34mfield[0m[34m: parent_group, [1;34msql[0m[34m: DEFINE FIELD OVERWRITE `parent_group` ON TABLE `tabAccount_Group` TYPE option<string> PERMISSIONS FULL;[0m
    [2;3mat[0m crates\spotledger-db\src\schema.rs:741

  [2m2026-04-19T18:15:39.600154Z[0m [34mDEBUG[0m [1;34mspotledger_db::schema[0m[34m: [34msync_user: field DDL ok, [1;34mdoctype[0m[34m: Account Group, [1;34mfield[0m[34m: parent_group[0m
    [2;3mat[0m crates\spotledger-db\src\schema.rs:746

  [2m2026-04-19T18:15:39.600769Z[0m [34mDEBUG[0m [1;34mspotledger_db::schema[0m[34m: [34msync_user: executing field DDL, [1;34mdoctype[0m[34m: Account Group, [1;34mfield[0m[34m: account_number_from, [1;34msql[0m[34m: DEFINE FIELD OVERWRITE `account_number_from` ON TABLE `tabAccount_Group` TYPE option<string> PERMISSIONS FULL;[0m
    [2;3mat[0m crates\spotledger-db\src\schema.rs:741

  [2m2026-04-19T18:15:39.603699Z[0m [34mDEBUG[0m [1;34mspotledger_db::schema[0m[34m: [34msync_user: field DDL ok, [1;34mdoctype[0m[34m: Account Group, [1;34mfield[0m[34m: account_number_from[0m
    [2;3mat[0m crates\spotledger-db\src\schema.rs:746

  [2m2026-04-19T18:15:39.604246Z[0m [34mDEBUG[0m [1;34mspotledger_db::schema[0m[34m: [34msync_user: executing field DDL, [1;34mdoctype[0m[34m: Account Group, [1;34mfield[0m[34m: account_number_to, [1;34msql[0m[34m: DEFINE FIELD OVERWRITE `account_number_to` ON TABLE `tabAccount_Group` TYPE option<string> PERMISSIONS FULL;[0m
    [2;3mat[0m crates\spotledger-db\src\schema.rs:741

  [2m2026-04-19T18:15:39.609019Z[0m [34mDEBUG[0m [1;34mspotledger_db::schema[0m[34m: [34msync_user: field DDL ok, [1;34mdoctype[0m[34m: Account Group, [1;34mfield[0m[34m: account_number_to[0m
    [2;3mat[0m crates\spotledger-db\src\schema.rs:746

  [2m2026-04-19T18:15:39.609679Z[0m [34mDEBUG[0m [1;34mspotledger_db::schema[0m[34m: [34msync_user: executing field DDL, [1;34mdoctype[0m[34m: Account Group, [1;34mfield[0m[34m: account_type_internal, [1;34msql[0m[34m: DEFINE FIELD OVERWRITE `account_type_internal` ON TABLE `tabAccount_Group` TYPE option<string> PERMISSIONS FULL;[0m
    [2;3mat[0m crates\spotledger-db\src\schema.rs:741

  [2m2026-04-19T18:15:39.612934Z[0m [34mDEBUG[0m [1;34mspotledger_db::schema[0m[34m: [34msync_user: field DDL ok, [1;34mdoctype[0m[34m: Account Group, [1;34mfield[0m[34m: account_type_internal[0m
    [2;3mat[0m crates\spotledger-db\src\schema.rs:746

  [2m2026-04-19T18:15:39.613460Z[0m [34mDEBUG[0m [1;34mspotledger_db::schema[0m[34m: [34msync_user: executing field DDL, [1;34mdoctype[0m[34m: Account Group, [1;34mfield[0m[34m: account_category, [1;34msql[0m[34m: DEFINE FIELD OVERWRITE `account_category` ON TABLE `tabAccount_Group` TYPE option<string> PERMISSIONS FULL;[0m
    [2;3mat[0m crates\spotledger-db\src\schema.rs:741

  [2m2026-04-19T18:15:39.616933Z[0m [34mDEBUG[0m [1;34mspotledger_db::schema[0m[34m: [34msync_user: field DDL ok, [1;34mdoctype[0m[34m: Account Group, [1;34mfield[0m[34m: account_category[0m
    [2;3mat[0m crates\spotledger-db\src\schema.rs:746

  [2m2026-04-19T18:15:39.617668Z[0m [34mDEBUG[0m [1;34mspotledger_db::schema[0m[34m: [34msync_user: executing field DDL, [1;34mdoctype[0m[34m: Account Group, [1;34mfield[0m[34m: party_required, [1;34msql[0m[34m: DEFINE FIELD OVERWRITE `party_required` ON TABLE `tabAccount_Group` TYPE none | int PERMISSIONS FULL DEFAULT 0;[0m
    [2;3mat[0m crates\spotledger-db\src\schema.rs:741

  [2m2026-04-19T18:15:39.620877Z[0m [34mDEBUG[0m [1;34mspotledger_db::schema[0m[34m: [34msync_user: field DDL ok, [1;34mdoctype[0m[34m: Account Group, [1;34mfield[0m[34m: party_required[0m
    [2;3mat[0m crates\spotledger-db\src\schema.rs:746

  [2m2026-04-19T18:15:39.621450Z[0m [34mDEBUG[0m [1;34mspotledger_db::schema[0m[34m: [34msync_user: executing field DDL, [1;34mdoctype[0m[34m: Account Group, [1;34mfield[0m[34m: description, [1;34msql[0m[34m: DEFINE FIELD OVERWRITE `description` ON TABLE `tabAccount_Group` TYPE option<string> PERMISSIONS FULL;[0m
    [2;3mat[0m crates\spotledger-db\src\schema.rs:741

  [2m2026-04-19T18:15:39.625804Z[0m [34mDEBUG[0m [1;34mspotledger_db::schema[0m[34m: [34msync_user: field DDL ok, [1;34mdoctype[0m[34m: Account Group, [1;34mfield[0m[34m: description[0m
    [2;3mat[0m crates\spotledger-db\src\schema.rs:746

  [2m2026-04-19T18:15:39.628952Z[0m [34mDEBUG[0m [1;34mspotledger_db::schema[0m[34m: [34msync_user: schema synced, [1;34mdoctype[0m[34m: Account Group[0m
    [2;3mat[0m crates\spotledger-db\src\schema.rs:762

  [2m2026-04-19T18:15:39.665756Z[0m [34mDEBUG[0m [1;34mspotledger_db::schema[0m[34m: [34msync_user: fields loaded, [1;34mdoctype[0m[34m: Accounting Period, [1;34mfield_count[0m[34m: 7[0m
    [2;3mat[0m crates\spotledger-db\src\schema.rs:689

  [2m2026-04-19T18:15:39.666344Z[0m [34mDEBUG[0m [1;34mspotledger_db::schema[0m[34m: [34msync_user: executing field DDL, [1;34mdoctype[0m[34m: Accounting Period, [1;34mfield[0m[34m: period_name, [1;34msql[0m[34m: DEFINE FIELD OVERWRITE `period_name` ON TABLE `tabAccounting_Period` TYPE option<string> PERMISSIONS FULL;[0m
    [2;3mat[0m crates\spotledger-db\src\schema.rs:741

  [2m2026-04-19T18:15:39.670114Z[0m [34mDEBUG[0m [1;34mspotledger_db::schema[0m[34m: [34msync_user: field DDL ok, [1;34mdoctype[0m[34m: Accounting Period, [1;34mfield[0m[34m: period_name[0m
    [2;3mat[0m crates\spotledger-db\src\schema.rs:746

  [2m2026-04-19T18:15:39.670774Z[0m [34mDEBUG[0m [1;34mspotledger_db::schema[0m[34m: [34msync_user: executing field DDL, [1;34mdoctype[0m[34m: Accounting Period, [1;34mfield[0m[34m: company, [1;34msql[0m[34m: DEFINE FIELD OVERWRITE `company` ON TABLE `tabAccounting_Period` TYPE option<string> PERMISSIONS FULL;[0m
    [2;3mat[0m crates\spotledger-db\src\schema.rs:741

  [2m2026-04-19T18:15:39.674538Z[0m [34mDEBUG[0m [1;34mspotledger_db::schema[0m[34m: [34msync_user: field DDL ok, [1;34mdoctype[0m[34m: Accounting Period, [1;34mfield[0m[34m: company[0m
    [2;3mat[0m crates\spotledger-db\src\schema.rs:746

  [2m2026-04-19T18:15:39.675146Z[0m [34mDEBUG[0m [1;34mspotledger_db::schema[0m[34m: [34msync_user: executing field DDL, [1;34mdoctype[0m[34m: Accounting Period, [1;34mfield[0m[34m: fiscal_year, [1;34msql[0m[34m: DEFINE FIELD OVERWRITE `fiscal_year` ON TABLE `tabAccounting_Period` TYPE option<string> PERMISSIONS FULL;[0m
    [2;3mat[0m crates\spotledger-db\src\schema.rs:741

  [2m2026-04-19T18:15:39.678475Z[0m [34mDEBUG[0m [1;34mspotledger_db::schema[0m[34m: [34msync_user: field DDL ok, [1;34mdoctype[0m[34m: Accounting Period, [1;34mfield[0m[34m: fiscal_year[0m
    [2;3mat[0m crates\spotledger-db\src\schema.rs:746

  [2m2026-04-19T18:15:39.679140Z[0m [34mDEBUG[0m [1;34mspotledger_db::schema[0m[34m: [34msync_user: executing field DDL, [1;34mdoctype[0m[34m: Accounting Period, [1;34mfield[0m[34m: start_date, [1;34msql[0m[34m: DEFINE FIELD OVERWRITE `start_date` ON TABLE `tabAccounting_Period` TYPE option<string> PERMISSIONS FULL;[0m
    [2;3mat[0m crates\spotledger-db\src\schema.rs:741

  [2m2026-04-19T18:15:39.682431Z[0m [34mDEBUG[0m [1;34mspotledger_db::schema[0m[34m: [34msync_user: field DDL ok, [1;34mdoctype[0m[34m: Accounting Period, [1;34mfield[0m[34m: start_date[0m
    [2;3mat[0m crates\spotledger-db\src\schema.rs:746

  [2m2026-04-19T18:15:39.683183Z[0m [34mDEBUG[0m [1;34mspotledger_db::schema[0m[34m: [34msync_user: executing field DDL, [1;34mdoctype[0m[34m: Accounting Period, [1;34mfield[0m[34m: end_date, [1;34msql[0m[34m: DEFINE FIELD OVERWRITE `end_date` ON TABLE `tabAccounting_Period` TYPE option<string> PERMISSIONS FULL;[0m
    [2;3mat[0m crates\spotledger-db\src\schema.rs:741

  [2m2026-04-19T18:15:39.686788Z[0m [34mDEBUG[0m [1;34mspotledger_db::schema[0m[34m: [34msync_user: field DDL ok, [1;34mdoctype[0m[34m: Accounting Period, [1;34mfield[0m[34m: end_date[0m
    [2;3mat[0m crates\spotledger-db\src\schema.rs:746

  [2m2026-04-19T18:15:39.687266Z[0m [34mDEBUG[0m [1;34mspotledger_db::schema[0m[34m: [34msync_user: executing field DDL, [1;34mdoctype[0m[34m: Accounting Period, [1;34mfield[0m[34m: period_number, [1;34msql[0m[34m: DEFINE FIELD OVERWRITE `period_number` ON TABLE `tabAccounting_Period` TYPE none | int PERMISSIONS FULL;[0m
    [2;3mat[0m crates\spotledger-db\src\schema.rs:741

  [2m2026-04-19T18:15:39.691454Z[0m [34mDEBUG[0m [1;34mspotledger_db::schema[0m[34m: [34msync_user: field DDL ok, [1;34mdoctype[0m[34m: Accounting Period, [1;34mfield[0m[34m: period_number[0m
    [2;3mat[0m crates\spotledger-db\src\schema.rs:746

  [2m2026-04-19T18:15:39.692681Z[0m [34mDEBUG[0m [1;34mspotledger_db::schema[0m[34m: [34msync_user: executing field DDL, [1;34mdoctype[0m[34m: Accounting Period, [1;34mfield[0m[34m: is_closed, [1;34msql[0m[34m: DEFINE FIELD OVERWRITE `is_closed` ON TABLE `tabAccounting_Period` TYPE none | int PERMISSIONS FULL DEFAULT 0;[0m
    [2;3mat[0m crates\spotledger-db\src\schema.rs:741

  [2m2026-04-19T18:15:39.696232Z[0m [34mDEBUG[0m [1;34mspotledger_db::schema[0m[34m: [34msync_user: field DDL ok, [1;34mdoctype[0m[34m: Accounting Period, [1;34mfield[0m[34m: is_closed[0m
    [2;3mat[0m crates\spotledger-db\src\schema.rs:746

  [2m2026-04-19T18:15:39.698704Z[0m [34mDEBUG[0m [1;34mspotledger_db::schema[0m[34m: [34msync_user: schema synced, [1;34mdoctype[0m[34m: Accounting Period[0m
    [2;3mat[0m crates\spotledger-db\src\schema.rs:762

  [2m2026-04-19T18:15:39.742151Z[0m [34mDEBUG[0m [1;34mspotledger_db::schema[0m[34m: [34msync_user: fields loaded, [1;34mdoctype[0m[34m: Address, [1;34mfield_count[0m[34m: 16[0m
    [2;3mat[0m crates\spotledger-db\src\schema.rs:689

  [2m2026-04-19T18:15:39.742775Z[0m [34mDEBUG[0m [1;34mspotledger_db::schema[0m[34m: [34msync_user: executing field DDL, [1;34mdoctype[0m[34m: Address, [1;34mfield[0m[34m: address_title, [1;34msql[0m[34m: DEFINE FIELD OVERWRITE `address_title` ON TABLE `tabAddress` TYPE option<string> PERMISSIONS FULL;[0m
    [2;3mat[0m crates\spotledger-db\src\schema.rs:741

  [2m2026-04-19T18:15:39.746564Z[0m [34mDEBUG[0m [1;34mspotledger_db::schema[0m[34m: [34msync_user: field DDL ok, [1;34mdoctype[0m[34m: Address, [1;34mfield[0m[34m: address_title[0m
    [2;3mat[0m crates\spotledger-db\src\schema.rs:746

  [2m2026-04-19T18:15:39.747050Z[0m [34mDEBUG[0m [1;34mspotledger_db::schema[0m[34m: [34msync_user: executing field DDL, [1;34mdoctype[0m[34m: Address, [1;34mfield[0m[34m: address_type, [1;34msql[0m[34m: DEFINE FIELD OVERWRITE `address_type` ON TABLE `tabAddress` TYPE option<string> PERMISSIONS FULL;[0m
    [2;3mat[0m crates\spotledger-db\src\schema.rs:741

  [2m2026-04-19T18:15:39.751449Z[0m [34mDEBUG[0m [1;34mspotledger_db::schema[0m[34m: [34msync_user: field DDL ok, [1;34mdoctype[0m[34m: Address, [1;34mfield[0m[34m: address_type[0m
    [2;3mat[0m crates\spotledger-db\src\schema.rs:746

  [2m2026-04-19T18:15:39.751868Z[0m [34mDEBUG[0m [1;34mspotledger_db::schema[0m[34m: [34msync_user: executing field DDL, [1;34mdoctype[0m[34m: Address, [1;34mfield[0m[34m: address_line1, [1;34msql[0m[34m: DEFINE FIELD OVERWRITE `address_line1` ON TABLE `tabAddress` TYPE option<string> PERMISSIONS FULL;[0m
    [2;3mat[0m crates\spotledger-db\src\schema.rs:741

  [2m2026-04-19T18:15:39.755235Z[0m [34mDEBUG[0m [1;34mspotledger_db::schema[0m[34m: [34msync_user: field DDL ok, [1;34mdoctype[0m[34m: Address, [1;34mfield[0m[34m: address_line1[0m
    [2;3mat[0m crates\spotledger-db\src\schema.rs:746

  [2m2026-04-19T18:15:39.755653Z[0m [34mDEBUG[0m [1;34mspotledger_db::schema[0m[34m: [34msync_user: executing field DDL, [1;34mdoctype[0m[34m: Address, [1;34mfield[0m[34m: address_line2, [1;34msql[0m[34m: DEFINE FIELD OVERWRITE `address_line2` ON TABLE `tabAddress` TYPE option<string> PERMISSIONS FULL;[0m
    [2;3mat[0m crates\spotledger-db\src\schema.rs:741

  [2m2026-04-19T18:15:39.762366Z[0m [34mDEBUG[0m [1;34mspotledger_db::schema[0m[34m: [34msync_user: field DDL ok, [1;34mdoctype[0m[34m: Address, [1;34mfield[0m[34m: address_line2[0m
    [2;3mat[0m crates\spotledger-db\src\schema.rs:746

  [2m2026-04-19T18:15:39.763017Z[0m [34mDEBUG[0m [1;34mspotledger_db::schema[0m[34m: [34msync_user: executing field DDL, [1;34mdoctype[0m[34m: Address, [1;34mfield[0m[34m: city, [1;34msql[0m[34m: DEFINE FIELD OVERWRITE `city` ON TABLE `tabAddress` TYPE option<string> PERMISSIONS FULL;[0m
    [2;3mat[0m crates\spotledger-db\src\schema.rs:741

  [2m2026-04-19T18:15:39.766197Z[0m [34mDEBUG[0m [1;34mspotledger_db::schema[0m[34m: [34msync_user: field DDL ok, [1;34mdoctype[0m[34m: Address, [1;34mfield[0m[34m: city[0m
    [2;3mat[0m crates\spotledger-db\src\schema.rs:746

  [2m2026-04-19T18:15:39.766709Z[0m [34mDEBUG[0m [1;34mspotledger_db::schema[0m[34m: [34msync_user: executing field DDL, [1;34mdoctype[0m[34m: Address, [1;34mfield[0m[34m: county, [1;34msql[0m[34m: DEFINE FIELD OVERWRITE `county` ON TABLE `tabAddress` TYPE option<string> PERMISSIONS FULL;[0m
    [2;3mat[0m crates\spotledger-db\src\schema.rs:741

  [2m2026-04-19T18:15:39.770083Z[0m [34mDEBUG[0m [1;34mspotledger_db::schema[0m[34m: [34msync_user: field DDL ok, [1;34mdoctype[0m[34m: Address, [1;34mfield[0m[34m: county[0m
    [2;3mat[0m crates\spotledger-db\src\schema.rs:746

  [2m2026-04-19T18:15:39.770559Z[0m [34mDEBUG[0m [1;34mspotledger_db::schema[0m[34m: [34msync_user: executing field DDL, [1;34mdoctype[0m[34m: Address, [1;34mfield[0m[34m: state, [1;34msql[0m[34m: DEFINE FIELD OVERWRITE `state` ON TABLE `tabAddress` TYPE option<string> PERMISSIONS FULL;[0m
    [2;3mat[0m crates\spotledger-db\src\schema.rs:741

  [2m2026-04-19T18:15:39.776408Z[0m [34mDEBUG[0m [1;34mspotledger_db::schema[0m[34m: [34msync_user: field DDL ok, [1;34mdoctype[0m[34m: Address, [1;34mfield[0m[34m: state[0m
    [2;3mat[0m crates\spotledger-db\src\schema.rs:746

  [2m2026-04-19T18:15:39.777210Z[0m [34mDEBUG[0m [1;34mspotledger_db::schema[0m[34m: [34msync_user: executing field DDL, [1;34mdoctype[0m[34m: Address, [1;34mfield[0m[34m: country, [1;34msql[0m[34m: DEFINE FIELD OVERWRITE `country` ON TABLE `tabAddress` TYPE option<string> PERMISSIONS FULL;[0m
    [2;3mat[0m crates\spotledger-db\src\schema.rs:741

  [2m2026-04-19T18:15:39.780958Z[0m [34mDEBUG[0m [1;34mspotledger_db::schema[0m[34m: [34msync_user: field DDL ok, [1;34mdoctype[0m[34m: Address, [1;34mfield[0m[34m: country[0m
    [2;3mat[0m crates\spotledger-db\src\schema.rs:746

  [2m2026-04-19T18:15:39.781361Z[0m [34mDEBUG[0m [1;34mspotledger_db::schema[0m[34m: [34msync_user: executing field DDL, [1;34mdoctype[0m[34m: Address, [1;34mfield[0m[34m: pincode, [1;34msql[0m[34m: DEFINE FIELD OVERWRITE `pincode` ON TABLE `tabAddress` TYPE option<string> PERMISSIONS FULL;[0m
    [2;3mat[0m crates\spotledger-db\src\schema.rs:741

  [2m2026-04-19T18:15:39.785161Z[0m [34mDEBUG[0m [1;34mspotledger_db::schema[0m[34m: [34msync_user: field DDL ok, [1;34mdoctype[0m[34m: Address, [1;34mfield[0m[34m: pincode[0m
    [2;3mat[0m crates\spotledger-db\src\schema.rs:746

  [2m2026-04-19T18:15:39.785704Z[0m [34mDEBUG[0m [1;34mspotledger_db::schema[0m[34m: [34msync_user: executing field DDL, [1;34mdoctype[0m[34m: Address, [1;34mfield[0m[34m: email_id, [1;34msql[0m[34m: DEFINE FIELD OVERWRITE `email_id` ON TABLE `tabAddress` TYPE option<string> PERMISSIONS FULL;[0m
    [2;3mat[0m crates\spotledger-db\src\schema.rs:741

  [2m2026-04-19T18:15:39.792803Z[0m [34mDEBUG[0m [1;34mspotledger_db::schema[0m[34m: [34msync_user: field DDL ok, [1;34mdoctype[0m[34m: Address, [1;34mfield[0m[34m: email_id[0m
    [2;3mat[0m crates\spotledger-db\src\schema.rs:746

  [2m2026-04-19T18:15:39.793544Z[0m [34mDEBUG[0m [1;34mspotledger_db::schema[0m[34m: [34msync_user: executing field DDL, [1;34mdoctype[0m[34m: Address, [1;34mfield[0m[34m: phone, [1;34msql[0m[34m: DEFINE FIELD OVERWRITE `phone` ON TABLE `tabAddress` TYPE option<string> PERMISSIONS FULL;[0m
    [2;3mat[0m crates\spotledger-db\src\schema.rs:741

  [2m2026-04-19T18:15:39.797229Z[0m [34mDEBUG[0m [1;34mspotledger_db::schema[0m[34m: [34msync_user: field DDL ok, [1;34mdoctype[0m[34m: Address, [1;34mfield[0m[34m: phone[0m
    [2;3mat[0m crates\spotledger-db\src\schema.rs:746

  [2m2026-04-19T18:15:39.797643Z[0m [34mDEBUG[0m [1;34mspotledger_db::schema[0m[34m: [34msync_user: executing field DDL, [1;34mdoctype[0m[34m: Address, [1;34mfield[0m[34m: fax, [1;34msql[0m[34m: DEFINE FIELD OVERWRITE `fax` ON TABLE `tabAddress` TYPE option<string> PERMISSIONS FULL;[0m
    [2;3mat[0m crates\spotledger-db\src\schema.rs:741

  [2m2026-04-19T18:15:39.801005Z[0m [34mDEBUG[0m [1;34mspotledger_db::schema[0m[34m: [34msync_user: field DDL ok, [1;34mdoctype[0m[34m: Address, [1;34mfield[0m[34m: fax[0m
    [2;3mat[0m crates\spotledger-db\src\schema.rs:746

  [2m2026-04-19T18:15:39.801396Z[0m [34mDEBUG[0m [1;34mspotledger_db::schema[0m[34m: [34msync_user: executing field DDL, [1;34mdoctype[0m[34m: Address, [1;34mfield[0m[34m: is_primary_address, [1;34msql[0m[34m: DEFINE FIELD OVERWRITE `is_primary_address` ON TABLE `tabAddress` TYPE none | int PERMISSIONS FULL DEFAULT 0;[0m
    [2;3mat[0m crates\spotledger-db\src\schema.rs:741

  [2m2026-04-19T18:15:39.804632Z[0m [34mDEBUG[0m [1;34mspotledger_db::schema[0m[34m: [34msync_user: field DDL ok, [1;34mdoctype[0m[34m: Address, [1;34mfield[0m[34m: is_primary_address[0m
    [2;3mat[0m crates\spotledger-db\src\schema.rs:746

  [2m2026-04-19T18:15:39.805140Z[0m [34mDEBUG[0m [1;34mspotledger_db::schema[0m[34m: [34msync_user: executing field DDL, [1;34mdoctype[0m[34m: Address, [1;34mfield[0m[34m: is_shipping_address, [1;34msql[0m[34m: DEFINE FIELD OVERWRITE `is_shipping_address` ON TABLE `tabAddress` TYPE none | int PERMISSIONS FULL DEFAULT 0;[0m
    [2;3mat[0m crates\spotledger-db\src\schema.rs:741

  [2m2026-04-19T18:15:39.811031Z[0m [34mDEBUG[0m [1;34mspotledger_db::schema[0m[34m: [34msync_user: field DDL ok, [1;34mdoctype[0m[34m: Address, [1;34mfield[0m[34m: is_shipping_address[0m
    [2;3mat[0m crates\spotledger-db\src\schema.rs:746

  [2m2026-04-19T18:15:39.811540Z[0m [34mDEBUG[0m [1;34mspotledger_db::schema[0m[34m: [34msync_user: executing field DDL, [1;34mdoctype[0m[34m: Address, [1;34mfield[0m[34m: disabled, [1;34msql[0m[34m: DEFINE FIELD OVERWRITE `disabled` ON TABLE `tabAddress` TYPE none | int PERMISSIONS FULL DEFAULT 0;[0m
    [2;3mat[0m crates\spotledger-db\src\schema.rs:741

  [2m2026-04-19T18:15:39.815033Z[0m [34mDEBUG[0m [1;34mspotledger_db::schema[0m[34m: [34msync_user: field DDL ok, [1;34mdoctype[0m[34m: Address, [1;34mfield[0m[34m: disabled[0m
    [2;3mat[0m crates\spotledger-db\src\schema.rs:746

  [2m2026-04-19T18:15:39.815494Z[0m [34mDEBUG[0m [1;34mspotledger_db::schema[0m[34m: [34msync_user: executing field DDL, [1;34mdoctype[0m[34m: Address, [1;34mfield[0m[34m: links, [1;34msql[0m[34m: DEFINE FIELD OVERWRITE `links` ON TABLE `tabAddress` TYPE array<any> PERMISSIONS FULL;[0m
    [2;3mat[0m crates\spotledger-db\src\schema.rs:741

  [2m2026-04-19T18:15:39.818858Z[0m [34mDEBUG[0m [1;34mspotledger_db::schema[0m[34m: [34msync_user: field DDL ok, [1;34mdoctype[0m[34m: Address, [1;34mfield[0m[34m: links[0m
    [2;3mat[0m crates\spotledger-db\src\schema.rs:746

  [2m2026-04-19T18:15:39.821890Z[0m [34mDEBUG[0m [1;34mspotledger_db::schema[0m[34m: [34msync_user: schema synced, [1;34mdoctype[0m[34m: Address[0m
    [2;3mat[0m crates\spotledger-db\src\schema.rs:762

  [2m2026-04-19T18:15:39.863112Z[0m [34mDEBUG[0m [1;34mspotledger_db::schema[0m[34m: [34msync_user: fields loaded, [1;34mdoctype[0m[34m: Auto Repeat, [1;34mfield_count[0m[34m: 18[0m
    [2;3mat[0m crates\spotledger-db\src\schema.rs:689

  [2m2026-04-19T18:15:39.863830Z[0m [34mDEBUG[0m [1;34mspotledger_db::schema[0m[34m: [34msync_user: executing field DDL, [1;34mdoctype[0m[34m: Auto Repeat, [1;34mfield[0m[34m: reference_doctype, [1;34msql[0m[34m: DEFINE FIELD OVERWRITE `reference_doctype` ON TABLE `tabAuto_Repeat` TYPE option<string> PERMISSIONS FULL;[0m
    [2;3mat[0m crates\spotledger-db\src\schema.rs:741

  [2m2026-04-19T18:15:39.867322Z[0m [34mDEBUG[0m [1;34mspotledger_db::schema[0m[34m: [34msync_user: field DDL ok, [1;34mdoctype[0m[34m: Auto Repeat, [1;34mfield[0m[34m: reference_doctype[0m
    [2;3mat[0m crates\spotledger-db\src\schema.rs:746

  [2m2026-04-19T18:15:39.867770Z[0m [34mDEBUG[0m [1;34mspotledger_db::schema[0m[34m: [34msync_user: executing field DDL, [1;34mdoctype[0m[34m: Auto Repeat, [1;34mfield[0m[34m: reference_document, [1;34msql[0m[34m: DEFINE FIELD OVERWRITE `reference_document` ON TABLE `tabAuto_Repeat` TYPE option<string> PERMISSIONS FULL;[0m
    [2;3mat[0m crates\spotledger-db\src\schema.rs:741

  [2m2026-04-19T18:15:39.871408Z[0m [34mDEBUG[0m [1;34mspotledger_db::schema[0m[34m: [34msync_user: field DDL ok, [1;34mdoctype[0m[34m: Auto Repeat, [1;34mfield[0m[34m: reference_document[0m
    [2;3mat[0m crates\spotledger-db\src\schema.rs:746

  [2m2026-04-19T18:15:39.871889Z[0m [34mDEBUG[0m [1;34mspotledger_db::schema[0m[34m: [34msync_user: executing field DDL, [1;34mdoctype[0m[34m: Auto Repeat, [1;34mfield[0m[34m: submit_on_creation, [1;34msql[0m[34m: DEFINE FIELD OVERWRITE `submit_on_creation` ON TABLE `tabAuto_Repeat` TYPE none | int PERMISSIONS FULL DEFAULT 0;[0m
    [2;3mat[0m crates\spotledger-db\src\schema.rs:741

  [2m2026-04-19T18:15:39.876120Z[0m [34mDEBUG[0m [1;34mspotledger_db::schema[0m[34m: [34msync_user: field DDL ok, [1;34mdoctype[0m[34m: Auto Repeat, [1;34mfield[0m[34m: submit_on_creation[0m
    [2;3mat[0m crates\spotledger-db\src\schema.rs:746

  [2m2026-04-19T18:15:39.876530Z[0m [34mDEBUG[0m [1;34mspotledger_db::schema[0m[34m: [34msync_user: executing field DDL, [1;34mdoctype[0m[34m: Auto Repeat, [1;34mfield[0m[34m: start_date, [1;34msql[0m[34m: DEFINE FIELD OVERWRITE `start_date` ON TABLE `tabAuto_Repeat` TYPE option<string> PERMISSIONS FULL;[0m
    [2;3mat[0m crates\spotledger-db\src\schema.rs:741

  [2m2026-04-19T18:15:39.880062Z[0m [34mDEBUG[0m [1;34mspotledger_db::schema[0m[34m: [34msync_user: field DDL ok, [1;34mdoctype[0m[34m: Auto Repeat, [1;34mfield[0m[34m: start_date[0m
    [2;3mat[0m crates\spotledger-db\src\schema.rs:746

  [2m2026-04-19T18:15:39.880666Z[0m [34mDEBUG[0m [1;34mspotledger_db::schema[0m[34m: [34msync_user: executing field DDL, [1;34mdoctype[0m[34m: Auto Repeat, [1;34mfield[0m[34m: end_date, [1;34msql[0m[34m: DEFINE FIELD OVERWRITE `end_date` ON TABLE `tabAuto_Repeat` TYPE option<string> PERMISSIONS FULL;[0m
    [2;3mat[0m crates\spotledger-db\src\schema.rs:741

  [2m2026-04-19T18:15:39.884022Z[0m [34mDEBUG[0m [1;34mspotledger_db::schema[0m[34m: [34msync_user: field DDL ok, [1;34mdoctype[0m[34m: Auto Repeat, [1;34mfield[0m[34m: end_date[0m
    [2;3mat[0m crates\spotledger-db\src\schema.rs:746

  [2m2026-04-19T18:15:39.884487Z[0m [34mDEBUG[0m [1;34mspotledger_db::schema[0m[34m: [34msync_user: executing field DDL, [1;34mdoctype[0m[34m: Auto Repeat, [1;34mfield[0m[34m: disabled, [1;34msql[0m[34m: DEFINE FIELD OVERWRITE `disabled` ON TABLE `tabAuto_Repeat` TYPE none | int PERMISSIONS FULL DEFAULT 0;[0m
    [2;3mat[0m crates\spotledger-db\src\schema.rs:741

  [2m2026-04-19T18:15:39.887748Z[0m [34mDEBUG[0m [1;34mspotledger_db::schema[0m[34m: [34msync_user: field DDL ok, [1;34mdoctype[0m[34m: Auto Repeat, [1;34mfield[0m[34m: disabled[0m
    [2;3mat[0m crates\spotledger-db\src\schema.rs:746

  [2m2026-04-19T18:15:39.888310Z[0m [34mDEBUG[0m [1;34mspotledger_db::schema[0m[34m: [34msync_user: executing field DDL, [1;34mdoctype[0m[34m: Auto Repeat, [1;34mfield[0m[34m: frequency, [1;34msql[0m[34m: DEFINE FIELD OVERWRITE `frequency` ON TABLE `tabAuto_Repeat` TYPE option<string> PERMISSIONS FULL;[0m
    [2;3mat[0m crates\spotledger-db\src\schema.rs:741

  [2m2026-04-19T18:15:39.892502Z[0m [34mDEBUG[0m [1;34mspotledger_db::schema[0m[34m: [34msync_user: field DDL ok, [1;34mdoctype[0m[34m: Auto Repeat, [1;34mfield[0m[34m: frequency[0m
    [2;3mat[0m crates\spotledger-db\src\schema.rs:746

  [2m2026-04-19T18:15:39.892884Z[0m [34mDEBUG[0m [1;34mspotledger_db::schema[0m[34m: [34msync_user: executing field DDL, [1;34mdoctype[0m[34m: Auto Repeat, [1;34mfield[0m[34m: repeat_on_day, [1;34msql[0m[34m: DEFINE FIELD OVERWRITE `repeat_on_day` ON TABLE `tabAuto_Repeat` TYPE none | int PERMISSIONS FULL;[0m
    [2;3mat[0m crates\spotledger-db\src\schema.rs:741

  [2m2026-04-19T18:15:39.896495Z[0m [34mDEBUG[0m [1;34mspotledger_db::schema[0m[34m: [34msync_user: field DDL ok, [1;34mdoctype[0m[34m: Auto Repeat, [1;34mfield[0m[34m: repeat_on_day[0m
    [2;3mat[0m crates\spotledger-db\src\schema.rs:746

  [2m2026-04-19T18:15:39.896873Z[0m [34mDEBUG[0m [1;34mspotledger_db::schema[0m[34m: [34msync_user: executing field DDL, [1;34mdoctype[0m[34m: Auto Repeat, [1;34mfield[0m[34m: repeat_on_last_day, [1;34msql[0m[34m: DEFINE FIELD OVERWRITE `repeat_on_last_day` ON TABLE `tabAuto_Repeat` TYPE none | int PERMISSIONS FULL DEFAULT 0;[0m
    [2;3mat[0m crates\spotledger-db\src\schema.rs:741

  [2m2026-04-19T18:15:39.900681Z[0m [34mDEBUG[0m [1;34mspotledger_db::schema[0m[34m: [34msync_user: field DDL ok, [1;34mdoctype[0m[34m: Auto Repeat, [1;34mfield[0m[34m: repeat_on_last_day[0m
    [2;3mat[0m crates\spotledger-db\src\schema.rs:746

  [2m2026-04-19T18:15:39.901022Z[0m [34mDEBUG[0m [1;34mspotledger_db::schema[0m[34m: [34msync_user: executing field DDL, [1;34mdoctype[0m[34m: Auto Repeat, [1;34mfield[0m[34m: next_schedule_date, [1;34msql[0m[34m: DEFINE FIELD OVERWRITE `next_schedule_date` ON TABLE `tabAuto_Repeat` TYPE option<string> PERMISSIONS FULL;[0m
    [2;3mat[0m crates\spotledger-db\src\schema.rs:741

  [2m2026-04-19T18:15:39.904630Z[0m [34mDEBUG[0m [1;34mspotledger_db::schema[0m[34m: [34msync_user: field DDL ok, [1;34mdoctype[0m[34m: Auto Repeat, [1;34mfield[0m[34m: next_schedule_date[0m
    [2;3mat[0m crates\spotledger-db\src\schema.rs:746

  [2m2026-04-19T18:15:39.905095Z[0m [34mDEBUG[0m [1;34mspotledger_db::schema[0m[34m: [34msync_user: executing field DDL, [1;34mdoctype[0m[34m: Auto Repeat, [1;34mfield[0m[34m: notify_by_email, [1;34msql[0m[34m: DEFINE FIELD OVERWRITE `notify_by_email` ON TABLE `tabAuto_Repeat` TYPE none | int PERMISSIONS FULL DEFAULT 0;[0m
    [2;3mat[0m crates\spotledger-db\src\schema.rs:741

  [2m2026-04-19T18:15:39.909636Z[0m [34mDEBUG[0m [1;34mspotledger_db::schema[0m[34m: [34msync_user: field DDL ok, [1;34mdoctype[0m[34m: Auto Repeat, [1;34mfield[0m[34m: notify_by_email[0m
    [2;3mat[0m crates\spotledger-db\src\schema.rs:746

  [2m2026-04-19T18:15:39.910081Z[0m [34mDEBUG[0m [1;34mspotledger_db::schema[0m[34m: [34msync_user: executing field DDL, [1;34mdoctype[0m[34m: Auto Repeat, [1;34mfield[0m[34m: recipients, [1;34msql[0m[34m: DEFINE FIELD OVERWRITE `recipients` ON TABLE `tabAuto_Repeat` TYPE option<string> PERMISSIONS FULL;[0m
    [2;3mat[0m crates\spotledger-db\src\schema.rs:741

  [2m2026-04-19T18:15:39.913666Z[0m [34mDEBUG[0m [1;34mspotledger_db::schema[0m[34m: [34msync_user: field DDL ok, [1;34mdoctype[0m[34m: Auto Repeat, [1;34mfield[0m[34m: recipients[0m
    [2;3mat[0m crates\spotledger-db\src\schema.rs:746

  [2m2026-04-19T18:15:39.914084Z[0m [34mDEBUG[0m [1;34mspotledger_db::schema[0m[34m: [34msync_user: executing field DDL, [1;34mdoctype[0m[34m: Auto Repeat, [1;34mfield[0m[34m: template, [1;34msql[0m[34m: DEFINE FIELD OVERWRITE `template` ON TABLE `tabAuto_Repeat` TYPE option<string> PERMISSIONS FULL;[0m
    [2;3mat[0m crates\spotledger-db\src\schema.rs:741

  [2m2026-04-19T18:15:39.918065Z[0m [34mDEBUG[0m [1;34mspotledger_db::schema[0m[34m: [34msync_user: field DDL ok, [1;34mdoctype[0m[34m: Auto Repeat, [1;34mfield[0m[34m: template[0m
    [2;3mat[0m crates\spotledger-db\src\schema.rs:746

  [2m2026-04-19T18:15:39.919162Z[0m [34mDEBUG[0m [1;34mspotledger_db::schema[0m[34m: [34msync_user: executing field DDL, [1;34mdoctype[0m[34m: Auto Repeat, [1;34mfield[0m[34m: subject, [1;34msql[0m[34m: DEFINE FIELD OVERWRITE `subject` ON TABLE `tabAuto_Repeat` TYPE option<string> PERMISSIONS FULL;[0m
    [2;3mat[0m crates\spotledger-db\src\schema.rs:741

  [2m2026-04-19T18:15:39.924483Z[0m [34mDEBUG[0m [1;34mspotledger_db::schema[0m[34m: [34msync_user: field DDL ok, [1;34mdoctype[0m[34m: Auto Repeat, [1;34mfield[0m[34m: subject[0m
    [2;3mat[0m crates\spotledger-db\src\schema.rs:746

  [2m2026-04-19T18:15:39.925136Z[0m [34mDEBUG[0m [1;34mspotledger_db::schema[0m[34m: [34msync_user: executing field DDL, [1;34mdoctype[0m[34m: Auto Repeat, [1;34mfield[0m[34m: message, [1;34msql[0m[34m: DEFINE FIELD OVERWRITE `message` ON TABLE `tabAuto_Repeat` TYPE option<string> PERMISSIONS FULL;[0m
    [2;3mat[0m crates\spotledger-db\src\schema.rs:741

  [2m2026-04-19T18:15:39.928685Z[0m [34mDEBUG[0m [1;34mspotledger_db::schema[0m[34m: [34msync_user: field DDL ok, [1;34mdoctype[0m[34m: Auto Repeat, [1;34mfield[0m[34m: message[0m
    [2;3mat[0m crates\spotledger-db\src\schema.rs:746

  [2m2026-04-19T18:15:39.929128Z[0m [34mDEBUG[0m [1;34mspotledger_db::schema[0m[34m: [34msync_user: executing field DDL, [1;34mdoctype[0m[34m: Auto Repeat, [1;34mfield[0m[34m: print_format, [1;34msql[0m[34m: DEFINE FIELD OVERWRITE `print_format` ON TABLE `tabAuto_Repeat` TYPE option<string> PERMISSIONS FULL;[0m
    [2;3mat[0m crates\spotledger-db\src\schema.rs:741

  [2m2026-04-19T18:15:39.932290Z[0m [34mDEBUG[0m [1;34mspotledger_db::schema[0m[34m: [34msync_user: field DDL ok, [1;34mdoctype[0m[34m: Auto Repeat, [1;34mfield[0m[34m: print_format[0m
    [2;3mat[0m crates\spotledger-db\src\schema.rs:746

  [2m2026-04-19T18:15:39.932805Z[0m [34mDEBUG[0m [1;34mspotledger_db::schema[0m[34m: [34msync_user: executing field DDL, [1;34mdoctype[0m[34m: Auto Repeat, [1;34mfield[0m[34m: status, [1;34msql[0m[34m: DEFINE FIELD OVERWRITE `status` ON TABLE `tabAuto_Repeat` TYPE option<string> PERMISSIONS FULL;[0m
    [2;3mat[0m crates\spotledger-db\src\schema.rs:741

  [2m2026-04-19T18:15:39.936650Z[0m [34mDEBUG[0m [1;34mspotledger_db::schema[0m[34m: [34msync_user: field DDL ok, [1;34mdoctype[0m[34m: Auto Repeat, [1;34mfield[0m[34m: status[0m
    [2;3mat[0m crates\spotledger-db\src\schema.rs:746

  [2m2026-04-19T18:15:39.937123Z[0m [34mDEBUG[0m [1;34mspotledger_db::schema[0m[34m: [34msync_user: executing field DDL, [1;34mdoctype[0m[34m: Auto Repeat, [1;34mfield[0m[34m: repeat_on_days, [1;34msql[0m[34m: DEFINE FIELD OVERWRITE `repeat_on_days` ON TABLE `tabAuto_Repeat` TYPE array<any> PERMISSIONS FULL;[0m
    [2;3mat[0m crates\spotledger-db\src\schema.rs:741

  [2m2026-04-19T18:15:39.941650Z[0m [34mDEBUG[0m [1;34mspotledger_db::schema[0m[34m: [34msync_user: field DDL ok, [1;34mdoctype[0m[34m: Auto Repeat, [1;34mfield[0m[34m: repeat_on_days[0m
    [2;3mat[0m crates\spotledger-db\src\schema.rs:746

  [2m2026-04-19T18:15:39.944907Z[0m [34mDEBUG[0m [1;34mspotledger_db::schema[0m[34m: [34msync_user: schema synced, [1;34mdoctype[0m[34m: Auto Repeat[0m
    [2;3mat[0m crates\spotledger-db\src\schema.rs:762

  [2m2026-04-19T18:15:39.982627Z[0m [34mDEBUG[0m [1;34mspotledger_db::schema[0m[34m: [34msync_user: fields loaded, [1;34mdoctype[0m[34m: Casual Party, [1;34mfield_count[0m[34m: 5[0m
    [2;3mat[0m crates\spotledger-db\src\schema.rs:689

  [2m2026-04-19T18:15:39.983234Z[0m [34mDEBUG[0m [1;34mspotledger_db::schema[0m[34m: [34msync_user: executing field DDL, [1;34mdoctype[0m[34m: Casual Party, [1;34mfield[0m[34m: party_name, [1;34msql[0m[34m: DEFINE FIELD OVERWRITE `party_name` ON TABLE `tabCasual_Party` TYPE option<string> PERMISSIONS FULL;[0m
    [2;3mat[0m crates\spotledger-db\src\schema.rs:741

  [2m2026-04-19T18:15:39.986826Z[0m [34mDEBUG[0m [1;34mspotledger_db::schema[0m[34m: [34msync_user: field DDL ok, [1;34mdoctype[0m[34m: Casual Party, [1;34mfield[0m[34m: party_name[0m
    [2;3mat[0m crates\spotledger-db\src\schema.rs:746

  [2m2026-04-19T18:15:39.987178Z[0m [34mDEBUG[0m [1;34mspotledger_db::schema[0m[34m: [34msync_user: executing field DDL, [1;34mdoctype[0m[34m: Casual Party, [1;34mfield[0m[34m: company, [1;34msql[0m[34m: DEFINE FIELD OVERWRITE `company` ON TABLE `tabCasual_Party` TYPE option<string> PERMISSIONS FULL;[0m
    [2;3mat[0m crates\spotledger-db\src\schema.rs:741

  [2m2026-04-19T18:15:39.991440Z[0m [34mDEBUG[0m [1;34mspotledger_db::schema[0m[34m: [34msync_user: field DDL ok, [1;34mdoctype[0m[34m: Casual Party, [1;34mfield[0m[34m: company[0m
    [2;3mat[0m crates\spotledger-db\src\schema.rs:746

  [2m2026-04-19T18:15:39.991903Z[0m [34mDEBUG[0m [1;34mspotledger_db::schema[0m[34m: [34msync_user: executing field DDL, [1;34mdoctype[0m[34m: Casual Party, [1;34mfield[0m[34m: default_account, [1;34msql[0m[34m: DEFINE FIELD OVERWRITE `default_account` ON TABLE `tabCasual_Party` TYPE option<string> PERMISSIONS FULL;[0m
    [2;3mat[0m crates\spotledger-db\src\schema.rs:741

  [2m2026-04-19T18:15:39.994995Z[0m [34mDEBUG[0m [1;34mspotledger_db::schema[0m[34m: [34msync_user: field DDL ok, [1;34mdoctype[0m[34m: Casual Party, [1;34mfield[0m[34m: default_account[0m
    [2;3mat[0m crates\spotledger-db\src\schema.rs:746

  [2m2026-04-19T18:15:39.995376Z[0m [34mDEBUG[0m [1;34mspotledger_db::schema[0m[34m: [34msync_user: executing field DDL, [1;34mdoctype[0m[34m: Casual Party, [1;34mfield[0m[34m: phone, [1;34msql[0m[34m: DEFINE FIELD OVERWRITE `phone` ON TABLE `tabCasual_Party` TYPE option<string> PERMISSIONS FULL;[0m
    [2;3mat[0m crates\spotledger-db\src\schema.rs:741

  [2m2026-04-19T18:15:39.998670Z[0m [34mDEBUG[0m [1;34mspotledger_db::schema[0m[34m: [34msync_user: field DDL ok, [1;34mdoctype[0m[34m: Casual Party, [1;34mfield[0m[34m: phone[0m
    [2;3mat[0m crates\spotledger-db\src\schema.rs:746

  [2m2026-04-19T18:15:39.999261Z[0m [34mDEBUG[0m [1;34mspotledger_db::schema[0m[34m: [34msync_user: executing field DDL, [1;34mdoctype[0m[34m: Casual Party, [1;34mfield[0m[34m: remarks, [1;34msql[0m[34m: DEFINE FIELD OVERWRITE `remarks` ON TABLE `tabCasual_Party` TYPE option<string> PERMISSIONS FULL;[0m
    [2;3mat[0m crates\spotledger-db\src\schema.rs:741

  [2m2026-04-19T18:15:40.002621Z[0m [34mDEBUG[0m [1;34mspotledger_db::schema[0m[34m: [34msync_user: field DDL ok, [1;34mdoctype[0m[34m: Casual Party, [1;34mfield[0m[34m: remarks[0m
    [2;3mat[0m crates\spotledger-db\src\schema.rs:746

  [2m2026-04-19T18:15:40.005515Z[0m [34mDEBUG[0m [1;34mspotledger_db::schema[0m[34m: [34msync_user: schema synced, [1;34mdoctype[0m[34m: Casual Party[0m
    [2;3mat[0m crates\spotledger-db\src\schema.rs:762

  [2m2026-04-19T18:15:40.044130Z[0m [34mDEBUG[0m [1;34mspotledger_db::schema[0m[34m: [34msync_user: fields loaded, [1;34mdoctype[0m[34m: Chart of Accounts, [1;34mfield_count[0m[34m: 3[0m
    [2;3mat[0m crates\spotledger-db\src\schema.rs:689

  [2m2026-04-19T18:15:40.044660Z[0m [34mDEBUG[0m [1;34mspotledger_db::schema[0m[34m: [34msync_user: executing field DDL, [1;34mdoctype[0m[34m: Chart of Accounts, [1;34mfield[0m[34m: coa_name, [1;34msql[0m[34m: DEFINE FIELD OVERWRITE `coa_name` ON TABLE `tabChart_of_Accounts` TYPE option<string> PERMISSIONS FULL;[0m
    [2;3mat[0m crates\spotledger-db\src\schema.rs:741

  [2m2026-04-19T18:15:40.047722Z[0m [34mDEBUG[0m [1;34mspotledger_db::schema[0m[34m: [34msync_user: field DDL ok, [1;34mdoctype[0m[34m: Chart of Accounts, [1;34mfield[0m[34m: coa_name[0m
    [2;3mat[0m crates\spotledger-db\src\schema.rs:746

  [2m2026-04-19T18:15:40.048453Z[0m [34mDEBUG[0m [1;34mspotledger_db::schema[0m[34m: [34msync_user: executing field DDL, [1;34mdoctype[0m[34m: Chart of Accounts, [1;34mfield[0m[34m: currency, [1;34msql[0m[34m: DEFINE FIELD OVERWRITE `currency` ON TABLE `tabChart_of_Accounts` TYPE option<string> PERMISSIONS FULL;[0m
    [2;3mat[0m crates\spotledger-db\src\schema.rs:741

  [2m2026-04-19T18:15:40.051829Z[0m [34mDEBUG[0m [1;34mspotledger_db::schema[0m[34m: [34msync_user: field DDL ok, [1;34mdoctype[0m[34m: Chart of Accounts, [1;34mfield[0m[34m: currency[0m
    [2;3mat[0m crates\spotledger-db\src\schema.rs:746

  [2m2026-04-19T18:15:40.052402Z[0m [34mDEBUG[0m [1;34mspotledger_db::schema[0m[34m: [34msync_user: executing field DDL, [1;34mdoctype[0m[34m: Chart of Accounts, [1;34mfield[0m[34m: description, [1;34msql[0m[34m: DEFINE FIELD OVERWRITE `description` ON TABLE `tabChart_of_Accounts` TYPE option<string> PERMISSIONS FULL;[0m
    [2;3mat[0m crates\spotledger-db\src\schema.rs:741

  [2m2026-04-19T18:15:40.055649Z[0m [34mDEBUG[0m [1;34mspotledger_db::schema[0m[34m: [34msync_user: field DDL ok, [1;34mdoctype[0m[34m: Chart of Accounts, [1;34mfield[0m[34m: description[0m
    [2;3mat[0m crates\spotledger-db\src\schema.rs:746

  [2m2026-04-19T18:15:40.060381Z[0m [34mDEBUG[0m [1;34mspotledger_db::schema[0m[34m: [34msync_user: schema synced, [1;34mdoctype[0m[34m: Chart of Accounts[0m
    [2;3mat[0m crates\spotledger-db\src\schema.rs:762

  [2m2026-04-19T18:15:40.097930Z[0m [34mDEBUG[0m [1;34mspotledger_db::schema[0m[34m: [34msync_user: fields loaded, [1;34mdoctype[0m[34m: Company, [1;34mfield_count[0m[34m: 14[0m
    [2;3mat[0m crates\spotledger-db\src\schema.rs:689

  [2m2026-04-19T18:15:40.098682Z[0m [34mDEBUG[0m [1;34mspotledger_db::schema[0m[34m: [34msync_user: executing field DDL, [1;34mdoctype[0m[34m: Company, [1;34mfield[0m[34m: company_name, [1;34msql[0m[34m: DEFINE FIELD OVERWRITE `company_name` ON TABLE `tabCompany` TYPE option<string> PERMISSIONS FULL;[0m
    [2;3mat[0m crates\spotledger-db\src\schema.rs:741

  [2m2026-04-19T18:15:40.102560Z[0m [34mDEBUG[0m [1;34mspotledger_db::schema[0m[34m: [34msync_user: field DDL ok, [1;34mdoctype[0m[34m: Company, [1;34mfield[0m[34m: company_name[0m
    [2;3mat[0m crates\spotledger-db\src\schema.rs:746

  [2m2026-04-19T18:15:40.103153Z[0m [34mDEBUG[0m [1;34mspotledger_db::schema[0m[34m: [34msync_user: executing field DDL, [1;34mdoctype[0m[34m: Company, [1;34mfield[0m[34m: abbr, [1;34msql[0m[34m: DEFINE FIELD OVERWRITE `abbr` ON TABLE `tabCompany` TYPE option<string> PERMISSIONS FULL;[0m
    [2;3mat[0m crates\spotledger-db\src\schema.rs:741

  [2m2026-04-19T18:15:40.107568Z[0m [34mDEBUG[0m [1;34mspotledger_db::schema[0m[34m: [34msync_user: field DDL ok, [1;34mdoctype[0m[34m: Company, [1;34mfield[0m[34m: abbr[0m
    [2;3mat[0m crates\spotledger-db\src\schema.rs:746

  [2m2026-04-19T18:15:40.108065Z[0m [34mDEBUG[0m [1;34mspotledger_db::schema[0m[34m: [34msync_user: executing field DDL, [1;34mdoctype[0m[34m: Company, [1;34mfield[0m[34m: default_currency, [1;34msql[0m[34m: DEFINE FIELD OVERWRITE `default_currency` ON TABLE `tabCompany` TYPE option<string> PERMISSIONS FULL;[0m
    [2;3mat[0m crates\spotledger-db\src\schema.rs:741

  [2m2026-04-19T18:15:40.111452Z[0m [34mDEBUG[0m [1;34mspotledger_db::schema[0m[34m: [34msync_user: field DDL ok, [1;34mdoctype[0m[34m: Company, [1;34mfield[0m[34m: default_currency[0m
    [2;3mat[0m crates\spotledger-db\src\schema.rs:746

  [2m2026-04-19T18:15:40.111991Z[0m [34mDEBUG[0m [1;34mspotledger_db::schema[0m[34m: [34msync_user: executing field DDL, [1;34mdoctype[0m[34m: Company, [1;34mfield[0m[34m: country, [1;34msql[0m[34m: DEFINE FIELD OVERWRITE `country` ON TABLE `tabCompany` TYPE option<string> PERMISSIONS FULL;[0m
    [2;3mat[0m crates\spotledger-db\src\schema.rs:741

  [2m2026-04-19T18:15:40.115815Z[0m [34mDEBUG[0m [1;34mspotledger_db::schema[0m[34m: [34msync_user: field DDL ok, [1;34mdoctype[0m[34m: Company, [1;34mfield[0m[34m: country[0m
    [2;3mat[0m crates\spotledger-db\src\schema.rs:746

  [2m2026-04-19T18:15:40.116424Z[0m [34mDEBUG[0m [1;34mspotledger_db::schema[0m[34m: [34msync_user: executing field DDL, [1;34mdoctype[0m[34m: Company, [1;34mfield[0m[34m: chart_of_accounts, [1;34msql[0m[34m: DEFINE FIELD OVERWRITE `chart_of_accounts` ON TABLE `tabCompany` TYPE option<string> PERMISSIONS FULL;[0m
    [2;3mat[0m crates\spotledger-db\src\schema.rs:741

  [2m2026-04-19T18:15:40.119942Z[0m [34mDEBUG[0m [1;34mspotledger_db::schema[0m[34m: [34msync_user: field DDL ok, [1;34mdoctype[0m[34m: Company, [1;34mfield[0m[34m: chart_of_accounts[0m
    [2;3mat[0m crates\spotledger-db\src\schema.rs:746

  [2m2026-04-19T18:15:40.120482Z[0m [34mDEBUG[0m [1;34mspotledger_db::schema[0m[34m: [34msync_user: executing field DDL, [1;34mdoctype[0m[34m: Company, [1;34mfield[0m[34m: tax_id, [1;34msql[0m[34m: DEFINE FIELD OVERWRITE `tax_id` ON TABLE `tabCompany` TYPE option<string> PERMISSIONS FULL;[0m
    [2;3mat[0m crates\spotledger-db\src\schema.rs:741

  [2m2026-04-19T18:15:40.125656Z[0m [34mDEBUG[0m [1;34mspotledger_db::schema[0m[34m: [34msync_user: field DDL ok, [1;34mdoctype[0m[34m: Company, [1;34mfield[0m[34m: tax_id[0m
    [2;3mat[0m crates\spotledger-db\src\schema.rs:746

  [2m2026-04-19T18:15:40.126083Z[0m [34mDEBUG[0m [1;34mspotledger_db::schema[0m[34m: [34msync_user: executing field DDL, [1;34mdoctype[0m[34m: Company, [1;34mfield[0m[34m: phone, [1;34msql[0m[34m: DEFINE FIELD OVERWRITE `phone` ON TABLE `tabCompany` TYPE option<string> PERMISSIONS FULL;[0m
    [2;3mat[0m crates\spotledger-db\src\schema.rs:741

  [2m2026-04-19T18:15:40.129385Z[0m [34mDEBUG[0m [1;34mspotledger_db::schema[0m[34m: [34msync_user: field DDL ok, [1;34mdoctype[0m[34m: Company, [1;34mfield[0m[34m: phone[0m
    [2;3mat[0m crates\spotledger-db\src\schema.rs:746

  [2m2026-04-19T18:15:40.130001Z[0m [34mDEBUG[0m [1;34mspotledger_db::schema[0m[34m: [34msync_user: executing field DDL, [1;34mdoctype[0m[34m: Company, [1;34mfield[0m[34m: email, [1;34msql[0m[34m: DEFINE FIELD OVERWRITE `email` ON TABLE `tabCompany` TYPE option<string> PERMISSIONS FULL;[0m
    [2;3mat[0m crates\spotledger-db\src\schema.rs:741

  [2m2026-04-19T18:15:40.133137Z[0m [34mDEBUG[0m [1;34mspotledger_db::schema[0m[34m: [34msync_user: field DDL ok, [1;34mdoctype[0m[34m: Company, [1;34mfield[0m[34m: email[0m
    [2;3mat[0m crates\spotledger-db\src\schema.rs:746

  [2m2026-04-19T18:15:40.133692Z[0m [34mDEBUG[0m [1;34mspotledger_db::schema[0m[34m: [34msync_user: executing field DDL, [1;34mdoctype[0m[34m: Company, [1;34mfield[0m[34m: website, [1;34msql[0m[34m: DEFINE FIELD OVERWRITE `website` ON TABLE `tabCompany` TYPE option<string> PERMISSIONS FULL;[0m
    [2;3mat[0m crates\spotledger-db\src\schema.rs:741

  [2m2026-04-19T18:15:40.136989Z[0m [34mDEBUG[0m [1;34mspotledger_db::schema[0m[34m: [34msync_user: field DDL ok, [1;34mdoctype[0m[34m: Company, [1;34mfield[0m[34m: website[0m
    [2;3mat[0m crates\spotledger-db\src\schema.rs:746

  [2m2026-04-19T18:15:40.137704Z[0m [34mDEBUG[0m [1;34mspotledger_db::schema[0m[34m: [34msync_user: executing field DDL, [1;34mdoctype[0m[34m: Company, [1;34mfield[0m[34m: address, [1;34msql[0m[34m: DEFINE FIELD OVERWRITE `address` ON TABLE `tabCompany` TYPE option<string> PERMISSIONS FULL;[0m
    [2;3mat[0m crates\spotledger-db\src\schema.rs:741

  [2m2026-04-19T18:15:40.141761Z[0m [34mDEBUG[0m [1;34mspotledger_db::schema[0m[34m: [34msync_user: field DDL ok, [1;34mdoctype[0m[34m: Company, [1;34mfield[0m[34m: address[0m
    [2;3mat[0m crates\spotledger-db\src\schema.rs:746

  [2m2026-04-19T18:15:40.142422Z[0m [34mDEBUG[0m [1;34mspotledger_db::schema[0m[34m: [34msync_user: executing field DDL, [1;34mdoctype[0m[34m: Company, [1;34mfield[0m[34m: retained_earnings_account, [1;34msql[0m[34m: DEFINE FIELD OVERWRITE `retained_earnings_account` ON TABLE `tabCompany` TYPE option<string> PERMISSIONS FULL;[0m
    [2;3mat[0m crates\spotledger-db\src\schema.rs:741

  [2m2026-04-19T18:15:40.145649Z[0m [34mDEBUG[0m [1;34mspotledger_db::schema[0m[34m: [34msync_user: field DDL ok, [1;34mdoctype[0m[34m: Company, [1;34mfield[0m[34m: retained_earnings_account[0m
    [2;3mat[0m crates\spotledger-db\src\schema.rs:746

  [2m2026-04-19T18:15:40.146236Z[0m [34mDEBUG[0m [1;34mspotledger_db::schema[0m[34m: [34msync_user: executing field DDL, [1;34mdoctype[0m[34m: Company, [1;34mfield[0m[34m: default_receivable_account, [1;34msql[0m[34m: DEFINE FIELD OVERWRITE `default_receivable_account` ON TABLE `tabCompany` TYPE option<string> PERMISSIONS FULL;[0m
    [2;3mat[0m crates\spotledger-db\src\schema.rs:741

  [2m2026-04-19T18:15:40.149675Z[0m [34mDEBUG[0m [1;34mspotledger_db::schema[0m[34m: [34msync_user: field DDL ok, [1;34mdoctype[0m[34m: Company, [1;34mfield[0m[34m: default_receivable_account[0m
    [2;3mat[0m crates\spotledger-db\src\schema.rs:746

  [2m2026-04-19T18:15:40.150133Z[0m [34mDEBUG[0m [1;34mspotledger_db::schema[0m[34m: [34msync_user: executing field DDL, [1;34mdoctype[0m[34m: Company, [1;34mfield[0m[34m: default_payable_account, [1;34msql[0m[34m: DEFINE FIELD OVERWRITE `default_payable_account` ON TABLE `tabCompany` TYPE option<string> PERMISSIONS FULL;[0m
    [2;3mat[0m crates\spotledger-db\src\schema.rs:741

  [2m2026-04-19T18:15:40.153044Z[0m [34mDEBUG[0m [1;34mspotledger_db::schema[0m[34m: [34msync_user: field DDL ok, [1;34mdoctype[0m[34m: Company, [1;34mfield[0m[34m: default_payable_account[0m
    [2;3mat[0m crates\spotledger-db\src\schema.rs:746

  [2m2026-04-19T18:15:40.153591Z[0m [34mDEBUG[0m [1;34mspotledger_db::schema[0m[34m: [34msync_user: executing field DDL, [1;34mdoctype[0m[34m: Company, [1;34mfield[0m[34m: default_bank_account, [1;34msql[0m[34m: DEFINE FIELD OVERWRITE `default_bank_account` ON TABLE `tabCompany` TYPE option<string> PERMISSIONS FULL;[0m
    [2;3mat[0m crates\spotledger-db\src\schema.rs:741

  [2m2026-04-19T18:15:40.158520Z[0m [34mDEBUG[0m [1;34mspotledger_db::schema[0m[34m: [34msync_user: field DDL ok, [1;34mdoctype[0m[34m: Company, [1;34mfield[0m[34m: default_bank_account[0m
    [2;3mat[0m crates\spotledger-db\src\schema.rs:746

  [2m2026-04-19T18:15:40.161639Z[0m [34mDEBUG[0m [1;34mspotledger_db::schema[0m[34m: [34msync_user: schema synced, [1;34mdoctype[0m[34m: Company[0m
    [2;3mat[0m crates\spotledger-db\src\schema.rs:762

  [2m2026-04-19T18:15:40.198896Z[0m [34mDEBUG[0m [1;34mspotledger_db::schema[0m[34m: [34msync_user: fields loaded, [1;34mdoctype[0m[34m: Contact, [1;34mfield_count[0m[34m: 20[0m
    [2;3mat[0m crates\spotledger-db\src\schema.rs:689

  [2m2026-04-19T18:15:40.199634Z[0m [34mDEBUG[0m [1;34mspotledger_db::schema[0m[34m: [34msync_user: executing field DDL, [1;34mdoctype[0m[34m: Contact, [1;34mfield[0m[34m: first_name, [1;34msql[0m[34m: DEFINE FIELD OVERWRITE `first_name` ON TABLE `tabContact` TYPE option<string> PERMISSIONS FULL;[0m
    [2;3mat[0m crates\spotledger-db\src\schema.rs:741

  [2m2026-04-19T18:15:40.203788Z[0m [34mDEBUG[0m [1;34mspotledger_db::schema[0m[34m: [34msync_user: field DDL ok, [1;34mdoctype[0m[34m: Contact, [1;34mfield[0m[34m: first_name[0m
    [2;3mat[0m crates\spotledger-db\src\schema.rs:746

  [2m2026-04-19T18:15:40.204146Z[0m [34mDEBUG[0m [1;34mspotledger_db::schema[0m[34m: [34msync_user: executing field DDL, [1;34mdoctype[0m[34m: Contact, [1;34mfield[0m[34m: middle_name, [1;34msql[0m[34m: DEFINE FIELD OVERWRITE `middle_name` ON TABLE `tabContact` TYPE option<string> PERMISSIONS FULL;[0m
    [2;3mat[0m crates\spotledger-db\src\schema.rs:741

  [2m2026-04-19T18:15:40.208497Z[0m [34mDEBUG[0m [1;34mspotledger_db::schema[0m[34m: [34msync_user: field DDL ok, [1;34mdoctype[0m[34m: Contact, [1;34mfield[0m[34m: middle_name[0m
    [2;3mat[0m crates\spotledger-db\src\schema.rs:746

  [2m2026-04-19T18:15:40.209234Z[0m [34mDEBUG[0m [1;34mspotledger_db::schema[0m[34m: [34msync_user: executing field DDL, [1;34mdoctype[0m[34m: Contact, [1;34mfield[0m[34m: last_name, [1;34msql[0m[34m: DEFINE FIELD OVERWRITE `last_name` ON TABLE `tabContact` TYPE option<string> PERMISSIONS FULL;[0m
    [2;3mat[0m crates\spotledger-db\src\schema.rs:741

  [2m2026-04-19T18:15:40.213368Z[0m [34mDEBUG[0m [1;34mspotledger_db::schema[0m[34m: [34msync_user: field DDL ok, [1;34mdoctype[0m[34m: Contact, [1;34mfield[0m[34m: last_name[0m
    [2;3mat[0m crates\spotledger-db\src\schema.rs:746

  [2m2026-04-19T18:15:40.213936Z[0m [34mDEBUG[0m [1;34mspotledger_db::schema[0m[34m: [34msync_user: executing field DDL, [1;34mdoctype[0m[34m: Contact, [1;34mfield[0m[34m: full_name, [1;34msql[0m[34m: DEFINE FIELD OVERWRITE `full_name` ON TABLE `tabContact` TYPE option<string> PERMISSIONS FULL;[0m
    [2;3mat[0m crates\spotledger-db\src\schema.rs:741

  [2m2026-04-19T18:15:40.217410Z[0m [34mDEBUG[0m [1;34mspotledger_db::schema[0m[34m: [34msync_user: field DDL ok, [1;34mdoctype[0m[34m: Contact, [1;34mfield[0m[34m: full_name[0m
    [2;3mat[0m crates\spotledger-db\src\schema.rs:746

  [2m2026-04-19T18:15:40.217822Z[0m [34mDEBUG[0m [1;34mspotledger_db::schema[0m[34m: [34msync_user: executing field DDL, [1;34mdoctype[0m[34m: Contact, [1;34mfield[0m[34m: email_id, [1;34msql[0m[34m: DEFINE FIELD OVERWRITE `email_id` ON TABLE `tabContact` TYPE option<string> PERMISSIONS FULL;[0m
    [2;3mat[0m crates\spotledger-db\src\schema.rs:741

  [2m2026-04-19T18:15:40.220979Z[0m [34mDEBUG[0m [1;34mspotledger_db::schema[0m[34m: [34msync_user: field DDL ok, [1;34mdoctype[0m[34m: Contact, [1;34mfield[0m[34m: email_id[0m
    [2;3mat[0m crates\spotledger-db\src\schema.rs:746

  [2m2026-04-19T18:15:40.221540Z[0m [34mDEBUG[0m [1;34mspotledger_db::schema[0m[34m: [34msync_user: executing field DDL, [1;34mdoctype[0m[34m: Contact, [1;34mfield[0m[34m: user, [1;34msql[0m[34m: DEFINE FIELD OVERWRITE `user` ON TABLE `tabContact` TYPE option<string> PERMISSIONS FULL;[0m
    [2;3mat[0m crates\spotledger-db\src\schema.rs:741

  [2m2026-04-19T18:15:40.225977Z[0m [34mDEBUG[0m [1;34mspotledger_db::schema[0m[34m: [34msync_user: field DDL ok, [1;34mdoctype[0m[34m: Contact, [1;34mfield[0m[34m: user[0m
    [2;3mat[0m crates\spotledger-db\src\schema.rs:746

  [2m2026-04-19T18:15:40.226452Z[0m [34mDEBUG[0m [1;34mspotledger_db::schema[0m[34m: [34msync_user: executing field DDL, [1;34mdoctype[0m[34m: Contact, [1;34mfield[0m[34m: address, [1;34msql[0m[34m: DEFINE FIELD OVERWRITE `address` ON TABLE `tabContact` TYPE option<string> PERMISSIONS FULL;[0m
    [2;3mat[0m crates\spotledger-db\src\schema.rs:741

  [2m2026-04-19T18:15:40.230107Z[0m [34mDEBUG[0m [1;34mspotledger_db::schema[0m[34m: [34msync_user: field DDL ok, [1;34mdoctype[0m[34m: Contact, [1;34mfield[0m[34m: address[0m
    [2;3mat[0m crates\spotledger-db\src\schema.rs:746

  [2m2026-04-19T18:15:40.230714Z[0m [34mDEBUG[0m [1;34mspotledger_db::schema[0m[34m: [34msync_user: executing field DDL, [1;34mdoctype[0m[34m: Contact, [1;34mfield[0m[34m: status, [1;34msql[0m[34m: DEFINE FIELD OVERWRITE `status` ON TABLE `tabContact` TYPE option<string> PERMISSIONS FULL;[0m
    [2;3mat[0m crates\spotledger-db\src\schema.rs:741

  [2m2026-04-19T18:15:40.234925Z[0m [34mDEBUG[0m [1;34mspotledger_db::schema[0m[34m: [34msync_user: field DDL ok, [1;34mdoctype[0m[34m: Contact, [1;34mfield[0m[34m: status[0m
    [2;3mat[0m crates\spotledger-db\src\schema.rs:746

  [2m2026-04-19T18:15:40.235328Z[0m [34mDEBUG[0m [1;34mspotledger_db::schema[0m[34m: [34msync_user: executing field DDL, [1;34mdoctype[0m[34m: Contact, [1;34mfield[0m[34m: salutation, [1;34msql[0m[34m: DEFINE FIELD OVERWRITE `salutation` ON TABLE `tabContact` TYPE option<string> PERMISSIONS FULL;[0m
    [2;3mat[0m crates\spotledger-db\src\schema.rs:741

  [2m2026-04-19T18:15:40.239237Z[0m [34mDEBUG[0m [1;34mspotledger_db::schema[0m[34m: [34msync_user: field DDL ok, [1;34mdoctype[0m[34m: Contact, [1;34mfield[0m[34m: salutation[0m
    [2;3mat[0m crates\spotledger-db\src\schema.rs:746

  [2m2026-04-19T18:15:40.240414Z[0m [34mDEBUG[0m [1;34mspotledger_db::schema[0m[34m: [34msync_user: executing field DDL, [1;34mdoctype[0m[34m: Contact, [1;34mfield[0m[34m: gender, [1;34msql[0m[34m: DEFINE FIELD OVERWRITE `gender` ON TABLE `tabContact` TYPE option<string> PERMISSIONS FULL;[0m
    [2;3mat[0m crates\spotledger-db\src\schema.rs:741

  [2m2026-04-19T18:15:40.244204Z[0m [34mDEBUG[0m [1;34mspotledger_db::schema[0m[34m: [34msync_user: field DDL ok, [1;34mdoctype[0m[34m: Contact, [1;34mfield[0m[34m: gender[0m
    [2;3mat[0m crates\spotledger-db\src\schema.rs:746

  [2m2026-04-19T18:15:40.244790Z[0m [34mDEBUG[0m [1;34mspotledger_db::schema[0m[34m: [34msync_user: executing field DDL, [1;34mdoctype[0m[34m: Contact, [1;34mfield[0m[34m: phone, [1;34msql[0m[34m: DEFINE FIELD OVERWRITE `phone` ON TABLE `tabContact` TYPE option<string> PERMISSIONS FULL;[0m
    [2;3mat[0m crates\spotledger-db\src\schema.rs:741

  [2m2026-04-19T18:15:40.249273Z[0m [34mDEBUG[0m [1;34mspotledger_db::schema[0m[34m: [34msync_user: field DDL ok, [1;34mdoctype[0m[34m: Contact, [1;34mfield[0m[34m: phone[0m
    [2;3mat[0m crates\spotledger-db\src\schema.rs:746

  [2m2026-04-19T18:15:40.252518Z[0m [34mDEBUG[0m [1;34mspotledger_db::schema[0m[34m: [34msync_user: executing field DDL, [1;34mdoctype[0m[34m: Contact, [1;34mfield[0m[34m: mobile_no, [1;34msql[0m[34m: DEFINE FIELD OVERWRITE `mobile_no` ON TABLE `tabContact` TYPE option<string> PERMISSIONS FULL;[0m
    [2;3mat[0m crates\spotledger-db\src\schema.rs:741

  [2m2026-04-19T18:15:40.256399Z[0m [34mDEBUG[0m [1;34mspotledger_db::schema[0m[34m: [34msync_user: field DDL ok, [1;34mdoctype[0m[34m: Contact, [1;34mfield[0m[34m: mobile_no[0m
    [2;3mat[0m crates\spotledger-db\src\schema.rs:746

  [2m2026-04-19T18:15:40.257584Z[0m [34mDEBUG[0m [1;34mspotledger_db::schema[0m[34m: [34msync_user: executing field DDL, [1;34mdoctype[0m[34m: Contact, [1;34mfield[0m[34m: company_name, [1;34msql[0m[34m: DEFINE FIELD OVERWRITE `company_name` ON TABLE `tabContact` TYPE option<string> PERMISSIONS FULL;[0m
    [2;3mat[0m crates\spotledger-db\src\schema.rs:741

  [2m2026-04-19T18:15:40.261329Z[0m [34mDEBUG[0m [1;34mspotledger_db::schema[0m[34m: [34msync_user: field DDL ok, [1;34mdoctype[0m[34m: Contact, [1;34mfield[0m[34m: company_name[0m
    [2;3mat[0m crates\spotledger-db\src\schema.rs:746

  [2m2026-04-19T18:15:40.261729Z[0m [34mDEBUG[0m [1;34mspotledger_db::schema[0m[34m: [34msync_user: executing field DDL, [1;34mdoctype[0m[34m: Contact, [1;34mfield[0m[34m: designation, [1;34msql[0m[34m: DEFINE FIELD OVERWRITE `designation` ON TABLE `tabContact` TYPE option<string> PERMISSIONS FULL;[0m
    [2;3mat[0m crates\spotledger-db\src\schema.rs:741

  [2m2026-04-19T18:15:40.265048Z[0m [34mDEBUG[0m [1;34mspotledger_db::schema[0m[34m: [34msync_user: field DDL ok, [1;34mdoctype[0m[34m: Contact, [1;34mfield[0m[34m: designation[0m
    [2;3mat[0m crates\spotledger-db\src\schema.rs:746

  [2m2026-04-19T18:15:40.265462Z[0m [34mDEBUG[0m [1;34mspotledger_db::schema[0m[34m: [34msync_user: executing field DDL, [1;34mdoctype[0m[34m: Contact, [1;34mfield[0m[34m: department, [1;34msql[0m[34m: DEFINE FIELD OVERWRITE `department` ON TABLE `tabContact` TYPE option<string> PERMISSIONS FULL;[0m
    [2;3mat[0m crates\spotledger-db\src\schema.rs:741

  [2m2026-04-19T18:15:40.269237Z[0m [34mDEBUG[0m [1;34mspotledger_db::schema[0m[34m: [34msync_user: field DDL ok, [1;34mdoctype[0m[34m: Contact, [1;34mfield[0m[34m: department[0m
    [2;3mat[0m crates\spotledger-db\src\schema.rs:746

  [2m2026-04-19T18:15:40.269615Z[0m [34mDEBUG[0m [1;34mspotledger_db::schema[0m[34m: [34msync_user: executing field DDL, [1;34mdoctype[0m[34m: Contact, [1;34mfield[0m[34m: is_primary_contact, [1;34msql[0m[34m: DEFINE FIELD OVERWRITE `is_primary_contact` ON TABLE `tabContact` TYPE none | int PERMISSIONS FULL DEFAULT 0;[0m
    [2;3mat[0m crates\spotledger-db\src\schema.rs:741

  [2m2026-04-19T18:15:40.273908Z[0m [34mDEBUG[0m [1;34mspotledger_db::schema[0m[34m: [34msync_user: field DDL ok, [1;34mdoctype[0m[34m: Contact, [1;34mfield[0m[34m: is_primary_contact[0m
    [2;3mat[0m crates\spotledger-db\src\schema.rs:746

  [2m2026-04-19T18:15:40.274631Z[0m [34mDEBUG[0m [1;34mspotledger_db::schema[0m[34m: [34msync_user: executing field DDL, [1;34mdoctype[0m[34m: Contact, [1;34mfield[0m[34m: unsubscribed, [1;34msql[0m[34m: DEFINE FIELD OVERWRITE `unsubscribed` ON TABLE `tabContact` TYPE none | int PERMISSIONS FULL DEFAULT 0;[0m
    [2;3mat[0m crates\spotledger-db\src\schema.rs:741

  [2m2026-04-19T18:15:40.278417Z[0m [34mDEBUG[0m [1;34mspotledger_db::schema[0m[34m: [34msync_user: field DDL ok, [1;34mdoctype[0m[34m: Contact, [1;34mfield[0m[34m: unsubscribed[0m
    [2;3mat[0m crates\spotledger-db\src\schema.rs:746

  [2m2026-04-19T18:15:40.279173Z[0m [34mDEBUG[0m [1;34mspotledger_db::schema[0m[34m: [34msync_user: executing field DDL, [1;34mdoctype[0m[34m: Contact, [1;34mfield[0m[34m: email_ids, [1;34msql[0m[34m: DEFINE FIELD OVERWRITE `email_ids` ON TABLE `tabContact` TYPE array<any> PERMISSIONS FULL;[0m
    [2;3mat[0m crates\spotledger-db\src\schema.rs:741

  [2m2026-04-19T18:15:40.282639Z[0m [34mDEBUG[0m [1;34mspotledger_db::schema[0m[34m: [34msync_user: field DDL ok, [1;34mdoctype[0m[34m: Contact, [1;34mfield[0m[34m: email_ids[0m
    [2;3mat[0m crates\spotledger-db\src\schema.rs:746

  [2m2026-04-19T18:15:40.283104Z[0m [34mDEBUG[0m [1;34mspotledger_db::schema[0m[34m: [34msync_user: executing field DDL, [1;34mdoctype[0m[34m: Contact, [1;34mfield[0m[34m: phone_nos, [1;34msql[0m[34m: DEFINE FIELD OVERWRITE `phone_nos` ON TABLE `tabContact` TYPE array<any> PERMISSIONS FULL;[0m
    [2;3mat[0m crates\spotledger-db\src\schema.rs:741

  [2m2026-04-19T18:15:40.286839Z[0m [34mDEBUG[0m [1;34mspotledger_db::schema[0m[34m: [34msync_user: field DDL ok, [1;34mdoctype[0m[34m: Contact, [1;34mfield[0m[34m: phone_nos[0m
    [2;3mat[0m crates\spotledger-db\src\schema.rs:746

  [2m2026-04-19T18:15:40.287198Z[0m [34mDEBUG[0m [1;34mspotledger_db::schema[0m[34m: [34msync_user: executing field DDL, [1;34mdoctype[0m[34m: Contact, [1;34mfield[0m[34m: links, [1;34msql[0m[34m: DEFINE FIELD OVERWRITE `links` ON TABLE `tabContact` TYPE array<any> PERMISSIONS FULL;[0m
    [2;3mat[0m crates\spotledger-db\src\schema.rs:741

  [2m2026-04-19T18:15:40.291716Z[0m [34mDEBUG[0m [1;34mspotledger_db::schema[0m[34m: [34msync_user: field DDL ok, [1;34mdoctype[0m[34m: Contact, [1;34mfield[0m[34m: links[0m
    [2;3mat[0m crates\spotledger-db\src\schema.rs:746

  [2m2026-04-19T18:15:40.294970Z[0m [34mDEBUG[0m [1;34mspotledger_db::schema[0m[34m: [34msync_user: schema synced, [1;34mdoctype[0m[34m: Contact[0m
    [2;3mat[0m crates\spotledger-db\src\schema.rs:762

  [2m2026-04-19T18:15:40.329968Z[0m [34mDEBUG[0m [1;34mspotledger_db::schema[0m[34m: [34msync_user: fields loaded, [1;34mdoctype[0m[34m: Cost Center, [1;34mfield_count[0m[34m: 5[0m
    [2;3mat[0m crates\spotledger-db\src\schema.rs:689

  [2m2026-04-19T18:15:40.330685Z[0m [34mDEBUG[0m [1;34mspotledger_db::schema[0m[34m: [34msync_user: executing field DDL, [1;34mdoctype[0m[34m: Cost Center, [1;34mfield[0m[34m: cost_center_name, [1;34msql[0m[34m: DEFINE FIELD OVERWRITE `cost_center_name` ON TABLE `tabCost_Center` TYPE option<string> PERMISSIONS FULL;[0m
    [2;3mat[0m crates\spotledger-db\src\schema.rs:741

  [2m2026-04-19T18:15:40.335471Z[0m [34mDEBUG[0m [1;34mspotledger_db::schema[0m[34m: [34msync_user: field DDL ok, [1;34mdoctype[0m[34m: Cost Center, [1;34mfield[0m[34m: cost_center_name[0m
    [2;3mat[0m crates\spotledger-db\src\schema.rs:746

  [2m2026-04-19T18:15:40.335979Z[0m [34mDEBUG[0m [1;34mspotledger_db::schema[0m[34m: [34msync_user: executing field DDL, [1;34mdoctype[0m[34m: Cost Center, [1;34mfield[0m[34m: company, [1;34msql[0m[34m: DEFINE FIELD OVERWRITE `company` ON TABLE `tabCost_Center` TYPE option<string> PERMISSIONS FULL;[0m
    [2;3mat[0m crates\spotledger-db\src\schema.rs:741

  [2m2026-04-19T18:15:40.340538Z[0m [34mDEBUG[0m [1;34mspotledger_db::schema[0m[34m: [34msync_user: field DDL ok, [1;34mdoctype[0m[34m: Cost Center, [1;34mfield[0m[34m: company[0m
    [2;3mat[0m crates\spotledger-db\src\schema.rs:746

  [2m2026-04-19T18:15:40.341425Z[0m [34mDEBUG[0m [1;34mspotledger_db::schema[0m[34m: [34msync_user: executing field DDL, [1;34mdoctype[0m[34m: Cost Center, [1;34mfield[0m[34m: parent_cost_center, [1;34msql[0m[34m: DEFINE FIELD OVERWRITE `parent_cost_center` ON TABLE `tabCost_Center` TYPE option<string> PERMISSIONS FULL;[0m
    [2;3mat[0m crates\spotledger-db\src\schema.rs:741

  [2m2026-04-19T18:15:40.344495Z[0m [34mDEBUG[0m [1;34mspotledger_db::schema[0m[34m: [34msync_user: field DDL ok, [1;34mdoctype[0m[34m: Cost Center, [1;34mfield[0m[34m: parent_cost_center[0m
    [2;3mat[0m crates\spotledger-db\src\schema.rs:746

  [2m2026-04-19T18:15:40.344950Z[0m [34mDEBUG[0m [1;34mspotledger_db::schema[0m[34m: [34msync_user: executing field DDL, [1;34mdoctype[0m[34m: Cost Center, [1;34mfield[0m[34m: is_group, [1;34msql[0m[34m: DEFINE FIELD OVERWRITE `is_group` ON TABLE `tabCost_Center` TYPE none | int PERMISSIONS FULL DEFAULT 0;[0m
    [2;3mat[0m crates\spotledger-db\src\schema.rs:741

  [2m2026-04-19T18:15:40.348155Z[0m [34mDEBUG[0m [1;34mspotledger_db::schema[0m[34m: [34msync_user: field DDL ok, [1;34mdoctype[0m[34m: Cost Center, [1;34mfield[0m[34m: is_group[0m
    [2;3mat[0m crates\spotledger-db\src\schema.rs:746

  [2m2026-04-19T18:15:40.348492Z[0m [34mDEBUG[0m [1;34mspotledger_db::schema[0m[34m: [34msync_user: executing field DDL, [1;34mdoctype[0m[34m: Cost Center, [1;34mfield[0m[34m: description, [1;34msql[0m[34m: DEFINE FIELD OVERWRITE `description` ON TABLE `tabCost_Center` TYPE option<string> PERMISSIONS FULL;[0m
    [2;3mat[0m crates\spotledger-db\src\schema.rs:741

  [2m2026-04-19T18:15:40.351435Z[0m [34mDEBUG[0m [1;34mspotledger_db::schema[0m[34m: [34msync_user: field DDL ok, [1;34mdoctype[0m[34m: Cost Center, [1;34mfield[0m[34m: description[0m
    [2;3mat[0m crates\spotledger-db\src\schema.rs:746

  [2m2026-04-19T18:15:40.354454Z[0m [34mDEBUG[0m [1;34mspotledger_db::schema[0m[34m: [34msync_user: schema synced, [1;34mdoctype[0m[34m: Cost Center[0m
    [2;3mat[0m crates\spotledger-db\src\schema.rs:762

  [2m2026-04-19T18:15:40.388574Z[0m [34mDEBUG[0m [1;34mspotledger_db::schema[0m[34m: [34msync_user: fields loaded, [1;34mdoctype[0m[34m: Country, [1;34mfield_count[0m[34m: 5[0m
    [2;3mat[0m crates\spotledger-db\src\schema.rs:689

  [2m2026-04-19T18:15:40.390963Z[0m [34mDEBUG[0m [1;34mspotledger_db::schema[0m[34m: [34msync_user: executing field DDL, [1;34mdoctype[0m[34m: Country, [1;34mfield[0m[34m: country_name, [1;34msql[0m[34m: DEFINE FIELD OVERWRITE `country_name` ON TABLE `tabCountry` TYPE option<string> PERMISSIONS FULL;[0m
    [2;3mat[0m crates\spotledger-db\src\schema.rs:741

  [2m2026-04-19T18:15:40.394819Z[0m [34mDEBUG[0m [1;34mspotledger_db::schema[0m[34m: [34msync_user: field DDL ok, [1;34mdoctype[0m[34m: Country, [1;34mfield[0m[34m: country_name[0m
    [2;3mat[0m crates\spotledger-db\src\schema.rs:746

  [2m2026-04-19T18:15:40.395411Z[0m [34mDEBUG[0m [1;34mspotledger_db::schema[0m[34m: [34msync_user: executing field DDL, [1;34mdoctype[0m[34m: Country, [1;34mfield[0m[34m: code, [1;34msql[0m[34m: DEFINE FIELD OVERWRITE `code` ON TABLE `tabCountry` TYPE option<string> PERMISSIONS FULL;[0m
    [2;3mat[0m crates\spotledger-db\src\schema.rs:741

  [2m2026-04-19T18:15:40.398605Z[0m [34mDEBUG[0m [1;34mspotledger_db::schema[0m[34m: [34msync_user: field DDL ok, [1;34mdoctype[0m[34m: Country, [1;34mfield[0m[34m: code[0m
    [2;3mat[0m crates\spotledger-db\src\schema.rs:746

  [2m2026-04-19T18:15:40.399412Z[0m [34mDEBUG[0m [1;34mspotledger_db::schema[0m[34m: [34msync_user: executing field DDL, [1;34mdoctype[0m[34m: Country, [1;34mfield[0m[34m: date_format, [1;34msql[0m[34m: DEFINE FIELD OVERWRITE `date_format` ON TABLE `tabCountry` TYPE option<string> PERMISSIONS FULL;[0m
    [2;3mat[0m crates\spotledger-db\src\schema.rs:741

  [2m2026-04-19T18:15:40.402649Z[0m [34mDEBUG[0m [1;34mspotledger_db::schema[0m[34m: [34msync_user: field DDL ok, [1;34mdoctype[0m[34m: Country, [1;34mfield[0m[34m: date_format[0m
    [2;3mat[0m crates\spotledger-db\src\schema.rs:746

  [2m2026-04-19T18:15:40.403330Z[0m [34mDEBUG[0m [1;34mspotledger_db::schema[0m[34m: [34msync_user: executing field DDL, [1;34mdoctype[0m[34m: Country, [1;34mfield[0m[34m: time_format, [1;34msql[0m[34m: DEFINE FIELD OVERWRITE `time_format` ON TABLE `tabCountry` TYPE option<string> PERMISSIONS FULL;[0m
    [2;3mat[0m crates\spotledger-db\src\schema.rs:741

  [2m2026-04-19T18:15:40.409244Z[0m [34mDEBUG[0m [1;34mspotledger_db::schema[0m[34m: [34msync_user: field DDL ok, [1;34mdoctype[0m[34m: Country, [1;34mfield[0m[34m: time_format[0m
    [2;3mat[0m crates\spotledger-db\src\schema.rs:746

  [2m2026-04-19T18:15:40.409816Z[0m [34mDEBUG[0m [1;34mspotledger_db::schema[0m[34m: [34msync_user: executing field DDL, [1;34mdoctype[0m[34m: Country, [1;34mfield[0m[34m: time_zones, [1;34msql[0m[34m: DEFINE FIELD OVERWRITE `time_zones` ON TABLE `tabCountry` TYPE option<string> PERMISSIONS FULL;[0m
    [2;3mat[0m crates\spotledger-db\src\schema.rs:741

  [2m2026-04-19T18:15:40.412960Z[0m [34mDEBUG[0m [1;34mspotledger_db::schema[0m[34m: [34msync_user: field DDL ok, [1;34mdoctype[0m[34m: Country, [1;34mfield[0m[34m: time_zones[0m
    [2;3mat[0m crates\spotledger-db\src\schema.rs:746

  [2m2026-04-19T18:15:40.415664Z[0m [34mDEBUG[0m [1;34mspotledger_db::schema[0m[34m: [34msync_user: schema synced, [1;34mdoctype[0m[34m: Country[0m
    [2;3mat[0m crates\spotledger-db\src\schema.rs:762

  [2m2026-04-19T18:15:40.461580Z[0m [34mDEBUG[0m [1;34mspotledger_db::schema[0m[34m: [34msync_user: fields loaded, [1;34mdoctype[0m[34m: Currency, [1;34mfield_count[0m[34m: 10[0m
    [2;3mat[0m crates\spotledger-db\src\schema.rs:689

  [2m2026-04-19T18:15:40.462134Z[0m [34mDEBUG[0m [1;34mspotledger_db::schema[0m[34m: [34msync_user: executing field DDL, [1;34mdoctype[0m[34m: Currency, [1;34mfield[0m[34m: currency_name, [1;34msql[0m[34m: DEFINE FIELD OVERWRITE `currency_name` ON TABLE `tabCurrency` TYPE option<string> PERMISSIONS FULL;[0m
    [2;3mat[0m crates\spotledger-db\src\schema.rs:741

  [2m2026-04-19T18:15:40.465736Z[0m [34mDEBUG[0m [1;34mspotledger_db::schema[0m[34m: [34msync_user: field DDL ok, [1;34mdoctype[0m[34m: Currency, [1;34mfield[0m[34m: currency_name[0m
    [2;3mat[0m crates\spotledger-db\src\schema.rs:746

  [2m2026-04-19T18:15:40.466258Z[0m [34mDEBUG[0m [1;34mspotledger_db::schema[0m[34m: [34msync_user: executing field DDL, [1;34mdoctype[0m[34m: Currency, [1;34mfield[0m[34m: currency_symbol, [1;34msql[0m[34m: DEFINE FIELD OVERWRITE `currency_symbol` ON TABLE `tabCurrency` TYPE option<string> PERMISSIONS FULL;[0m
    [2;3mat[0m crates\spotledger-db\src\schema.rs:741

  [2m2026-04-19T18:15:40.469298Z[0m [34mDEBUG[0m [1;34mspotledger_db::schema[0m[34m: [34msync_user: field DDL ok, [1;34mdoctype[0m[34m: Currency, [1;34mfield[0m[34m: currency_symbol[0m
    [2;3mat[0m crates\spotledger-db\src\schema.rs:746

  [2m2026-04-19T18:15:40.469786Z[0m [34mDEBUG[0m [1;34mspotledger_db::schema[0m[34m: [34msync_user: executing field DDL, [1;34mdoctype[0m[34m: Currency, [1;34mfield[0m[34m: enabled, [1;34msql[0m[34m: DEFINE FIELD OVERWRITE `enabled` ON TABLE `tabCurrency` TYPE none | int PERMISSIONS FULL DEFAULT 0;[0m
    [2;3mat[0m crates\spotledger-db\src\schema.rs:741

  [2m2026-04-19T18:15:40.474202Z[0m [34mDEBUG[0m [1;34mspotledger_db::schema[0m[34m: [34msync_user: field DDL ok, [1;34mdoctype[0m[34m: Currency, [1;34mfield[0m[34m: enabled[0m
    [2;3mat[0m crates\spotledger-db\src\schema.rs:746

  [2m2026-04-19T18:15:40.475205Z[0m [34mDEBUG[0m [1;34mspotledger_db::schema[0m[34m: [34msync_user: executing field DDL, [1;34mdoctype[0m[34m: Currency, [1;34mfield[0m[34m: fraction, [1;34msql[0m[34m: DEFINE FIELD OVERWRITE `fraction` ON TABLE `tabCurrency` TYPE option<string> PERMISSIONS FULL;[0m
    [2;3mat[0m crates\spotledger-db\src\schema.rs:741

  [2m2026-04-19T18:15:40.479371Z[0m [34mDEBUG[0m [1;34mspotledger_db::schema[0m[34m: [34msync_user: field DDL ok, [1;34mdoctype[0m[34m: Currency, [1;34mfield[0m[34m: fraction[0m
    [2;3mat[0m crates\spotledger-db\src\schema.rs:746

  [2m2026-04-19T18:15:40.479994Z[0m [34mDEBUG[0m [1;34mspotledger_db::schema[0m[34m: [34msync_user: executing field DDL, [1;34mdoctype[0m[34m: Currency, [1;34mfield[0m[34m: fraction_units, [1;34msql[0m[34m: DEFINE FIELD OVERWRITE `fraction_units` ON TABLE `tabCurrency` TYPE none | int PERMISSIONS FULL;[0m
    [2;3mat[0m crates\spotledger-db\src\schema.rs:741

  [2m2026-04-19T18:15:40.483437Z[0m [34mDEBUG[0m [1;34mspotledger_db::schema[0m[34m: [34msync_user: field DDL ok, [1;34mdoctype[0m[34m: Currency, [1;34mfield[0m[34m: fraction_units[0m
    [2;3mat[0m crates\spotledger-db\src\schema.rs:746

  [2m2026-04-19T18:15:40.483912Z[0m [34mDEBUG[0m [1;34mspotledger_db::schema[0m[34m: [34msync_user: executing field DDL, [1;34mdoctype[0m[34m: Currency, [1;34mfield[0m[34m: smallest_currency_fraction_value, [1;34msql[0m[34m: DEFINE FIELD OVERWRITE `smallest_currency_fraction_value` ON TABLE `tabCurrency` TYPE float PERMISSIONS FULL;[0m
    [2;3mat[0m crates\spotledger-db\src\schema.rs:741

  [2m2026-04-19T18:15:40.487234Z[0m [34mDEBUG[0m [1;34mspotledger_db::schema[0m[34m: [34msync_user: field DDL ok, [1;34mdoctype[0m[34m: Currency, [1;34mfield[0m[34m: smallest_currency_fraction_value[0m
    [2;3mat[0m crates\spotledger-db\src\schema.rs:746

  [2m2026-04-19T18:15:40.487713Z[0m [34mDEBUG[0m [1;34mspotledger_db::schema[0m[34m: [34msync_user: executing field DDL, [1;34mdoctype[0m[34m: Currency, [1;34mfield[0m[34m: is_base, [1;34msql[0m[34m: DEFINE FIELD OVERWRITE `is_base` ON TABLE `tabCurrency` TYPE none | int PERMISSIONS FULL DEFAULT 0;[0m
    [2;3mat[0m crates\spotledger-db\src\schema.rs:741

  [2m2026-04-19T18:15:40.492134Z[0m [34mDEBUG[0m [1;34mspotledger_db::schema[0m[34m: [34msync_user: field DDL ok, [1;34mdoctype[0m[34m: Currency, [1;34mfield[0m[34m: is_base[0m
    [2;3mat[0m crates\spotledger-db\src\schema.rs:746

  [2m2026-04-19T18:15:40.492781Z[0m [34mDEBUG[0m [1;34mspotledger_db::schema[0m[34m: [34msync_user: executing field DDL, [1;34mdoctype[0m[34m: Currency, [1;34mfield[0m[34m: symbol, [1;34msql[0m[34m: DEFINE FIELD OVERWRITE `symbol` ON TABLE `tabCurrency` TYPE option<string> PERMISSIONS FULL;[0m
    [2;3mat[0m crates\spotledger-db\src\schema.rs:741

  [2m2026-04-19T18:15:40.496915Z[0m [34mDEBUG[0m [1;34mspotledger_db::schema[0m[34m: [34msync_user: field DDL ok, [1;34mdoctype[0m[34m: Currency, [1;34mfield[0m[34m: symbol[0m
    [2;3mat[0m crates\spotledger-db\src\schema.rs:746

  [2m2026-04-19T18:15:40.497449Z[0m [34mDEBUG[0m [1;34mspotledger_db::schema[0m[34m: [34msync_user: executing field DDL, [1;34mdoctype[0m[34m: Currency, [1;34mfield[0m[34m: symbol_on_right, [1;34msql[0m[34m: DEFINE FIELD OVERWRITE `symbol_on_right` ON TABLE `tabCurrency` TYPE none | int PERMISSIONS FULL DEFAULT 0;[0m
    [2;3mat[0m crates\spotledger-db\src\schema.rs:741

  [2m2026-04-19T18:15:40.500917Z[0m [34mDEBUG[0m [1;34mspotledger_db::schema[0m[34m: [34msync_user: field DDL ok, [1;34mdoctype[0m[34m: Currency, [1;34mfield[0m[34m: symbol_on_right[0m
    [2;3mat[0m crates\spotledger-db\src\schema.rs:746

  [2m2026-04-19T18:15:40.501441Z[0m [34mDEBUG[0m [1;34mspotledger_db::schema[0m[34m: [34msync_user: executing field DDL, [1;34mdoctype[0m[34m: Currency, [1;34mfield[0m[34m: number_format, [1;34msql[0m[34m: DEFINE FIELD OVERWRITE `number_format` ON TABLE `tabCurrency` TYPE option<string> PERMISSIONS FULL;[0m
    [2;3mat[0m crates\spotledger-db\src\schema.rs:741

  [2m2026-04-19T18:15:40.505038Z[0m [34mDEBUG[0m [1;34mspotledger_db::schema[0m[34m: [34msync_user: field DDL ok, [1;34mdoctype[0m[34m: Currency, [1;34mfield[0m[34m: number_format[0m
    [2;3mat[0m crates\spotledger-db\src\schema.rs:746

  [2m2026-04-19T18:15:40.510759Z[0m [34mDEBUG[0m [1;34mspotledger_db::schema[0m[34m: [34msync_user: schema synced, [1;34mdoctype[0m[34m: Currency[0m
    [2;3mat[0m crates\spotledger-db\src\schema.rs:762

  [2m2026-04-19T18:15:40.557684Z[0m [34mDEBUG[0m [1;34mspotledger_db::schema[0m[34m: [34msync_user: fields loaded, [1;34mdoctype[0m[34m: Email Account, [1;34mfield_count[0m[34m: 26[0m
    [2;3mat[0m crates\spotledger-db\src\schema.rs:689

  [2m2026-04-19T18:15:40.559509Z[0m [34mDEBUG[0m [1;34mspotledger_db::schema[0m[34m: [34msync_user: executing field DDL, [1;34mdoctype[0m[34m: Email Account, [1;34mfield[0m[34m: email_id, [1;34msql[0m[34m: DEFINE FIELD OVERWRITE `email_id` ON TABLE `tabEmail_Account` TYPE option<string> PERMISSIONS FULL;[0m
    [2;3mat[0m crates\spotledger-db\src\schema.rs:741

  [2m2026-04-19T18:15:40.563595Z[0m [34mDEBUG[0m [1;34mspotledger_db::schema[0m[34m: [34msync_user: field DDL ok, [1;34mdoctype[0m[34m: Email Account, [1;34mfield[0m[34m: email_id[0m
    [2;3mat[0m crates\spotledger-db\src\schema.rs:746

  [2m2026-04-19T18:15:40.564103Z[0m [34mDEBUG[0m [1;34mspotledger_db::schema[0m[34m: [34msync_user: executing field DDL, [1;34mdoctype[0m[34m: Email Account, [1;34mfield[0m[34m: email_account_name, [1;34msql[0m[34m: DEFINE FIELD OVERWRITE `email_account_name` ON TABLE `tabEmail_Account` TYPE option<string> PERMISSIONS FULL;[0m
    [2;3mat[0m crates\spotledger-db\src\schema.rs:741

  [2m2026-04-19T18:15:40.568454Z[0m [34mDEBUG[0m [1;34mspotledger_db::schema[0m[34m: [34msync_user: field DDL ok, [1;34mdoctype[0m[34m: Email Account, [1;34mfield[0m[34m: email_account_name[0m
    [2;3mat[0m crates\spotledger-db\src\schema.rs:746

  [2m2026-04-19T18:15:40.568979Z[0m [34mDEBUG[0m [1;34mspotledger_db::schema[0m[34m: [34msync_user: executing field DDL, [1;34mdoctype[0m[34m: Email Account, [1;34mfield[0m[34m: service, [1;34msql[0m[34m: DEFINE FIELD OVERWRITE `service` ON TABLE `tabEmail_Account` TYPE option<string> PERMISSIONS FULL;[0m
    [2;3mat[0m crates\spotledger-db\src\schema.rs:741

  [2m2026-04-19T18:15:40.575078Z[0m [34mDEBUG[0m [1;34mspotledger_db::schema[0m[34m: [34msync_user: field DDL ok, [1;34mdoctype[0m[34m: Email Account, [1;34mfield[0m[34m: service[0m
    [2;3mat[0m crates\spotledger-db\src\schema.rs:746

  [2m2026-04-19T18:15:40.575839Z[0m [34mDEBUG[0m [1;34mspotledger_db::schema[0m[34m: [34msync_user: executing field DDL, [1;34mdoctype[0m[34m: Email Account, [1;34mfield[0m[34m: domain, [1;34msql[0m[34m: DEFINE FIELD OVERWRITE `domain` ON TABLE `tabEmail_Account` TYPE option<string> PERMISSIONS FULL;[0m
    [2;3mat[0m crates\spotledger-db\src\schema.rs:741

  [2m2026-04-19T18:15:40.579984Z[0m [34mDEBUG[0m [1;34mspotledger_db::schema[0m[34m: [34msync_user: field DDL ok, [1;34mdoctype[0m[34m: Email Account, [1;34mfield[0m[34m: domain[0m
    [2;3mat[0m crates\spotledger-db\src\schema.rs:746

  [2m2026-04-19T18:15:40.580666Z[0m [34mDEBUG[0m [1;34mspotledger_db::schema[0m[34m: [34msync_user: executing field DDL, [1;34mdoctype[0m[34m: Email Account, [1;34mfield[0m[34m: login_id, [1;34msql[0m[34m: DEFINE FIELD OVERWRITE `login_id` ON TABLE `tabEmail_Account` TYPE option<string> PERMISSIONS FULL;[0m
    [2;3mat[0m crates\spotledger-db\src\schema.rs:741

  [2m2026-04-19T18:15:40.584628Z[0m [34mDEBUG[0m [1;34mspotledger_db::schema[0m[34m: [34msync_user: field DDL ok, [1;34mdoctype[0m[34m: Email Account, [1;34mfield[0m[34m: login_id[0m
    [2;3mat[0m crates\spotledger-db\src\schema.rs:746

  [2m2026-04-19T18:15:40.585126Z[0m [34mDEBUG[0m [1;34mspotledger_db::schema[0m[34m: [34msync_user: executing field DDL, [1;34mdoctype[0m[34m: Email Account, [1;34mfield[0m[34m: password, [1;34msql[0m[34m: DEFINE FIELD OVERWRITE `password` ON TABLE `tabEmail_Account` TYPE option<string> PERMISSIONS FULL;[0m
    [2;3mat[0m crates\spotledger-db\src\schema.rs:741

  [2m2026-04-19T18:15:40.590394Z[0m [34mDEBUG[0m [1;34mspotledger_db::schema[0m[34m: [34msync_user: field DDL ok, [1;34mdoctype[0m[34m: Email Account, [1;34mfield[0m[34m: password[0m
    [2;3mat[0m crates\spotledger-db\src\schema.rs:746

  [2m2026-04-19T18:15:40.590947Z[0m [34mDEBUG[0m [1;34mspotledger_db::schema[0m[34m: [34msync_user: executing field DDL, [1;34mdoctype[0m[34m: Email Account, [1;34mfield[0m[34m: enable_incoming, [1;34msql[0m[34m: DEFINE FIELD OVERWRITE `enable_incoming` ON TABLE `tabEmail_Account` TYPE none | int PERMISSIONS FULL DEFAULT 0;[0m
    [2;3mat[0m crates\spotledger-db\src\schema.rs:741

  [2m2026-04-19T18:15:40.595520Z[0m [34mDEBUG[0m [1;34mspotledger_db::schema[0m[34m: [34msync_user: field DDL ok, [1;34mdoctype[0m[34m: Email Account, [1;34mfield[0m[34m: enable_incoming[0m
    [2;3mat[0m crates\spotledger-db\src\schema.rs:746

  [2m2026-04-19T18:15:40.595971Z[0m [34mDEBUG[0m [1;34mspotledger_db::schema[0m[34m: [34msync_user: executing field DDL, [1;34mdoctype[0m[34m: Email Account, [1;34mfield[0m[34m: email_server, [1;34msql[0m[34m: DEFINE FIELD OVERWRITE `email_server` ON TABLE `tabEmail_Account` TYPE option<string> PERMISSIONS FULL;[0m
    [2;3mat[0m crates\spotledger-db\src\schema.rs:741

  [2m2026-04-19T18:15:40.599881Z[0m [34mDEBUG[0m [1;34mspotledger_db::schema[0m[34m: [34msync_user: field DDL ok, [1;34mdoctype[0m[34m: Email Account, [1;34mfield[0m[34m: email_server[0m
    [2;3mat[0m crates\spotledger-db\src\schema.rs:746

  [2m2026-04-19T18:15:40.600327Z[0m [34mDEBUG[0m [1;34mspotledger_db::schema[0m[34m: [34msync_user: executing field DDL, [1;34mdoctype[0m[34m: Email Account, [1;34mfield[0m[34m: use_imap, [1;34msql[0m[34m: DEFINE FIELD OVERWRITE `use_imap` ON TABLE `tabEmail_Account` TYPE none | int PERMISSIONS FULL DEFAULT 0;[0m
    [2;3mat[0m crates\spotledger-db\src\schema.rs:741

  [2m2026-04-19T18:15:40.603878Z[0m [34mDEBUG[0m [1;34mspotledger_db::schema[0m[34m: [34msync_user: field DDL ok, [1;34mdoctype[0m[34m: Email Account, [1;34mfield[0m[34m: use_imap[0m
    [2;3mat[0m crates\spotledger-db\src\schema.rs:746

  [2m2026-04-19T18:15:40.604462Z[0m [34mDEBUG[0m [1;34mspotledger_db::schema[0m[34m: [34msync_user: executing field DDL, [1;34mdoctype[0m[34m: Email Account, [1;34mfield[0m[34m: use_ssl, [1;34msql[0m[34m: DEFINE FIELD OVERWRITE `use_ssl` ON TABLE `tabEmail_Account` TYPE none | int PERMISSIONS FULL DEFAULT 0;[0m
    [2;3mat[0m crates\spotledger-db\src\schema.rs:741

  [2m2026-04-19T18:15:40.610296Z[0m [34mDEBUG[0m [1;34mspotledger_db::schema[0m[34m: [34msync_user: field DDL ok, [1;34mdoctype[0m[34m: Email Account, [1;34mfield[0m[34m: use_ssl[0m
    [2;3mat[0m crates\spotledger-db\src\schema.rs:746

  [2m2026-04-19T18:15:40.610847Z[0m [34mDEBUG[0m [1;34mspotledger_db::schema[0m[34m: [34msync_user: executing field DDL, [1;34mdoctype[0m[34m: Email Account, [1;34mfield[0m[34m: append_to, [1;34msql[0m[34m: DEFINE FIELD OVERWRITE `append_to` ON TABLE `tabEmail_Account` TYPE option<string> PERMISSIONS FULL;[0m
    [2;3mat[0m crates\spotledger-db\src\schema.rs:741

  [2m2026-04-19T18:15:40.615017Z[0m [34mDEBUG[0m [1;34mspotledger_db::schema[0m[34m: [34msync_user: field DDL ok, [1;34mdoctype[0m[34m: Email Account, [1;34mfield[0m[34m: append_to[0m
    [2;3mat[0m crates\spotledger-db\src\schema.rs:746

  [2m2026-04-19T18:15:40.615582Z[0m [34mDEBUG[0m [1;34mspotledger_db::schema[0m[34m: [34msync_user: executing field DDL, [1;34mdoctype[0m[34m: Email Account, [1;34mfield[0m[34m: default_incoming, [1;34msql[0m[34m: DEFINE FIELD OVERWRITE `default_incoming` ON TABLE `tabEmail_Account` TYPE none | int PERMISSIONS FULL DEFAULT 0;[0m
    [2;3mat[0m crates\spotledger-db\src\schema.rs:741

  [2m2026-04-19T18:15:40.619332Z[0m [34mDEBUG[0m [1;34mspotledger_db::schema[0m[34m: [34msync_user: field DDL ok, [1;34mdoctype[0m[34m: Email Account, [1;34mfield[0m[34m: default_incoming[0m
    [2;3mat[0m crates\spotledger-db\src\schema.rs:746

  [2m2026-04-19T18:15:40.620308Z[0m [34mDEBUG[0m [1;34mspotledger_db::schema[0m[34m: [34msync_user: executing field DDL, [1;34mdoctype[0m[34m: Email Account, [1;34mfield[0m[34m: enable_outgoing, [1;34msql[0m[34m: DEFINE FIELD OVERWRITE `enable_outgoing` ON TABLE `tabEmail_Account` TYPE none | int PERMISSIONS FULL DEFAULT 0;[0m
    [2;3mat[0m crates\spotledger-db\src\schema.rs:741

  [2m2026-04-19T18:15:40.626231Z[0m [34mDEBUG[0m [1;34mspotledger_db::schema[0m[34m: [34msync_user: field DDL ok, [1;34mdoctype[0m[34m: Email Account, [1;34mfield[0m[34m: enable_outgoing[0m
    [2;3mat[0m crates\spotledger-db\src\schema.rs:746

  [2m2026-04-19T18:15:40.627230Z[0m [34mDEBUG[0m [1;34mspotledger_db::schema[0m[34m: [34msync_user: executing field DDL, [1;34mdoctype[0m[34m: Email Account, [1;34mfield[0m[34m: smtp_server, [1;34msql[0m[34m: DEFINE FIELD OVERWRITE `smtp_server` ON TABLE `tabEmail_Account` TYPE option<string> PERMISSIONS FULL;[0m
    [2;3mat[0m crates\spotledger-db\src\schema.rs:741

  [2m2026-04-19T18:15:40.631092Z[0m [34mDEBUG[0m [1;34mspotledger_db::schema[0m[34m: [34msync_user: field DDL ok, [1;34mdoctype[0m[34m: Email Account, [1;34mfield[0m[34m: smtp_server[0m
    [2;3mat[0m crates\spotledger-db\src\schema.rs:746

  [2m2026-04-19T18:15:40.631530Z[0m [34mDEBUG[0m [1;34mspotledger_db::schema[0m[34m: [34msync_user: executing field DDL, [1;34mdoctype[0m[34m: Email Account, [1;34mfield[0m[34m: use_tls, [1;34msql[0m[34m: DEFINE FIELD OVERWRITE `use_tls` ON TABLE `tabEmail_Account` TYPE none | int PERMISSIONS FULL DEFAULT 0;[0m
    [2;3mat[0m crates\spotledger-db\src\schema.rs:741

  [2m2026-04-19T18:15:40.635179Z[0m [34mDEBUG[0m [1;34mspotledger_db::schema[0m[34m: [34msync_user: field DDL ok, [1;34mdoctype[0m[34m: Email Account, [1;34mfield[0m[34m: use_tls[0m
    [2;3mat[0m crates\spotledger-db\src\schema.rs:746

  [2m2026-04-19T18:15:40.635693Z[0m [34mDEBUG[0m [1;34mspotledger_db::schema[0m[34m: [34msync_user: executing field DDL, [1;34mdoctype[0m[34m: Email Account, [1;34mfield[0m[34m: smtp_port, [1;34msql[0m[34m: DEFINE FIELD OVERWRITE `smtp_port` ON TABLE `tabEmail_Account` TYPE option<string> PERMISSIONS FULL;[0m
    [2;3mat[0m crates\spotledger-db\src\schema.rs:741

  [2m2026-04-19T18:15:40.639760Z[0m [34mDEBUG[0m [1;34mspotledger_db::schema[0m[34m: [34msync_user: field DDL ok, [1;34mdoctype[0m[34m: Email Account, [1;34mfield[0m[34m: smtp_port[0m
    [2;3mat[0m crates\spotledger-db\src\schema.rs:746

  [2m2026-04-19T18:15:40.640975Z[0m [34mDEBUG[0m [1;34mspotledger_db::schema[0m[34m: [34msync_user: executing field DDL, [1;34mdoctype[0m[34m: Email Account, [1;34mfield[0m[34m: default_outgoing, [1;34msql[0m[34m: DEFINE FIELD OVERWRITE `default_outgoing` ON TABLE `tabEmail_Account` TYPE none | int PERMISSIONS FULL DEFAULT 0;[0m
    [2;3mat[0m crates\spotledger-db\src\schema.rs:741

  [2m2026-04-19T18:15:40.645749Z[0m [34mDEBUG[0m [1;34mspotledger_db::schema[0m[34m: [34msync_user: field DDL ok, [1;34mdoctype[0m[34m: Email Account, [1;34mfield[0m[34m: default_outgoing[0m
    [2;3mat[0m crates\spotledger-db\src\schema.rs:746

  [2m2026-04-19T18:15:40.646368Z[0m [34mDEBUG[0m [1;34mspotledger_db::schema[0m[34m: [34msync_user: executing field DDL, [1;34mdoctype[0m[34m: Email Account, [1;34mfield[0m[34m: send_unsubscribe_message, [1;34msql[0m[34m: DEFINE FIELD OVERWRITE `send_unsubscribe_message` ON TABLE `tabEmail_Account` TYPE none | int PERMISSIONS FULL DEFAULT 0;[0m
    [2;3mat[0m crates\spotledger-db\src\schema.rs:741

  [2m2026-04-19T18:15:40.649991Z[0m [34mDEBUG[0m [1;34mspotledger_db::schema[0m[34m: [34msync_user: field DDL ok, [1;34mdoctype[0m[34m: Email Account, [1;34mfield[0m[34m: send_unsubscribe_message[0m
    [2;3mat[0m crates\spotledger-db\src\schema.rs:746

  [2m2026-04-19T18:15:40.650478Z[0m [34mDEBUG[0m [1;34mspotledger_db::schema[0m[34m: [34msync_user: executing field DDL, [1;34mdoctype[0m[34m: Email Account, [1;34mfield[0m[34m: track_email_status, [1;34msql[0m[34m: DEFINE FIELD OVERWRITE `track_email_status` ON TABLE `tabEmail_Account` TYPE none | int PERMISSIONS FULL DEFAULT 0;[0m
    [2;3mat[0m crates\spotledger-db\src\schema.rs:741

  [2m2026-04-19T18:15:40.654648Z[0m [34mDEBUG[0m [1;34mspotledger_db::schema[0m[34m: [34msync_user: field DDL ok, [1;34mdoctype[0m[34m: Email Account, [1;34mfield[0m[34m: track_email_status[0m
    [2;3mat[0m crates\spotledger-db\src\schema.rs:746

  [2m2026-04-19T18:15:40.656125Z[0m [34mDEBUG[0m [1;34mspotledger_db::schema[0m[34m: [34msync_user: executing field DDL, [1;34mdoctype[0m[34m: Email Account, [1;34mfield[0m[34m: add_signature, [1;34msql[0m[34m: DEFINE FIELD OVERWRITE `add_signature` ON TABLE `tabEmail_Account` TYPE none | int PERMISSIONS FULL DEFAULT 0;[0m
    [2;3mat[0m crates\spotledger-db\src\schema.rs:741

  [2m2026-04-19T18:15:40.661587Z[0m [34mDEBUG[0m [1;34mspotledger_db::schema[0m[34m: [34msync_user: field DDL ok, [1;34mdoctype[0m[34m: Email Account, [1;34mfield[0m[34m: add_signature[0m
    [2;3mat[0m crates\spotledger-db\src\schema.rs:746

  [2m2026-04-19T18:15:40.662246Z[0m [34mDEBUG[0m [1;34mspotledger_db::schema[0m[34m: [34msync_user: executing field DDL, [1;34mdoctype[0m[34m: Email Account, [1;34mfield[0m[34m: signature, [1;34msql[0m[34m: DEFINE FIELD OVERWRITE `signature` ON TABLE `tabEmail_Account` TYPE option<string> PERMISSIONS FULL;[0m
    [2;3mat[0m crates\spotledger-db\src\schema.rs:741

  [2m2026-04-19T18:15:40.666006Z[0m [34mDEBUG[0m [1;34mspotledger_db::schema[0m[34m: [34msync_user: field DDL ok, [1;34mdoctype[0m[34m: Email Account, [1;34mfield[0m[34m: signature[0m
    [2;3mat[0m crates\spotledger-db\src\schema.rs:746

  [2m2026-04-19T18:15:40.666495Z[0m [34mDEBUG[0m [1;34mspotledger_db::schema[0m[34m: [34msync_user: executing field DDL, [1;34mdoctype[0m[34m: Email Account, [1;34mfield[0m[34m: enable_auto_reply, [1;34msql[0m[34m: DEFINE FIELD OVERWRITE `enable_auto_reply` ON TABLE `tabEmail_Account` TYPE none | int PERMISSIONS FULL DEFAULT 0;[0m
    [2;3mat[0m crates\spotledger-db\src\schema.rs:741

  [2m2026-04-19T18:15:40.670298Z[0m [34mDEBUG[0m [1;34mspotledger_db::schema[0m[34m: [34msync_user: field DDL ok, [1;34mdoctype[0m[34m: Email Account, [1;34mfield[0m[34m: enable_auto_reply[0m
    [2;3mat[0m crates\spotledger-db\src\schema.rs:746

  [2m2026-04-19T18:15:40.670694Z[0m [34mDEBUG[0m [1;34mspotledger_db::schema[0m[34m: [34msync_user: executing field DDL, [1;34mdoctype[0m[34m: Email Account, [1;34mfield[0m[34m: auto_reply_message, [1;34msql[0m[34m: DEFINE FIELD OVERWRITE `auto_reply_message` ON TABLE `tabEmail_Account` TYPE option<string> PERMISSIONS FULL;[0m
    [2;3mat[0m crates\spotledger-db\src\schema.rs:741

  [2m2026-04-19T18:15:40.676391Z[0m [34mDEBUG[0m [1;34mspotledger_db::schema[0m[34m: [34msync_user: field DDL ok, [1;34mdoctype[0m[34m: Email Account, [1;34mfield[0m[34m: auto_reply_message[0m
    [2;3mat[0m crates\spotledger-db\src\schema.rs:746

  [2m2026-04-19T18:15:40.677015Z[0m [34mDEBUG[0m [1;34mspotledger_db::schema[0m[34m: [34msync_user: executing field DDL, [1;34mdoctype[0m[34m: Email Account, [1;34mfield[0m[34m: auth_method, [1;34msql[0m[34m: DEFINE FIELD OVERWRITE `auth_method` ON TABLE `tabEmail_Account` TYPE option<string> PERMISSIONS FULL;[0m
    [2;3mat[0m crates\spotledger-db\src\schema.rs:741

  [2m2026-04-19T18:15:40.680633Z[0m [34mDEBUG[0m [1;34mspotledger_db::schema[0m[34m: [34msync_user: field DDL ok, [1;34mdoctype[0m[34m: Email Account, [1;34mfield[0m[34m: auth_method[0m
    [2;3mat[0m crates\spotledger-db\src\schema.rs:746

  [2m2026-04-19T18:15:40.681001Z[0m [34mDEBUG[0m [1;34mspotledger_db::schema[0m[34m: [34msync_user: executing field DDL, [1;34mdoctype[0m[34m: Email Account, [1;34mfield[0m[34m: connected_app, [1;34msql[0m[34m: DEFINE FIELD OVERWRITE `connected_app` ON TABLE `tabEmail_Account` TYPE option<string> PERMISSIONS FULL;[0m
    [2;3mat[0m crates\spotledger-db\src\schema.rs:741

  [2m2026-04-19T18:15:40.684559Z[0m [34mDEBUG[0m [1;34mspotledger_db::schema[0m[34m: [34msync_user: field DDL ok, [1;34mdoctype[0m[34m: Email Account, [1;34mfield[0m[34m: connected_app[0m
    [2;3mat[0m crates\spotledger-db\src\schema.rs:746

  [2m2026-04-19T18:15:40.685072Z[0m [34mDEBUG[0m [1;34mspotledger_db::schema[0m[34m: [34msync_user: executing field DDL, [1;34mdoctype[0m[34m: Email Account, [1;34mfield[0m[34m: connected_user, [1;34msql[0m[34m: DEFINE FIELD OVERWRITE `connected_user` ON TABLE `tabEmail_Account` TYPE option<string> PERMISSIONS FULL;[0m
    [2;3mat[0m crates\spotledger-db\src\schema.rs:741

  [2m2026-04-19T18:15:40.691218Z[0m [34mDEBUG[0m [1;34mspotledger_db::schema[0m[34m: [34msync_user: field DDL ok, [1;34mdoctype[0m[34m: Email Account, [1;34mfield[0m[34m: connected_user[0m
    [2;3mat[0m crates\spotledger-db\src\schema.rs:746

  [2m2026-04-19T18:15:40.694499Z[0m [34mDEBUG[0m [1;34mspotledger_db::schema[0m[34m: [34msync_user: schema synced, [1;34mdoctype[0m[34m: Email Account[0m
    [2;3mat[0m crates\spotledger-db\src\schema.rs:762

  [2m2026-04-19T18:15:40.731984Z[0m [34mDEBUG[0m [1;34mspotledger_db::schema[0m[34m: [34msync_user: fields loaded, [1;34mdoctype[0m[34m: Email Template, [1;34mfield_count[0m[34m: 4[0m
    [2;3mat[0m crates\spotledger-db\src\schema.rs:689

  [2m2026-04-19T18:15:40.732502Z[0m [34mDEBUG[0m [1;34mspotledger_db::schema[0m[34m: [34msync_user: executing field DDL, [1;34mdoctype[0m[34m: Email Template, [1;34mfield[0m[34m: subject, [1;34msql[0m[34m: DEFINE FIELD OVERWRITE `subject` ON TABLE `tabEmail_Template` TYPE option<string> PERMISSIONS FULL;[0m
    [2;3mat[0m crates\spotledger-db\src\schema.rs:741

  [2m2026-04-19T18:15:40.735735Z[0m [34mDEBUG[0m [1;34mspotledger_db::schema[0m[34m: [34msync_user: field DDL ok, [1;34mdoctype[0m[34m: Email Template, [1;34mfield[0m[34m: subject[0m
    [2;3mat[0m crates\spotledger-db\src\schema.rs:746

  [2m2026-04-19T18:15:40.737796Z[0m [34mDEBUG[0m [1;34mspotledger_db::schema[0m[34m: [34msync_user: executing field DDL, [1;34mdoctype[0m[34m: Email Template, [1;34mfield[0m[34m: response, [1;34msql[0m[34m: DEFINE FIELD OVERWRITE `response` ON TABLE `tabEmail_Template` TYPE option<string> PERMISSIONS FULL;[0m
    [2;3mat[0m crates\spotledger-db\src\schema.rs:741

  [2m2026-04-19T18:15:40.744710Z[0m [34mDEBUG[0m [1;34mspotledger_db::schema[0m[34m: [34msync_user: field DDL ok, [1;34mdoctype[0m[34m: Email Template, [1;34mfield[0m[34m: response[0m
    [2;3mat[0m crates\spotledger-db\src\schema.rs:746

  [2m2026-04-19T18:15:40.745116Z[0m [34mDEBUG[0m [1;34mspotledger_db::schema[0m[34m: [34msync_user: executing field DDL, [1;34mdoctype[0m[34m: Email Template, [1;34mfield[0m[34m: use_html, [1;34msql[0m[34m: DEFINE FIELD OVERWRITE `use_html` ON TABLE `tabEmail_Template` TYPE none | int PERMISSIONS FULL DEFAULT 0;[0m
    [2;3mat[0m crates\spotledger-db\src\schema.rs:741

  [2m2026-04-19T18:15:40.748615Z[0m [34mDEBUG[0m [1;34mspotledger_db::schema[0m[34m: [34msync_user: field DDL ok, [1;34mdoctype[0m[34m: Email Template, [1;34mfield[0m[34m: use_html[0m
    [2;3mat[0m crates\spotledger-db\src\schema.rs:746

  [2m2026-04-19T18:15:40.749190Z[0m [34mDEBUG[0m [1;34mspotledger_db::schema[0m[34m: [34msync_user: executing field DDL, [1;34mdoctype[0m[34m: Email Template, [1;34mfield[0m[34m: response_html, [1;34msql[0m[34m: DEFINE FIELD OVERWRITE `response_html` ON TABLE `tabEmail_Template` TYPE option<string> PERMISSIONS FULL;[0m
    [2;3mat[0m crates\spotledger-db\src\schema.rs:741

  [2m2026-04-19T18:15:40.752071Z[0m [34mDEBUG[0m [1;34mspotledger_db::schema[0m[34m: [34msync_user: field DDL ok, [1;34mdoctype[0m[34m: Email Template, [1;34mfield[0m[34m: response_html[0m
    [2;3mat[0m crates\spotledger-db\src\schema.rs:746

  [2m2026-04-19T18:15:40.757584Z[0m [34mDEBUG[0m [1;34mspotledger_db::schema[0m[34m: [34msync_user: schema synced, [1;34mdoctype[0m[34m: Email Template[0m
    [2;3mat[0m crates\spotledger-db\src\schema.rs:762

  [2m2026-04-19T18:15:40.800213Z[0m [34mDEBUG[0m [1;34mspotledger_db::schema[0m[34m: [34msync_user: fields loaded, [1;34mdoctype[0m[34m: Event, [1;34mfield_count[0m[34m: 25[0m
    [2;3mat[0m crates\spotledger-db\src\schema.rs:689

  [2m2026-04-19T18:15:40.800937Z[0m [34mDEBUG[0m [1;34mspotledger_db::schema[0m[34m: [34msync_user: executing field DDL, [1;34mdoctype[0m[34m: Event, [1;34mfield[0m[34m: subject, [1;34msql[0m[34m: DEFINE FIELD OVERWRITE `subject` ON TABLE `tabEvent` TYPE option<string> PERMISSIONS FULL;[0m
    [2;3mat[0m crates\spotledger-db\src\schema.rs:741

  [2m2026-04-19T18:15:40.804565Z[0m [34mDEBUG[0m [1;34mspotledger_db::schema[0m[34m: [34msync_user: field DDL ok, [1;34mdoctype[0m[34m: Event, [1;34mfield[0m[34m: subject[0m
    [2;3mat[0m crates\spotledger-db\src\schema.rs:746

  [2m2026-04-19T18:15:40.806937Z[0m [34mDEBUG[0m [1;34mspotledger_db::schema[0m[34m: [34msync_user: executing field DDL, [1;34mdoctype[0m[34m: Event, [1;34mfield[0m[34m: event_category, [1;34msql[0m[34m: DEFINE FIELD OVERWRITE `event_category` ON TABLE `tabEvent` TYPE option<string> PERMISSIONS FULL;[0m
    [2;3mat[0m crates\spotledger-db\src\schema.rs:741

  [2m2026-04-19T18:15:40.812029Z[0m [34mDEBUG[0m [1;34mspotledger_db::schema[0m[34m: [34msync_user: field DDL ok, [1;34mdoctype[0m[34m: Event, [1;34mfield[0m[34m: event_category[0m
    [2;3mat[0m crates\spotledger-db\src\schema.rs:746

  [2m2026-04-19T18:15:40.812550Z[0m [34mDEBUG[0m [1;34mspotledger_db::schema[0m[34m: [34msync_user: executing field DDL, [1;34mdoctype[0m[34m: Event, [1;34mfield[0m[34m: event_type, [1;34msql[0m[34m: DEFINE FIELD OVERWRITE `event_type` ON TABLE `tabEvent` TYPE option<string> PERMISSIONS FULL;[0m
    [2;3mat[0m crates\spotledger-db\src\schema.rs:741

  [2m2026-04-19T18:15:40.816065Z[0m [34mDEBUG[0m [1;34mspotledger_db::schema[0m[34m: [34msync_user: field DDL ok, [1;34mdoctype[0m[34m: Event, [1;34mfield[0m[34m: event_type[0m
    [2;3mat[0m crates\spotledger-db\src\schema.rs:746

  [2m2026-04-19T18:15:40.816476Z[0m [34mDEBUG[0m [1;34mspotledger_db::schema[0m[34m: [34msync_user: executing field DDL, [1;34mdoctype[0m[34m: Event, [1;34mfield[0m[34m: starts_on, [1;34msql[0m[34m: DEFINE FIELD OVERWRITE `starts_on` ON TABLE `tabEvent` TYPE option<datetime> PERMISSIONS FULL;[0m
    [2;3mat[0m crates\spotledger-db\src\schema.rs:741

  [2m2026-04-19T18:15:40.820878Z[0m [34mDEBUG[0m [1;34mspotledger_db::schema[0m[34m: [34msync_user: field DDL ok, [1;34mdoctype[0m[34m: Event, [1;34mfield[0m[34m: starts_on[0m
    [2;3mat[0m crates\spotledger-db\src\schema.rs:746

  [2m2026-04-19T18:15:40.821556Z[0m [34mDEBUG[0m [1;34mspotledger_db::schema[0m[34m: [34msync_user: executing field DDL, [1;34mdoctype[0m[34m: Event, [1;34mfield[0m[34m: ends_on, [1;34msql[0m[34m: DEFINE FIELD OVERWRITE `ends_on` ON TABLE `tabEvent` TYPE option<datetime> PERMISSIONS FULL;[0m
    [2;3mat[0m crates\spotledger-db\src\schema.rs:741

  [2m2026-04-19T18:15:40.828333Z[0m [34mDEBUG[0m [1;34mspotledger_db::schema[0m[34m: [34msync_user: field DDL ok, [1;34mdoctype[0m[34m: Event, [1;34mfield[0m[34m: ends_on[0m
    [2;3mat[0m crates\spotledger-db\src\schema.rs:746

  [2m2026-04-19T18:15:40.828740Z[0m [34mDEBUG[0m [1;34mspotledger_db::schema[0m[34m: [34msync_user: executing field DDL, [1;34mdoctype[0m[34m: Event, [1;34mfield[0m[34m: all_day, [1;34msql[0m[34m: DEFINE FIELD OVERWRITE `all_day` ON TABLE `tabEvent` TYPE none | int PERMISSIONS FULL DEFAULT 0;[0m
    [2;3mat[0m crates\spotledger-db\src\schema.rs:741

  [2m2026-04-19T18:15:40.832179Z[0m [34mDEBUG[0m [1;34mspotledger_db::schema[0m[34m: [34msync_user: field DDL ok, [1;34mdoctype[0m[34m: Event, [1;34mfield[0m[34m: all_day[0m
    [2;3mat[0m crates\spotledger-db\src\schema.rs:746

  [2m2026-04-19T18:15:40.832746Z[0m [34mDEBUG[0m [1;34mspotledger_db::schema[0m[34m: [34msync_user: executing field DDL, [1;34mdoctype[0m[34m: Event, [1;34mfield[0m[34m: color, [1;34msql[0m[34m: DEFINE FIELD OVERWRITE `color` ON TABLE `tabEvent` TYPE option<string> PERMISSIONS FULL;[0m
    [2;3mat[0m crates\spotledger-db\src\schema.rs:741

  [2m2026-04-19T18:15:40.836330Z[0m [34mDEBUG[0m [1;34mspotledger_db::schema[0m[34m: [34msync_user: field DDL ok, [1;34mdoctype[0m[34m: Event, [1;34mfield[0m[34m: color[0m
    [2;3mat[0m crates\spotledger-db\src\schema.rs:746

  [2m2026-04-19T18:15:40.836930Z[0m [34mDEBUG[0m [1;34mspotledger_db::schema[0m[34m: [34msync_user: executing field DDL, [1;34mdoctype[0m[34m: Event, [1;34mfield[0m[34m: description, [1;34msql[0m[34m: DEFINE FIELD OVERWRITE `description` ON TABLE `tabEvent` TYPE option<string> PERMISSIONS FULL;[0m
    [2;3mat[0m crates\spotledger-db\src\schema.rs:741

  [2m2026-04-19T18:15:40.843945Z[0m [34mDEBUG[0m [1;34mspotledger_db::schema[0m[34m: [34msync_user: field DDL ok, [1;34mdoctype[0m[34m: Event, [1;34mfield[0m[34m: description[0m
    [2;3mat[0m crates\spotledger-db\src\schema.rs:746

  [2m2026-04-19T18:15:40.844367Z[0m [34mDEBUG[0m [1;34mspotledger_db::schema[0m[34m: [34msync_user: executing field DDL, [1;34mdoctype[0m[34m: Event, [1;34mfield[0m[34m: send_reminder, [1;34msql[0m[34m: DEFINE FIELD OVERWRITE `send_reminder` ON TABLE `tabEvent` TYPE none | int PERMISSIONS FULL DEFAULT 0;[0m
    [2;3mat[0m crates\spotledger-db\src\schema.rs:741

  [2m2026-04-19T18:15:40.847994Z[0m [34mDEBUG[0m [1;34mspotledger_db::schema[0m[34m: [34msync_user: field DDL ok, [1;34mdoctype[0m[34m: Event, [1;34mfield[0m[34m: send_reminder[0m
    [2;3mat[0m crates\spotledger-db\src\schema.rs:746

  [2m2026-04-19T18:15:40.848497Z[0m [34mDEBUG[0m [1;34mspotledger_db::schema[0m[34m: [34msync_user: executing field DDL, [1;34mdoctype[0m[34m: Event, [1;34mfield[0m[34m: status, [1;34msql[0m[34m: DEFINE FIELD OVERWRITE `status` ON TABLE `tabEvent` TYPE option<string> PERMISSIONS FULL;[0m
    [2;3mat[0m crates\spotledger-db\src\schema.rs:741

  [2m2026-04-19T18:15:40.852172Z[0m [34mDEBUG[0m [1;34mspotledger_db::schema[0m[34m: [34msync_user: field DDL ok, [1;34mdoctype[0m[34m: Event, [1;34mfield[0m[34m: status[0m
    [2;3mat[0m crates\spotledger-db\src\schema.rs:746

  [2m2026-04-19T18:15:40.852883Z[0m [34mDEBUG[0m [1;34mspotledger_db::schema[0m[34m: [34msync_user: executing field DDL, [1;34mdoctype[0m[34m: Event, [1;34mfield[0m[34m: repeat_this_event, [1;34msql[0m[34m: DEFINE FIELD OVERWRITE `repeat_this_event` ON TABLE `tabEvent` TYPE none | int PERMISSIONS FULL DEFAULT 0;[0m
    [2;3mat[0m crates\spotledger-db\src\schema.rs:741

  [2m2026-04-19T18:15:40.860882Z[0m [34mDEBUG[0m [1;34mspotledger_db::schema[0m[34m: [34msync_user: field DDL ok, [1;34mdoctype[0m[34m: Event, [1;34mfield[0m[34m: repeat_this_event[0m
    [2;3mat[0m crates\spotledger-db\src\schema.rs:746

  [2m2026-04-19T18:15:40.861501Z[0m [34mDEBUG[0m [1;34mspotledger_db::schema[0m[34m: [34msync_user: executing field DDL, [1;34mdoctype[0m[34m: Event, [1;34mfield[0m[34m: repeat_on, [1;34msql[0m[34m: DEFINE FIELD OVERWRITE `repeat_on` ON TABLE `tabEvent` TYPE option<string> PERMISSIONS FULL;[0m
    [2;3mat[0m crates\spotledger-db\src\schema.rs:741

  [2m2026-04-19T18:15:40.865062Z[0m [34mDEBUG[0m [1;34mspotledger_db::schema[0m[34m: [34msync_user: field DDL ok, [1;34mdoctype[0m[34m: Event, [1;34mfield[0m[34m: repeat_on[0m
    [2;3mat[0m crates\spotledger-db\src\schema.rs:746

  [2m2026-04-19T18:15:40.865648Z[0m [34mDEBUG[0m [1;34mspotledger_db::schema[0m[34m: [34msync_user: executing field DDL, [1;34mdoctype[0m[34m: Event, [1;34mfield[0m[34m: repeat_till, [1;34msql[0m[34m: DEFINE FIELD OVERWRITE `repeat_till` ON TABLE `tabEvent` TYPE option<string> PERMISSIONS FULL;[0m
    [2;3mat[0m crates\spotledger-db\src\schema.rs:741

  [2m2026-04-19T18:15:40.869158Z[0m [34mDEBUG[0m [1;34mspotledger_db::schema[0m[34m: [34msync_user: field DDL ok, [1;34mdoctype[0m[34m: Event, [1;34mfield[0m[34m: repeat_till[0m
    [2;3mat[0m crates\spotledger-db\src\schema.rs:746

  [2m2026-04-19T18:15:40.869814Z[0m [34mDEBUG[0m [1;34mspotledger_db::schema[0m[34m: [34msync_user: executing field DDL, [1;34mdoctype[0m[34m: Event, [1;34mfield[0m[34m: monday, [1;34msql[0m[34m: DEFINE FIELD OVERWRITE `monday` ON TABLE `tabEvent` TYPE none | int PERMISSIONS FULL DEFAULT 0;[0m
    [2;3mat[0m crates\spotledger-db\src\schema.rs:741

  [2m2026-04-19T18:15:40.876220Z[0m [34mDEBUG[0m [1;34mspotledger_db::schema[0m[34m: [34msync_user: field DDL ok, [1;34mdoctype[0m[34m: Event, [1;34mfield[0m[34m: monday[0m
    [2;3mat[0m crates\spotledger-db\src\schema.rs:746

  [2m2026-04-19T18:15:40.876891Z[0m [34mDEBUG[0m [1;34mspotledger_db::schema[0m[34m: [34msync_user: executing field DDL, [1;34mdoctype[0m[34m: Event, [1;34mfield[0m[34m: tuesday, [1;34msql[0m[34m: DEFINE FIELD OVERWRITE `tuesday` ON TABLE `tabEvent` TYPE none | int PERMISSIONS FULL DEFAULT 0;[0m
    [2;3mat[0m crates\spotledger-db\src\schema.rs:741

  [2m2026-04-19T18:15:40.880631Z[0m [34mDEBUG[0m [1;34mspotledger_db::schema[0m[34m: [34msync_user: field DDL ok, [1;34mdoctype[0m[34m: Event, [1;34mfield[0m[34m: tuesday[0m
    [2;3mat[0m crates\spotledger-db\src\schema.rs:746

  [2m2026-04-19T18:15:40.881148Z[0m [34mDEBUG[0m [1;34mspotledger_db::schema[0m[34m: [34msync_user: executing field DDL, [1;34mdoctype[0m[34m: Event, [1;34mfield[0m[34m: wednesday, [1;34msql[0m[34m: DEFINE FIELD OVERWRITE `wednesday` ON TABLE `tabEvent` TYPE none | int PERMISSIONS FULL DEFAULT 0;[0m
    [2;3mat[0m crates\spotledger-db\src\schema.rs:741

  [2m2026-04-19T18:15:40.884644Z[0m [34mDEBUG[0m [1;34mspotledger_db::schema[0m[34m: [34msync_user: field DDL ok, [1;34mdoctype[0m[34m: Event, [1;34mfield[0m[34m: wednesday[0m
    [2;3mat[0m crates\spotledger-db\src\schema.rs:746

  [2m2026-04-19T18:15:40.885490Z[0m [34mDEBUG[0m [1;34mspotledger_db::schema[0m[34m: [34msync_user: executing field DDL, [1;34mdoctype[0m[34m: Event, [1;34mfield[0m[34m: thursday, [1;34msql[0m[34m: DEFINE FIELD OVERWRITE `thursday` ON TABLE `tabEvent` TYPE none | int PERMISSIONS FULL DEFAULT 0;[0m
    [2;3mat[0m crates\spotledger-db\src\schema.rs:741

  [2m2026-04-19T18:15:40.890949Z[0m [34mDEBUG[0m [1;34mspotledger_db::schema[0m[34m: [34msync_user: field DDL ok, [1;34mdoctype[0m[34m: Event, [1;34mfield[0m[34m: thursday[0m
    [2;3mat[0m crates\spotledger-db\src\schema.rs:746

  [2m2026-04-19T18:15:40.891613Z[0m [34mDEBUG[0m [1;34mspotledger_db::schema[0m[34m: [34msync_user: executing field DDL, [1;34mdoctype[0m[34m: Event, [1;34mfield[0m[34m: friday, [1;34msql[0m[34m: DEFINE FIELD OVERWRITE `friday` ON TABLE `tabEvent` TYPE none | int PERMISSIONS FULL DEFAULT 0;[0m
    [2;3mat[0m crates\spotledger-db\src\schema.rs:741

  [2m2026-04-19T18:15:40.895592Z[0m [34mDEBUG[0m [1;34mspotledger_db::schema[0m[34m: [34msync_user: field DDL ok, [1;34mdoctype[0m[34m: Event, [1;34mfield[0m[34m: friday[0m
    [2;3mat[0m crates\spotledger-db\src\schema.rs:746

  [2m2026-04-19T18:15:40.896041Z[0m [34mDEBUG[0m [1;34mspotledger_db::schema[0m[34m: [34msync_user: executing field DDL, [1;34mdoctype[0m[34m: Event, [1;34mfield[0m[34m: saturday, [1;34msql[0m[34m: DEFINE FIELD OVERWRITE `saturday` ON TABLE `tabEvent` TYPE none | int PERMISSIONS FULL DEFAULT 0;[0m
    [2;3mat[0m crates\spotledger-db\src\schema.rs:741

  [2m2026-04-19T18:15:40.900332Z[0m [34mDEBUG[0m [1;34mspotledger_db::schema[0m[34m: [34msync_user: field DDL ok, [1;34mdoctype[0m[34m: Event, [1;34mfield[0m[34m: saturday[0m
    [2;3mat[0m crates\spotledger-db\src\schema.rs:746

  [2m2026-04-19T18:15:40.900873Z[0m [34mDEBUG[0m [1;34mspotledger_db::schema[0m[34m: [34msync_user: executing field DDL, [1;34mdoctype[0m[34m: Event, [1;34mfield[0m[34m: sunday, [1;34msql[0m[34m: DEFINE FIELD OVERWRITE `sunday` ON TABLE `tabEvent` TYPE none | int PERMISSIONS FULL DEFAULT 0;[0m
    [2;3mat[0m crates\spotledger-db\src\schema.rs:741

  [2m2026-04-19T18:15:40.907671Z[0m [34mDEBUG[0m [1;34mspotledger_db::schema[0m[34m: [34msync_user: field DDL ok, [1;34mdoctype[0m[34m: Event, [1;34mfield[0m[34m: sunday[0m
    [2;3mat[0m crates\spotledger-db\src\schema.rs:746

  [2m2026-04-19T18:15:40.908405Z[0m [34mDEBUG[0m [1;34mspotledger_db::schema[0m[34m: [34msync_user: executing field DDL, [1;34mdoctype[0m[34m: Event, [1;34mfield[0m[34m: event_participants, [1;34msql[0m[34m: DEFINE FIELD OVERWRITE `event_participants` ON TABLE `tabEvent` TYPE array<any> PERMISSIONS FULL;[0m
    [2;3mat[0m crates\spotledger-db\src\schema.rs:741

  [2m2026-04-19T18:15:40.912180Z[0m [34mDEBUG[0m [1;34mspotledger_db::schema[0m[34m: [34msync_user: field DDL ok, [1;34mdoctype[0m[34m: Event, [1;34mfield[0m[34m: event_participants[0m
    [2;3mat[0m crates\spotledger-db\src\schema.rs:746

  [2m2026-04-19T18:15:40.912663Z[0m [34mDEBUG[0m [1;34mspotledger_db::schema[0m[34m: [34msync_user: executing field DDL, [1;34mdoctype[0m[34m: Event, [1;34mfield[0m[34m: sync_with_google_calendar, [1;34msql[0m[34m: DEFINE FIELD OVERWRITE `sync_with_google_calendar` ON TABLE `tabEvent` TYPE none | int PERMISSIONS FULL DEFAULT 0;[0m
    [2;3mat[0m crates\spotledger-db\src\schema.rs:741

  [2m2026-04-19T18:15:40.916209Z[0m [34mDEBUG[0m [1;34mspotledger_db::schema[0m[34m: [34msync_user: field DDL ok, [1;34mdoctype[0m[34m: Event, [1;34mfield[0m[34m: sync_with_google_calendar[0m
    [2;3mat[0m crates\spotledger-db\src\schema.rs:746

  [2m2026-04-19T18:15:40.916793Z[0m [34mDEBUG[0m [1;34mspotledger_db::schema[0m[34m: [34msync_user: executing field DDL, [1;34mdoctype[0m[34m: Event, [1;34mfield[0m[34m: google_calendar, [1;34msql[0m[34m: DEFINE FIELD OVERWRITE `google_calendar` ON TABLE `tabEvent` TYPE option<string> PERMISSIONS FULL;[0m
    [2;3mat[0m crates\spotledger-db\src\schema.rs:741

  [2m2026-04-19T18:15:40.920661Z[0m [34mDEBUG[0m [1;34mspotledger_db::schema[0m[34m: [34msync_user: field DDL ok, [1;34mdoctype[0m[34m: Event, [1;34mfield[0m[34m: google_calendar[0m
    [2;3mat[0m crates\spotledger-db\src\schema.rs:746

  [2m2026-04-19T18:15:40.921142Z[0m [34mDEBUG[0m [1;34mspotledger_db::schema[0m[34m: [34msync_user: executing field DDL, [1;34mdoctype[0m[34m: Event, [1;34mfield[0m[34m: reference_doctype, [1;34msql[0m[34m: DEFINE FIELD OVERWRITE `reference_doctype` ON TABLE `tabEvent` TYPE option<string> PERMISSIONS FULL;[0m
    [2;3mat[0m crates\spotledger-db\src\schema.rs:741

  [2m2026-04-19T18:15:40.927923Z[0m [34mDEBUG[0m [1;34mspotledger_db::schema[0m[34m: [34msync_user: field DDL ok, [1;34mdoctype[0m[34m: Event, [1;34mfield[0m[34m: reference_doctype[0m
    [2;3mat[0m crates\spotledger-db\src\schema.rs:746

  [2m2026-04-19T18:15:40.928516Z[0m [34mDEBUG[0m [1;34mspotledger_db::schema[0m[34m: [34msync_user: executing field DDL, [1;34mdoctype[0m[34m: Event, [1;34mfield[0m[34m: reference_docname, [1;34msql[0m[34m: DEFINE FIELD OVERWRITE `reference_docname` ON TABLE `tabEvent` TYPE option<string> PERMISSIONS FULL;[0m
    [2;3mat[0m crates\spotledger-db\src\schema.rs:741

  [2m2026-04-19T18:15:40.932081Z[0m [34mDEBUG[0m [1;34mspotledger_db::schema[0m[34m: [34msync_user: field DDL ok, [1;34mdoctype[0m[34m: Event, [1;34mfield[0m[34m: reference_docname[0m
    [2;3mat[0m crates\spotledger-db\src\schema.rs:746

  [2m2026-04-19T18:15:40.935020Z[0m [34mDEBUG[0m [1;34mspotledger_db::schema[0m[34m: [34msync_user: schema synced, [1;34mdoctype[0m[34m: Event[0m
    [2;3mat[0m crates\spotledger-db\src\schema.rs:762

  [2m2026-04-19T18:15:40.976034Z[0m [34mDEBUG[0m [1;34mspotledger_db::schema[0m[34m: [34msync_user: fields loaded, [1;34mdoctype[0m[34m: FSV Account Mapping, [1;34mfield_count[0m[34m: 3[0m
    [2;3mat[0m crates\spotledger-db\src\schema.rs:689

  [2m2026-04-19T18:15:40.976651Z[0m [34mDEBUG[0m [1;34mspotledger_db::schema[0m[34m: [34msync_user: executing field DDL, [1;34mdoctype[0m[34m: FSV Account Mapping, [1;34mfield[0m[34m: fsv_node, [1;34msql[0m[34m: DEFINE FIELD OVERWRITE `fsv_node` ON TABLE `tabFSV_Account_Mapping` TYPE option<string> PERMISSIONS FULL;[0m
    [2;3mat[0m crates\spotledger-db\src\schema.rs:741

  [2m2026-04-19T18:15:40.979739Z[0m [34mDEBUG[0m [1;34mspotledger_db::schema[0m[34m: [34msync_user: field DDL ok, [1;34mdoctype[0m[34m: FSV Account Mapping, [1;34mfield[0m[34m: fsv_node[0m
    [2;3mat[0m crates\spotledger-db\src\schema.rs:746

  [2m2026-04-19T18:15:40.980323Z[0m [34mDEBUG[0m [1;34mspotledger_db::schema[0m[34m: [34msync_user: executing field DDL, [1;34mdoctype[0m[34m: FSV Account Mapping, [1;34mfield[0m[34m: account, [1;34msql[0m[34m: DEFINE FIELD OVERWRITE `account` ON TABLE `tabFSV_Account_Mapping` TYPE option<string> PERMISSIONS FULL;[0m
    [2;3mat[0m crates\spotledger-db\src\schema.rs:741

  [2m2026-04-19T18:15:40.983466Z[0m [34mDEBUG[0m [1;34mspotledger_db::schema[0m[34m: [34msync_user: field DDL ok, [1;34mdoctype[0m[34m: FSV Account Mapping, [1;34mfield[0m[34m: account[0m
    [2;3mat[0m crates\spotledger-db\src\schema.rs:746

  [2m2026-04-19T18:15:40.984016Z[0m [34mDEBUG[0m [1;34mspotledger_db::schema[0m[34m: [34msync_user: executing field DDL, [1;34mdoctype[0m[34m: FSV Account Mapping, [1;34mfield[0m[34m: chart_of_accounts, [1;34msql[0m[34m: DEFINE FIELD OVERWRITE `chart_of_accounts` ON TABLE `tabFSV_Account_Mapping` TYPE option<string> PERMISSIONS FULL;[0m
    [2;3mat[0m crates\spotledger-db\src\schema.rs:741

  [2m2026-04-19T18:15:40.987245Z[0m [34mDEBUG[0m [1;34mspotledger_db::schema[0m[34m: [34msync_user: field DDL ok, [1;34mdoctype[0m[34m: FSV Account Mapping, [1;34mfield[0m[34m: chart_of_accounts[0m
    [2;3mat[0m crates\spotledger-db\src\schema.rs:746

  [2m2026-04-19T18:15:40.992169Z[0m [34mDEBUG[0m [1;34mspotledger_db::schema[0m[34m: [34msync_user: schema synced, [1;34mdoctype[0m[34m: FSV Account Mapping[0m
    [2;3mat[0m crates\spotledger-db\src\schema.rs:762

  [2m2026-04-19T18:15:41.031363Z[0m [34mDEBUG[0m [1;34mspotledger_db::schema[0m[34m: [34msync_user: fields loaded, [1;34mdoctype[0m[34m: FSV Node, [1;34mfield_count[0m[34m: 5[0m
    [2;3mat[0m crates\spotledger-db\src\schema.rs:689

  [2m2026-04-19T18:15:41.031858Z[0m [34mDEBUG[0m [1;34mspotledger_db::schema[0m[34m: [34msync_user: executing field DDL, [1;34mdoctype[0m[34m: FSV Node, [1;34mfield[0m[34m: fsv, [1;34msql[0m[34m: DEFINE FIELD OVERWRITE `fsv` ON TABLE `tabFSV_Node` TYPE option<string> PERMISSIONS FULL;[0m
    [2;3mat[0m crates\spotledger-db\src\schema.rs:741

  [2m2026-04-19T18:15:41.035630Z[0m [34mDEBUG[0m [1;34mspotledger_db::schema[0m[34m: [34msync_user: field DDL ok, [1;34mdoctype[0m[34m: FSV Node, [1;34mfield[0m[34m: fsv[0m
    [2;3mat[0m crates\spotledger-db\src\schema.rs:746

  [2m2026-04-19T18:15:41.036046Z[0m [34mDEBUG[0m [1;34mspotledger_db::schema[0m[34m: [34msync_user: executing field DDL, [1;34mdoctype[0m[34m: FSV Node, [1;34mfield[0m[34m: node_label, [1;34msql[0m[34m: DEFINE FIELD OVERWRITE `node_label` ON TABLE `tabFSV_Node` TYPE option<string> PERMISSIONS FULL;[0m
    [2;3mat[0m crates\spotledger-db\src\schema.rs:741

  [2m2026-04-19T18:15:41.041575Z[0m [34mDEBUG[0m [1;34mspotledger_db::schema[0m[34m: [34msync_user: field DDL ok, [1;34mdoctype[0m[34m: FSV Node, [1;34mfield[0m[34m: node_label[0m
    [2;3mat[0m crates\spotledger-db\src\schema.rs:746

  [2m2026-04-19T18:15:41.042183Z[0m [34mDEBUG[0m [1;34mspotledger_db::schema[0m[34m: [34msync_user: executing field DDL, [1;34mdoctype[0m[34m: FSV Node, [1;34mfield[0m[34m: parent_node, [1;34msql[0m[34m: DEFINE FIELD OVERWRITE `parent_node` ON TABLE `tabFSV_Node` TYPE option<string> PERMISSIONS FULL;[0m
    [2;3mat[0m crates\spotledger-db\src\schema.rs:741

  [2m2026-04-19T18:15:41.045379Z[0m [34mDEBUG[0m [1;34mspotledger_db::schema[0m[34m: [34msync_user: field DDL ok, [1;34mdoctype[0m[34m: FSV Node, [1;34mfield[0m[34m: parent_node[0m
    [2;3mat[0m crates\spotledger-db\src\schema.rs:746

  [2m2026-04-19T18:15:41.045886Z[0m [34mDEBUG[0m [1;34mspotledger_db::schema[0m[34m: [34msync_user: executing field DDL, [1;34mdoctype[0m[34m: FSV Node, [1;34mfield[0m[34m: sort_order, [1;34msql[0m[34m: DEFINE FIELD OVERWRITE `sort_order` ON TABLE `tabFSV_Node` TYPE none | int PERMISSIONS FULL;[0m
    [2;3mat[0m crates\spotledger-db\src\schema.rs:741

  [2m2026-04-19T18:15:41.049227Z[0m [34mDEBUG[0m [1;34mspotledger_db::schema[0m[34m: [34msync_user: field DDL ok, [1;34mdoctype[0m[34m: FSV Node, [1;34mfield[0m[34m: sort_order[0m
    [2;3mat[0m crates\spotledger-db\src\schema.rs:746

  [2m2026-04-19T18:15:41.049748Z[0m [34mDEBUG[0m [1;34mspotledger_db::schema[0m[34m: [34msync_user: executing field DDL, [1;34mdoctype[0m[34m: FSV Node, [1;34mfield[0m[34m: sign_flip, [1;34msql[0m[34m: DEFINE FIELD OVERWRITE `sign_flip` ON TABLE `tabFSV_Node` TYPE none | int PERMISSIONS FULL DEFAULT 0;[0m
    [2;3mat[0m crates\spotledger-db\src\schema.rs:741

  [2m2026-04-19T18:15:41.053042Z[0m [34mDEBUG[0m [1;34mspotledger_db::schema[0m[34m: [34msync_user: field DDL ok, [1;34mdoctype[0m[34m: FSV Node, [1;34mfield[0m[34m: sign_flip[0m
    [2;3mat[0m crates\spotledger-db\src\schema.rs:746

  [2m2026-04-19T18:15:41.058377Z[0m [34mDEBUG[0m [1;34mspotledger_db::schema[0m[34m: [34msync_user: schema synced, [1;34mdoctype[0m[34m: FSV Node[0m
    [2;3mat[0m crates\spotledger-db\src\schema.rs:762

  [2m2026-04-19T18:15:41.098106Z[0m [34mDEBUG[0m [1;34mspotledger_db::schema[0m[34m: [34msync_user: fields loaded, [1;34mdoctype[0m[34m: Financial Statement Version, [1;34mfield_count[0m[34m: 4[0m
    [2;3mat[0m crates\spotledger-db\src\schema.rs:689

  [2m2026-04-19T18:15:41.098543Z[0m [34mDEBUG[0m [1;34mspotledger_db::schema[0m[34m: [34msync_user: executing field DDL, [1;34mdoctype[0m[34m: Financial Statement Version, [1;34mfield[0m[34m: fsv_name, [1;34msql[0m[34m: DEFINE FIELD OVERWRITE `fsv_name` ON TABLE `tabFinancial_Statement_Version` TYPE option<string> PERMISSIONS FULL;[0m
    [2;3mat[0m crates\spotledger-db\src\schema.rs:741

  [2m2026-04-19T18:15:41.101819Z[0m [34mDEBUG[0m [1;34mspotledger_db::schema[0m[34m: [34msync_user: field DDL ok, [1;34mdoctype[0m[34m: Financial Statement Version, [1;34mfield[0m[34m: fsv_name[0m
    [2;3mat[0m crates\spotledger-db\src\schema.rs:746

  [2m2026-04-19T18:15:41.102421Z[0m [34mDEBUG[0m [1;34mspotledger_db::schema[0m[34m: [34msync_user: executing field DDL, [1;34mdoctype[0m[34m: Financial Statement Version, [1;34mfield[0m[34m: chart_of_accounts, [1;34msql[0m[34m: DEFINE FIELD OVERWRITE `chart_of_accounts` ON TABLE `tabFinancial_Statement_Version` TYPE option<string> PERMISSIONS FULL;[0m
    [2;3mat[0m crates\spotledger-db\src\schema.rs:741

  [2m2026-04-19T18:15:41.108713Z[0m [34mDEBUG[0m [1;34mspotledger_db::schema[0m[34m: [34msync_user: field DDL ok, [1;34mdoctype[0m[34m: Financial Statement Version, [1;34mfield[0m[34m: chart_of_accounts[0m
    [2;3mat[0m crates\spotledger-db\src\schema.rs:746

  [2m2026-04-19T18:15:41.109201Z[0m [34mDEBUG[0m [1;34mspotledger_db::schema[0m[34m: [34msync_user: executing field DDL, [1;34mdoctype[0m[34m: Financial Statement Version, [1;34mfield[0m[34m: purpose, [1;34msql[0m[34m: DEFINE FIELD OVERWRITE `purpose` ON TABLE `tabFinancial_Statement_Version` TYPE option<string> PERMISSIONS FULL;[0m
    [2;3mat[0m crates\spotledger-db\src\schema.rs:741

  [2m2026-04-19T18:15:41.112248Z[0m [34mDEBUG[0m [1;34mspotledger_db::schema[0m[34m: [34msync_user: field DDL ok, [1;34mdoctype[0m[34m: Financial Statement Version, [1;34mfield[0m[34m: purpose[0m
    [2;3mat[0m crates\spotledger-db\src\schema.rs:746

  [2m2026-04-19T18:15:41.112659Z[0m [34mDEBUG[0m [1;34mspotledger_db::schema[0m[34m: [34msync_user: executing field DDL, [1;34mdoctype[0m[34m: Financial Statement Version, [1;34mfield[0m[34m: description, [1;34msql[0m[34m: DEFINE FIELD OVERWRITE `description` ON TABLE `tabFinancial_Statement_Version` TYPE option<string> PERMISSIONS FULL;[0m
    [2;3mat[0m crates\spotledger-db\src\schema.rs:741

  [2m2026-04-19T18:15:41.116037Z[0m [34mDEBUG[0m [1;34mspotledger_db::schema[0m[34m: [34msync_user: field DDL ok, [1;34mdoctype[0m[34m: Financial Statement Version, [1;34mfield[0m[34m: description[0m
    [2;3mat[0m crates\spotledger-db\src\schema.rs:746

  [2m2026-04-19T18:15:41.118958Z[0m [34mDEBUG[0m [1;34mspotledger_db::schema[0m[34m: [34msync_user: schema synced, [1;34mdoctype[0m[34m: Financial Statement Version[0m
    [2;3mat[0m crates\spotledger-db\src\schema.rs:762

  [2m2026-04-19T18:15:41.159356Z[0m [34mDEBUG[0m [1;34mspotledger_db::schema[0m[34m: [34msync_user: fields loaded, [1;34mdoctype[0m[34m: Fiscal Year, [1;34mfield_count[0m[34m: 5[0m
    [2;3mat[0m crates\spotledger-db\src\schema.rs:689

  [2m2026-04-19T18:15:41.159866Z[0m [34mDEBUG[0m [1;34mspotledger_db::schema[0m[34m: [34msync_user: executing field DDL, [1;34mdoctype[0m[34m: Fiscal Year, [1;34mfield[0m[34m: year_name, [1;34msql[0m[34m: DEFINE FIELD OVERWRITE `year_name` ON TABLE `tabFiscal_Year` TYPE option<string> PERMISSIONS FULL;[0m
    [2;3mat[0m crates\spotledger-db\src\schema.rs:741

  [2m2026-04-19T18:15:41.162933Z[0m [34mDEBUG[0m [1;34mspotledger_db::schema[0m[34m: [34msync_user: field DDL ok, [1;34mdoctype[0m[34m: Fiscal Year, [1;34mfield[0m[34m: year_name[0m
    [2;3mat[0m crates\spotledger-db\src\schema.rs:746

  [2m2026-04-19T18:15:41.163376Z[0m [34mDEBUG[0m [1;34mspotledger_db::schema[0m[34m: [34msync_user: executing field DDL, [1;34mdoctype[0m[34m: Fiscal Year, [1;34mfield[0m[34m: company, [1;34msql[0m[34m: DEFINE FIELD OVERWRITE `company` ON TABLE `tabFiscal_Year` TYPE option<string> PERMISSIONS FULL;[0m
    [2;3mat[0m crates\spotledger-db\src\schema.rs:741

  [2m2026-04-19T18:15:41.166398Z[0m [34mDEBUG[0m [1;34mspotledger_db::schema[0m[34m: [34msync_user: field DDL ok, [1;34mdoctype[0m[34m: Fiscal Year, [1;34mfield[0m[34m: company[0m
    [2;3mat[0m crates\spotledger-db\src\schema.rs:746

  [2m2026-04-19T18:15:41.166865Z[0m [34mDEBUG[0m [1;34mspotledger_db::schema[0m[34m: [34msync_user: executing field DDL, [1;34mdoctype[0m[34m: Fiscal Year, [1;34mfield[0m[34m: year_start_date, [1;34msql[0m[34m: DEFINE FIELD OVERWRITE `year_start_date` ON TABLE `tabFiscal_Year` TYPE option<string> PERMISSIONS FULL;[0m
    [2;3mat[0m crates\spotledger-db\src\schema.rs:741

  [2m2026-04-19T18:15:41.169933Z[0m [34mDEBUG[0m [1;34mspotledger_db::schema[0m[34m: [34msync_user: field DDL ok, [1;34mdoctype[0m[34m: Fiscal Year, [1;34mfield[0m[34m: year_start_date[0m
    [2;3mat[0m crates\spotledger-db\src\schema.rs:746

  [2m2026-04-19T18:15:41.170555Z[0m [34mDEBUG[0m [1;34mspotledger_db::schema[0m[34m: [34msync_user: executing field DDL, [1;34mdoctype[0m[34m: Fiscal Year, [1;34mfield[0m[34m: year_end_date, [1;34msql[0m[34m: DEFINE FIELD OVERWRITE `year_end_date` ON TABLE `tabFiscal_Year` TYPE option<string> PERMISSIONS FULL;[0m
    [2;3mat[0m crates\spotledger-db\src\schema.rs:741

  [2m2026-04-19T18:15:41.176133Z[0m [34mDEBUG[0m [1;34mspotledger_db::schema[0m[34m: [34msync_user: field DDL ok, [1;34mdoctype[0m[34m: Fiscal Year, [1;34mfield[0m[34m: year_end_date[0m
    [2;3mat[0m crates\spotledger-db\src\schema.rs:746

  [2m2026-04-19T18:15:41.176524Z[0m [34mDEBUG[0m [1;34mspotledger_db::schema[0m[34m: [34msync_user: executing field DDL, [1;34mdoctype[0m[34m: Fiscal Year, [1;34mfield[0m[34m: is_closed, [1;34msql[0m[34m: DEFINE FIELD OVERWRITE `is_closed` ON TABLE `tabFiscal_Year` TYPE none | int PERMISSIONS FULL DEFAULT 0;[0m
    [2;3mat[0m crates\spotledger-db\src\schema.rs:741

  [2m2026-04-19T18:15:41.179887Z[0m [34mDEBUG[0m [1;34mspotledger_db::schema[0m[34m: [34msync_user: field DDL ok, [1;34mdoctype[0m[34m: Fiscal Year, [1;34mfield[0m[34m: is_closed[0m
    [2;3mat[0m crates\spotledger-db\src\schema.rs:746

  [2m2026-04-19T18:15:41.183282Z[0m [34mDEBUG[0m [1;34mspotledger_db::schema[0m[34m: [34msync_user: schema synced, [1;34mdoctype[0m[34m: Fiscal Year[0m
    [2;3mat[0m crates\spotledger-db\src\schema.rs:762

  [2m2026-04-19T18:15:41.225410Z[0m [34mDEBUG[0m [1;34mspotledger_db::schema[0m[34m: [34msync_user: fields loaded, [1;34mdoctype[0m[34m: GL Entry, [1;34mfield_count[0m[34m: 14[0m
    [2;3mat[0m crates\spotledger-db\src\schema.rs:689

  [2m2026-04-19T18:15:41.225843Z[0m [34mDEBUG[0m [1;34mspotledger_db::schema[0m[34m: [34msync_user: executing field DDL, [1;34mdoctype[0m[34m: GL Entry, [1;34mfield[0m[34m: posting_date, [1;34msql[0m[34m: DEFINE FIELD OVERWRITE `posting_date` ON TABLE `tabGL_Entry` TYPE option<string> PERMISSIONS FULL;[0m
    [2;3mat[0m crates\spotledger-db\src\schema.rs:741

  [2m2026-04-19T18:15:41.229323Z[0m [34mDEBUG[0m [1;34mspotledger_db::schema[0m[34m: [34msync_user: field DDL ok, [1;34mdoctype[0m[34m: GL Entry, [1;34mfield[0m[34m: posting_date[0m
    [2;3mat[0m crates\spotledger-db\src\schema.rs:746

  [2m2026-04-19T18:15:41.230025Z[0m [34mDEBUG[0m [1;34mspotledger_db::schema[0m[34m: [34msync_user: executing field DDL, [1;34mdoctype[0m[34m: GL Entry, [1;34mfield[0m[34m: company, [1;34msql[0m[34m: DEFINE FIELD OVERWRITE `company` ON TABLE `tabGL_Entry` TYPE option<string> PERMISSIONS FULL;[0m
    [2;3mat[0m crates\spotledger-db\src\schema.rs:741

  [2m2026-04-19T18:15:41.233401Z[0m [34mDEBUG[0m [1;34mspotledger_db::schema[0m[34m: [34msync_user: field DDL ok, [1;34mdoctype[0m[34m: GL Entry, [1;34mfield[0m[34m: company[0m
    [2;3mat[0m crates\spotledger-db\src\schema.rs:746

  [2m2026-04-19T18:15:41.234129Z[0m [34mDEBUG[0m [1;34mspotledger_db::schema[0m[34m: [34msync_user: executing field DDL, [1;34mdoctype[0m[34m: GL Entry, [1;34mfield[0m[34m: account, [1;34msql[0m[34m: DEFINE FIELD OVERWRITE `account` ON TABLE `tabGL_Entry` TYPE option<string> PERMISSIONS FULL;[0m
    [2;3mat[0m crates\spotledger-db\src\schema.rs:741

  [2m2026-04-19T18:15:41.237466Z[0m [34mDEBUG[0m [1;34mspotledger_db::schema[0m[34m: [34msync_user: field DDL ok, [1;34mdoctype[0m[34m: GL Entry, [1;34mfield[0m[34m: account[0m
    [2;3mat[0m crates\spotledger-db\src\schema.rs:746

  [2m2026-04-19T18:15:41.240751Z[0m [34mDEBUG[0m [1;34mspotledger_db::schema[0m[34m: [34msync_user: executing field DDL, [1;34mdoctype[0m[34m: GL Entry, [1;34mfield[0m[34m: debit, [1;34msql[0m[34m: DEFINE FIELD OVERWRITE `debit` ON TABLE `tabGL_Entry` TYPE float PERMISSIONS FULL;[0m
    [2;3mat[0m crates\spotledger-db\src\schema.rs:741

  [2m2026-04-19T18:15:41.244676Z[0m [34mDEBUG[0m [1;34mspotledger_db::schema[0m[34m: [34msync_user: field DDL ok, [1;34mdoctype[0m[34m: GL Entry, [1;34mfield[0m[34m: debit[0m
    [2;3mat[0m crates\spotledger-db\src\schema.rs:746

  [2m2026-04-19T18:15:41.245083Z[0m [34mDEBUG[0m [1;34mspotledger_db::schema[0m[34m: [34msync_user: executing field DDL, [1;34mdoctype[0m[34m: GL Entry, [1;34mfield[0m[34m: credit, [1;34msql[0m[34m: DEFINE FIELD OVERWRITE `credit` ON TABLE `tabGL_Entry` TYPE float PERMISSIONS FULL;[0m
    [2;3mat[0m crates\spotledger-db\src\schema.rs:741

  [2m2026-04-19T18:15:41.248151Z[0m [34mDEBUG[0m [1;34mspotledger_db::schema[0m[34m: [34msync_user: field DDL ok, [1;34mdoctype[0m[34m: GL Entry, [1;34mfield[0m[34m: credit[0m
    [2;3mat[0m crates\spotledger-db\src\schema.rs:746

  [2m2026-04-19T18:15:41.248804Z[0m [34mDEBUG[0m [1;34mspotledger_db::schema[0m[34m: [34msync_user: executing field DDL, [1;34mdoctype[0m[34m: GL Entry, [1;34mfield[0m[34m: voucher_type, [1;34msql[0m[34m: DEFINE FIELD OVERWRITE `voucher_type` ON TABLE `tabGL_Entry` TYPE option<string> PERMISSIONS FULL;[0m
    [2;3mat[0m crates\spotledger-db\src\schema.rs:741

  [2m2026-04-19T18:15:41.252570Z[0m [34mDEBUG[0m [1;34mspotledger_db::schema[0m[34m: [34msync_user: field DDL ok, [1;34mdoctype[0m[34m: GL Entry, [1;34mfield[0m[34m: voucher_type[0m
    [2;3mat[0m crates\spotledger-db\src\schema.rs:746

  [2m2026-04-19T18:15:41.253217Z[0m [34mDEBUG[0m [1;34mspotledger_db::schema[0m[34m: [34msync_user: executing field DDL, [1;34mdoctype[0m[34m: GL Entry, [1;34mfield[0m[34m: voucher_no, [1;34msql[0m[34m: DEFINE FIELD OVERWRITE `voucher_no` ON TABLE `tabGL_Entry` TYPE option<string> PERMISSIONS FULL;[0m
    [2;3mat[0m crates\spotledger-db\src\schema.rs:741

  [2m2026-04-19T18:15:41.259040Z[0m [34mDEBUG[0m [1;34mspotledger_db::schema[0m[34m: [34msync_user: field DDL ok, [1;34mdoctype[0m[34m: GL Entry, [1;34mfield[0m[34m: voucher_no[0m
    [2;3mat[0m crates\spotledger-db\src\schema.rs:746

  [2m2026-04-19T18:15:41.259605Z[0m [34mDEBUG[0m [1;34mspotledger_db::schema[0m[34m: [34msync_user: executing field DDL, [1;34mdoctype[0m[34m: GL Entry, [1;34mfield[0m[34m: party, [1;34msql[0m[34m: DEFINE FIELD OVERWRITE `party` ON TABLE `tabGL_Entry` TYPE option<string> PERMISSIONS FULL;[0m
    [2;3mat[0m crates\spotledger-db\src\schema.rs:741

  [2m2026-04-19T18:15:41.262732Z[0m [34mDEBUG[0m [1;34mspotledger_db::schema[0m[34m: [34msync_user: field DDL ok, [1;34mdoctype[0m[34m: GL Entry, [1;34mfield[0m[34m: party[0m
    [2;3mat[0m crates\spotledger-db\src\schema.rs:746

  [2m2026-04-19T18:15:41.263337Z[0m [34mDEBUG[0m [1;34mspotledger_db::schema[0m[34m: [34msync_user: executing field DDL, [1;34mdoctype[0m[34m: GL Entry, [1;34mfield[0m[34m: cost_center, [1;34msql[0m[34m: DEFINE FIELD OVERWRITE `cost_center` ON TABLE `tabGL_Entry` TYPE option<string> PERMISSIONS FULL;[0m
    [2;3mat[0m crates\spotledger-db\src\schema.rs:741

  [2m2026-04-19T18:15:41.266476Z[0m [34mDEBUG[0m [1;34mspotledger_db::schema[0m[34m: [34msync_user: field DDL ok, [1;34mdoctype[0m[34m: GL Entry, [1;34mfield[0m[34m: cost_center[0m
    [2;3mat[0m crates\spotledger-db\src\schema.rs:746

  [2m2026-04-19T18:15:41.266929Z[0m [34mDEBUG[0m [1;34mspotledger_db::schema[0m[34m: [34msync_user: executing field DDL, [1;34mdoctype[0m[34m: GL Entry, [1;34mfield[0m[34m: remarks, [1;34msql[0m[34m: DEFINE FIELD OVERWRITE `remarks` ON TABLE `tabGL_Entry` TYPE option<string> PERMISSIONS FULL;[0m
    [2;3mat[0m crates\spotledger-db\src\schema.rs:741

  [2m2026-04-19T18:15:41.270443Z[0m [34mDEBUG[0m [1;34mspotledger_db::schema[0m[34m: [34msync_user: field DDL ok, [1;34mdoctype[0m[34m: GL Entry, [1;34mfield[0m[34m: remarks[0m
    [2;3mat[0m crates\spotledger-db\src\schema.rs:746

  [2m2026-04-19T18:15:41.273289Z[0m [34mDEBUG[0m [1;34mspotledger_db::schema[0m[34m: [34msync_user: executing field DDL, [1;34mdoctype[0m[34m: GL Entry, [1;34mfield[0m[34m: account_currency, [1;34msql[0m[34m: DEFINE FIELD OVERWRITE `account_currency` ON TABLE `tabGL_Entry` TYPE option<string> PERMISSIONS FULL;[0m
    [2;3mat[0m crates\spotledger-db\src\schema.rs:741

  [2m2026-04-19T18:15:41.277218Z[0m [34mDEBUG[0m [1;34mspotledger_db::schema[0m[34m: [34msync_user: field DDL ok, [1;34mdoctype[0m[34m: GL Entry, [1;34mfield[0m[34m: account_currency[0m
    [2;3mat[0m crates\spotledger-db\src\schema.rs:746

  [2m2026-04-19T18:15:41.277783Z[0m [34mDEBUG[0m [1;34mspotledger_db::schema[0m[34m: [34msync_user: executing field DDL, [1;34mdoctype[0m[34m: GL Entry, [1;34mfield[0m[34m: debit_in_account_currency, [1;34msql[0m[34m: DEFINE FIELD OVERWRITE `debit_in_account_currency` ON TABLE `tabGL_Entry` TYPE float PERMISSIONS FULL;[0m
    [2;3mat[0m crates\spotledger-db\src\schema.rs:741

  [2m2026-04-19T18:15:41.280737Z[0m [34mDEBUG[0m [1;34mspotledger_db::schema[0m[34m: [34msync_user: field DDL ok, [1;34mdoctype[0m[34m: GL Entry, [1;34mfield[0m[34m: debit_in_account_currency[0m
    [2;3mat[0m crates\spotledger-db\src\schema.rs:746

  [2m2026-04-19T18:15:41.281335Z[0m [34mDEBUG[0m [1;34mspotledger_db::schema[0m[34m: [34msync_user: executing field DDL, [1;34mdoctype[0m[34m: GL Entry, [1;34mfield[0m[34m: credit_in_account_currency, [1;34msql[0m[34m: DEFINE FIELD OVERWRITE `credit_in_account_currency` ON TABLE `tabGL_Entry` TYPE float PERMISSIONS FULL;[0m
    [2;3mat[0m crates\spotledger-db\src\schema.rs:741

  [2m2026-04-19T18:15:41.284376Z[0m [34mDEBUG[0m [1;34mspotledger_db::schema[0m[34m: [34msync_user: field DDL ok, [1;34mdoctype[0m[34m: GL Entry, [1;34mfield[0m[34m: credit_in_account_currency[0m
    [2;3mat[0m crates\spotledger-db\src\schema.rs:746

  [2m2026-04-19T18:15:41.284933Z[0m [34mDEBUG[0m [1;34mspotledger_db::schema[0m[34m: [34msync_user: executing field DDL, [1;34mdoctype[0m[34m: GL Entry, [1;34mfield[0m[34m: is_cancelled, [1;34msql[0m[34m: DEFINE FIELD OVERWRITE `is_cancelled` ON TABLE `tabGL_Entry` TYPE none | int PERMISSIONS FULL DEFAULT 0;[0m
    [2;3mat[0m crates\spotledger-db\src\schema.rs:741

  [2m2026-04-19T18:15:41.291383Z[0m [34mDEBUG[0m [1;34mspotledger_db::schema[0m[34m: [34msync_user: field DDL ok, [1;34mdoctype[0m[34m: GL Entry, [1;34mfield[0m[34m: is_cancelled[0m
    [2;3mat[0m crates\spotledger-db\src\schema.rs:746

  [2m2026-04-19T18:15:41.294415Z[0m [34mDEBUG[0m [1;34mspotledger_db::schema[0m[34m: [34msync_user: schema synced, [1;34mdoctype[0m[34m: GL Entry[0m
    [2;3mat[0m crates\spotledger-db\src\schema.rs:762

  [2m2026-04-19T18:15:41.334809Z[0m [34mDEBUG[0m [1;34mspotledger_db::schema[0m[34m: [34msync_user: fields loaded, [1;34mdoctype[0m[34m: Gender, [1;34mfield_count[0m[34m: 1[0m
    [2;3mat[0m crates\spotledger-db\src\schema.rs:689

  [2m2026-04-19T18:15:41.335313Z[0m [34mDEBUG[0m [1;34mspotledger_db::schema[0m[34m: [34msync_user: executing field DDL, [1;34mdoctype[0m[34m: Gender, [1;34mfield[0m[34m: gender, [1;34msql[0m[34m: DEFINE FIELD OVERWRITE `gender` ON TABLE `tabGender` TYPE option<string> PERMISSIONS FULL;[0m
    [2;3mat[0m crates\spotledger-db\src\schema.rs:741

  [2m2026-04-19T18:15:41.341742Z[0m [34mDEBUG[0m [1;34mspotledger_db::schema[0m[34m: [34msync_user: field DDL ok, [1;34mdoctype[0m[34m: Gender, [1;34mfield[0m[34m: gender[0m
    [2;3mat[0m crates\spotledger-db\src\schema.rs:746

  [2m2026-04-19T18:15:41.344998Z[0m [34mDEBUG[0m [1;34mspotledger_db::schema[0m[34m: [34msync_user: schema synced, [1;34mdoctype[0m[34m: Gender[0m
    [2;3mat[0m crates\spotledger-db\src\schema.rs:762

  [2m2026-04-19T18:15:41.384737Z[0m [34mDEBUG[0m [1;34mspotledger_db::schema[0m[34m: [34msync_user: fields loaded, [1;34mdoctype[0m[34m: Global Defaults, [1;34mfield_count[0m[34m: 11[0m
    [2;3mat[0m crates\spotledger-db\src\schema.rs:689

  [2m2026-04-19T18:15:41.385252Z[0m [34mDEBUG[0m [1;34mspotledger_db::schema[0m[34m: [34msync_user: executing field DDL, [1;34mdoctype[0m[34m: Global Defaults, [1;34mfield[0m[34m: default_company, [1;34msql[0m[34m: DEFINE FIELD OVERWRITE `default_company` ON TABLE `tabGlobal_Defaults` TYPE option<string> PERMISSIONS FULL;[0m
    [2;3mat[0m crates\spotledger-db\src\schema.rs:741

  [2m2026-04-19T18:15:41.390816Z[0m [34mDEBUG[0m [1;34mspotledger_db::schema[0m[34m: [34msync_user: field DDL ok, [1;34mdoctype[0m[34m: Global Defaults, [1;34mfield[0m[34m: default_company[0m
    [2;3mat[0m crates\spotledger-db\src\schema.rs:746

  [2m2026-04-19T18:15:41.391469Z[0m [34mDEBUG[0m [1;34mspotledger_db::schema[0m[34m: [34msync_user: executing field DDL, [1;34mdoctype[0m[34m: Global Defaults, [1;34mfield[0m[34m: current_fiscal_year, [1;34msql[0m[34m: DEFINE FIELD OVERWRITE `current_fiscal_year` ON TABLE `tabGlobal_Defaults` TYPE option<string> PERMISSIONS FULL;[0m
    [2;3mat[0m crates\spotledger-db\src\schema.rs:741

  [2m2026-04-19T18:15:41.394830Z[0m [34mDEBUG[0m [1;34mspotledger_db::schema[0m[34m: [34msync_user: field DDL ok, [1;34mdoctype[0m[34m: Global Defaults, [1;34mfield[0m[34m: current_fiscal_year[0m
    [2;3mat[0m crates\spotledger-db\src\schema.rs:746

  [2m2026-04-19T18:15:41.395186Z[0m [34mDEBUG[0m [1;34mspotledger_db::schema[0m[34m: [34msync_user: executing field DDL, [1;34mdoctype[0m[34m: Global Defaults, [1;34mfield[0m[34m: default_currency, [1;34msql[0m[34m: DEFINE FIELD OVERWRITE `default_currency` ON TABLE `tabGlobal_Defaults` TYPE option<string> PERMISSIONS FULL;[0m
    [2;3mat[0m crates\spotledger-db\src\schema.rs:741

  [2m2026-04-19T18:15:41.398195Z[0m [34mDEBUG[0m [1;34mspotledger_db::schema[0m[34m: [34msync_user: field DDL ok, [1;34mdoctype[0m[34m: Global Defaults, [1;34mfield[0m[34m: default_currency[0m
    [2;3mat[0m crates\spotledger-db\src\schema.rs:746

  [2m2026-04-19T18:15:41.398590Z[0m [34mDEBUG[0m [1;34mspotledger_db::schema[0m[34m: [34msync_user: executing field DDL, [1;34mdoctype[0m[34m: Global Defaults, [1;34mfield[0m[34m: disable_rounded_total, [1;34msql[0m[34m: DEFINE FIELD OVERWRITE `disable_rounded_total` ON TABLE `tabGlobal_Defaults` TYPE none | int PERMISSIONS FULL DEFAULT 0;[0m
    [2;3mat[0m crates\spotledger-db\src\schema.rs:741

  [2m2026-04-19T18:15:41.401712Z[0m [34mDEBUG[0m [1;34mspotledger_db::schema[0m[34m: [34msync_user: field DDL ok, [1;34mdoctype[0m[34m: Global Defaults, [1;34mfield[0m[34m: disable_rounded_total[0m
    [2;3mat[0m crates\spotledger-db\src\schema.rs:746

  [2m2026-04-19T18:15:41.402173Z[0m [34mDEBUG[0m [1;34mspotledger_db::schema[0m[34m: [34msync_user: executing field DDL, [1;34mdoctype[0m[34m: Global Defaults, [1;34mfield[0m[34m: disable_in_words, [1;34msql[0m[34m: DEFINE FIELD OVERWRITE `disable_in_words` ON TABLE `tabGlobal_Defaults` TYPE none | int PERMISSIONS FULL DEFAULT 0;[0m
    [2;3mat[0m crates\spotledger-db\src\schema.rs:741

  [2m2026-04-19T18:15:41.407419Z[0m [34mDEBUG[0m [1;34mspotledger_db::schema[0m[34m: [34msync_user: field DDL ok, [1;34mdoctype[0m[34m: Global Defaults, [1;34mfield[0m[34m: disable_in_words[0m
    [2;3mat[0m crates\spotledger-db\src\schema.rs:746

  [2m2026-04-19T18:15:41.407877Z[0m [34mDEBUG[0m [1;34mspotledger_db::schema[0m[34m: [34msync_user: executing field DDL, [1;34mdoctype[0m[34m: Global Defaults, [1;34mfield[0m[34m: hide_currency_symbol, [1;34msql[0m[34m: DEFINE FIELD OVERWRITE `hide_currency_symbol` ON TABLE `tabGlobal_Defaults` TYPE none | int PERMISSIONS FULL DEFAULT 0;[0m
    [2;3mat[0m crates\spotledger-db\src\schema.rs:741

  [2m2026-04-19T18:15:41.411515Z[0m [34mDEBUG[0m [1;34mspotledger_db::schema[0m[34m: [34msync_user: field DDL ok, [1;34mdoctype[0m[34m: Global Defaults, [1;34mfield[0m[34m: hide_currency_symbol[0m
    [2;3mat[0m crates\spotledger-db\src\schema.rs:746

  [2m2026-04-19T18:15:41.411924Z[0m [34mDEBUG[0m [1;34mspotledger_db::schema[0m[34m: [34msync_user: executing field DDL, [1;34mdoctype[0m[34m: Global Defaults, [1;34mfield[0m[34m: float_precision, [1;34msql[0m[34m: DEFINE FIELD OVERWRITE `float_precision` ON TABLE `tabGlobal_Defaults` TYPE option<string> PERMISSIONS FULL;[0m
    [2;3mat[0m crates\spotledger-db\src\schema.rs:741

  [2m2026-04-19T18:15:41.415372Z[0m [34mDEBUG[0m [1;34mspotledger_db::schema[0m[34m: [34msync_user: field DDL ok, [1;34mdoctype[0m[34m: Global Defaults, [1;34mfield[0m[34m: float_precision[0m
    [2;3mat[0m crates\spotledger-db\src\schema.rs:746

  [2m2026-04-19T18:15:41.415781Z[0m [34mDEBUG[0m [1;34mspotledger_db::schema[0m[34m: [34msync_user: executing field DDL, [1;34mdoctype[0m[34m: Global Defaults, [1;34mfield[0m[34m: currency_precision, [1;34msql[0m[34m: DEFINE FIELD OVERWRITE `currency_precision` ON TABLE `tabGlobal_Defaults` TYPE option<string> PERMISSIONS FULL;[0m
    [2;3mat[0m crates\spotledger-db\src\schema.rs:741

  [2m2026-04-19T18:15:41.419042Z[0m [34mDEBUG[0m [1;34mspotledger_db::schema[0m[34m: [34msync_user: field DDL ok, [1;34mdoctype[0m[34m: Global Defaults, [1;34mfield[0m[34m: currency_precision[0m
    [2;3mat[0m crates\spotledger-db\src\schema.rs:746

  [2m2026-04-19T18:15:41.419646Z[0m [34mDEBUG[0m [1;34mspotledger_db::schema[0m[34m: [34msync_user: executing field DDL, [1;34mdoctype[0m[34m: Global Defaults, [1;34mfield[0m[34m: date_format, [1;34msql[0m[34m: DEFINE FIELD OVERWRITE `date_format` ON TABLE `tabGlobal_Defaults` TYPE option<string> PERMISSIONS FULL;[0m
    [2;3mat[0m crates\spotledger-db\src\schema.rs:741

  [2m2026-04-19T18:15:41.425355Z[0m [34mDEBUG[0m [1;34mspotledger_db::schema[0m[34m: [34msync_user: field DDL ok, [1;34mdoctype[0m[34m: Global Defaults, [1;34mfield[0m[34m: date_format[0m
    [2;3mat[0m crates\spotledger-db\src\schema.rs:746

  [2m2026-04-19T18:15:41.426046Z[0m [34mDEBUG[0m [1;34mspotledger_db::schema[0m[34m: [34msync_user: executing field DDL, [1;34mdoctype[0m[34m: Global Defaults, [1;34mfield[0m[34m: time_format, [1;34msql[0m[34m: DEFINE FIELD OVERWRITE `time_format` ON TABLE `tabGlobal_Defaults` TYPE option<string> PERMISSIONS FULL;[0m
    [2;3mat[0m crates\spotledger-db\src\schema.rs:741

  [2m2026-04-19T18:15:41.429525Z[0m [34mDEBUG[0m [1;34mspotledger_db::schema[0m[34m: [34msync_user: field DDL ok, [1;34mdoctype[0m[34m: Global Defaults, [1;34mfield[0m[34m: time_format[0m
    [2;3mat[0m crates\spotledger-db\src\schema.rs:746

  [2m2026-04-19T18:15:41.429944Z[0m [34mDEBUG[0m [1;34mspotledger_db::schema[0m[34m: [34msync_user: executing field DDL, [1;34mdoctype[0m[34m: Global Defaults, [1;34mfield[0m[34m: country, [1;34msql[0m[34m: DEFINE FIELD OVERWRITE `country` ON TABLE `tabGlobal_Defaults` TYPE option<string> PERMISSIONS FULL;[0m
    [2;3mat[0m crates\spotledger-db\src\schema.rs:741

  [2m2026-04-19T18:15:41.433124Z[0m [34mDEBUG[0m [1;34mspotledger_db::schema[0m[34m: [34msync_user: field DDL ok, [1;34mdoctype[0m[34m: Global Defaults, [1;34mfield[0m[34m: country[0m
    [2;3mat[0m crates\spotledger-db\src\schema.rs:746

  [2m2026-04-19T18:15:41.435744Z[0m [34mDEBUG[0m [1;34mspotledger_db::schema[0m[34m: [34msync_user: schema synced, [1;34mdoctype[0m[34m: Global Defaults[0m
    [2;3mat[0m crates\spotledger-db\src\schema.rs:762

  [2m2026-04-19T18:15:41.483668Z[0m [34mDEBUG[0m [1;34mspotledger_db::schema[0m[34m: [34msync_user: fields loaded, [1;34mdoctype[0m[34m: Invoice Allocation, [1;34mfield_count[0m[34m: 4[0m
    [2;3mat[0m crates\spotledger-db\src\schema.rs:689

  [2m2026-04-19T18:15:41.484025Z[0m [34mDEBUG[0m [1;34mspotledger_db::schema[0m[34m: [34msync_user: executing field DDL, [1;34mdoctype[0m[34m: Invoice Allocation, [1;34mfield[0m[34m: voucher_type, [1;34msql[0m[34m: DEFINE FIELD OVERWRITE `voucher_type` ON TABLE `tabInvoice_Allocation` TYPE option<string> PERMISSIONS FULL;[0m
    [2;3mat[0m crates\spotledger-db\src\schema.rs:741

  [2m2026-04-19T18:15:41.488736Z[0m [34mDEBUG[0m [1;34mspotledger_db::schema[0m[34m: [34msync_user: field DDL ok, [1;34mdoctype[0m[34m: Invoice Allocation, [1;34mfield[0m[34m: voucher_type[0m
    [2;3mat[0m crates\spotledger-db\src\schema.rs:746

  [2m2026-04-19T18:15:41.489746Z[0m [34mDEBUG[0m [1;34mspotledger_db::schema[0m[34m: [34msync_user: executing field DDL, [1;34mdoctype[0m[34m: Invoice Allocation, [1;34mfield[0m[34m: voucher_no, [1;34msql[0m[34m: DEFINE FIELD OVERWRITE `voucher_no` ON TABLE `tabInvoice_Allocation` TYPE option<string> PERMISSIONS FULL;[0m
    [2;3mat[0m crates\spotledger-db\src\schema.rs:741

  [2m2026-04-19T18:15:41.494323Z[0m [34mDEBUG[0m [1;34mspotledger_db::schema[0m[34m: [34msync_user: field DDL ok, [1;34mdoctype[0m[34m: Invoice Allocation, [1;34mfield[0m[34m: voucher_no[0m
    [2;3mat[0m crates\spotledger-db\src\schema.rs:746

  [2m2026-04-19T18:15:41.494924Z[0m [34mDEBUG[0m [1;34mspotledger_db::schema[0m[34m: [34msync_user: executing field DDL, [1;34mdoctype[0m[34m: Invoice Allocation, [1;34mfield[0m[34m: outstanding_amount, [1;34msql[0m[34m: DEFINE FIELD OVERWRITE `outstanding_amount` ON TABLE `tabInvoice_Allocation` TYPE float PERMISSIONS FULL;[0m
    [2;3mat[0m crates\spotledger-db\src\schema.rs:741

  [2m2026-04-19T18:15:41.498751Z[0m [34mDEBUG[0m [1;34mspotledger_db::schema[0m[34m: [34msync_user: field DDL ok, [1;34mdoctype[0m[34m: Invoice Allocation, [1;34mfield[0m[34m: outstanding_amount[0m
    [2;3mat[0m crates\spotledger-db\src\schema.rs:746

  [2m2026-04-19T18:15:41.499453Z[0m [34mDEBUG[0m [1;34mspotledger_db::schema[0m[34m: [34msync_user: executing field DDL, [1;34mdoctype[0m[34m: Invoice Allocation, [1;34mfield[0m[34m: allocated_amount, [1;34msql[0m[34m: DEFINE FIELD OVERWRITE `allocated_amount` ON TABLE `tabInvoice_Allocation` TYPE float PERMISSIONS FULL;[0m
    [2;3mat[0m crates\spotledger-db\src\schema.rs:741

  [2m2026-04-19T18:15:41.503004Z[0m [34mDEBUG[0m [1;34mspotledger_db::schema[0m[34m: [34msync_user: field DDL ok, [1;34mdoctype[0m[34m: Invoice Allocation, [1;34mfield[0m[34m: allocated_amount[0m
    [2;3mat[0m crates\spotledger-db\src\schema.rs:746

  [2m2026-04-19T18:15:41.503405Z[0m [34mDEBUG[0m [1;34mspotledger_db::schema[0m[34m: [34msync_user: schema synced, [1;34mdoctype[0m[34m: Invoice Allocation[0m
    [2;3mat[0m crates\spotledger-db\src\schema.rs:762

  [2m2026-04-19T18:15:41.542431Z[0m [34mDEBUG[0m [1;34mspotledger_db::schema[0m[34m: [34msync_user: fields loaded, [1;34mdoctype[0m[34m: Journal Entry, [1;34mfield_count[0m[34m: 9[0m
    [2;3mat[0m crates\spotledger-db\src\schema.rs:689

  [2m2026-04-19T18:15:41.542879Z[0m [34mDEBUG[0m [1;34mspotledger_db::schema[0m[34m: [34msync_user: executing field DDL, [1;34mdoctype[0m[34m: Journal Entry, [1;34mfield[0m[34m: posting_date, [1;34msql[0m[34m: DEFINE FIELD OVERWRITE `posting_date` ON TABLE `tabJournal_Entry` TYPE option<string> PERMISSIONS FULL;[0m
    [2;3mat[0m crates\spotledger-db\src\schema.rs:741

  [2m2026-04-19T18:15:41.546189Z[0m [34mDEBUG[0m [1;34mspotledger_db::schema[0m[34m: [34msync_user: field DDL ok, [1;34mdoctype[0m[34m: Journal Entry, [1;34mfield[0m[34m: posting_date[0m
    [2;3mat[0m crates\spotledger-db\src\schema.rs:746

  [2m2026-04-19T18:15:41.546593Z[0m [34mDEBUG[0m [1;34mspotledger_db::schema[0m[34m: [34msync_user: executing field DDL, [1;34mdoctype[0m[34m: Journal Entry, [1;34mfield[0m[34m: company, [1;34msql[0m[34m: DEFINE FIELD OVERWRITE `company` ON TABLE `tabJournal_Entry` TYPE option<string> PERMISSIONS FULL;[0m
    [2;3mat[0m crates\spotledger-db\src\schema.rs:741

  [2m2026-04-19T18:15:41.550182Z[0m [34mDEBUG[0m [1;34mspotledger_db::schema[0m[34m: [34msync_user: field DDL ok, [1;34mdoctype[0m[34m: Journal Entry, [1;34mfield[0m[34m: company[0m
    [2;3mat[0m crates\spotledger-db\src\schema.rs:746

  [2m2026-04-19T18:15:41.550812Z[0m [34mDEBUG[0m [1;34mspotledger_db::schema[0m[34m: [34msync_user: executing field DDL, [1;34mdoctype[0m[34m: Journal Entry, [1;34mfield[0m[34m: voucher_type, [1;34msql[0m[34m: DEFINE FIELD OVERWRITE `voucher_type` ON TABLE `tabJournal_Entry` TYPE option<string> PERMISSIONS FULL;[0m
    [2;3mat[0m crates\spotledger-db\src\schema.rs:741

  [2m2026-04-19T18:15:41.554479Z[0m [34mDEBUG[0m [1;34mspotledger_db::schema[0m[34m: [34msync_user: field DDL ok, [1;34mdoctype[0m[34m: Journal Entry, [1;34mfield[0m[34m: voucher_type[0m
    [2;3mat[0m crates\spotledger-db\src\schema.rs:746

  [2m2026-04-19T18:15:41.555552Z[0m [34mDEBUG[0m [1;34mspotledger_db::schema[0m[34m: [34msync_user: executing field DDL, [1;34mdoctype[0m[34m: Journal Entry, [1;34mfield[0m[34m: accounts, [1;34msql[0m[34m: DEFINE FIELD OVERWRITE `accounts` ON TABLE `tabJournal_Entry` TYPE array<any> PERMISSIONS FULL;[0m
    [2;3mat[0m crates\spotledger-db\src\schema.rs:741

  [2m2026-04-19T18:15:41.559093Z[0m [34mDEBUG[0m [1;34mspotledger_db::schema[0m[34m: [34msync_user: field DDL ok, [1;34mdoctype[0m[34m: Journal Entry, [1;34mfield[0m[34m: accounts[0m
    [2;3mat[0m crates\spotledger-db\src\schema.rs:746

  [2m2026-04-19T18:15:41.559510Z[0m [34mDEBUG[0m [1;34mspotledger_db::schema[0m[34m: [34msync_user: executing field DDL, [1;34mdoctype[0m[34m: Journal Entry, [1;34mfield[0m[34m: total_debit, [1;34msql[0m[34m: DEFINE FIELD OVERWRITE `total_debit` ON TABLE `tabJournal_Entry` TYPE float PERMISSIONS FULL;[0m
    [2;3mat[0m crates\spotledger-db\src\schema.rs:741

  [2m2026-04-19T18:15:41.562781Z[0m [34mDEBUG[0m [1;34mspotledger_db::schema[0m[34m: [34msync_user: field DDL ok, [1;34mdoctype[0m[34m: Journal Entry, [1;34mfield[0m[34m: total_debit[0m
    [2;3mat[0m crates\spotledger-db\src\schema.rs:746

  [2m2026-04-19T18:15:41.563250Z[0m [34mDEBUG[0m [1;34mspotledger_db::schema[0m[34m: [34msync_user: executing field DDL, [1;34mdoctype[0m[34m: Journal Entry, [1;34mfield[0m[34m: total_credit, [1;34msql[0m[34m: DEFINE FIELD OVERWRITE `total_credit` ON TABLE `tabJournal_Entry` TYPE float PERMISSIONS FULL;[0m
    [2;3mat[0m crates\spotledger-db\src\schema.rs:741

  [2m2026-04-19T18:15:41.566599Z[0m [34mDEBUG[0m [1;34mspotledger_db::schema[0m[34m: [34msync_user: field DDL ok, [1;34mdoctype[0m[34m: Journal Entry, [1;34mfield[0m[34m: total_credit[0m
    [2;3mat[0m crates\spotledger-db\src\schema.rs:746

  [2m2026-04-19T18:15:41.567076Z[0m [34mDEBUG[0m [1;34mspotledger_db::schema[0m[34m: [34msync_user: executing field DDL, [1;34mdoctype[0m[34m: Journal Entry, [1;34mfield[0m[34m: user_remark, [1;34msql[0m[34m: DEFINE FIELD OVERWRITE `user_remark` ON TABLE `tabJournal_Entry` TYPE option<string> PERMISSIONS FULL;[0m
    [2;3mat[0m crates\spotledger-db\src\schema.rs:741

  [2m2026-04-19T18:15:41.570358Z[0m [34mDEBUG[0m [1;34mspotledger_db::schema[0m[34m: [34msync_user: field DDL ok, [1;34mdoctype[0m[34m: Journal Entry, [1;34mfield[0m[34m: user_remark[0m
    [2;3mat[0m crates\spotledger-db\src\schema.rs:746

  [2m2026-04-19T18:15:41.570756Z[0m [34mDEBUG[0m [1;34mspotledger_db::schema[0m[34m: [34msync_user: executing field DDL, [1;34mdoctype[0m[34m: Journal Entry, [1;34mfield[0m[34m: cheque_no, [1;34msql[0m[34m: DEFINE FIELD OVERWRITE `cheque_no` ON TABLE `tabJournal_Entry` TYPE option<string> PERMISSIONS FULL;[0m
    [2;3mat[0m crates\spotledger-db\src\schema.rs:741

  [2m2026-04-19T18:15:41.575091Z[0m [34mDEBUG[0m [1;34mspotledger_db::schema[0m[34m: [34msync_user: field DDL ok, [1;34mdoctype[0m[34m: Journal Entry, [1;34mfield[0m[34m: cheque_no[0m
    [2;3mat[0m crates\spotledger-db\src\schema.rs:746

  [2m2026-04-19T18:15:41.575838Z[0m [34mDEBUG[0m [1;34mspotledger_db::schema[0m[34m: [34msync_user: executing field DDL, [1;34mdoctype[0m[34m: Journal Entry, [1;34mfield[0m[34m: cheque_date, [1;34msql[0m[34m: DEFINE FIELD OVERWRITE `cheque_date` ON TABLE `tabJournal_Entry` TYPE option<string> PERMISSIONS FULL;[0m
    [2;3mat[0m crates\spotledger-db\src\schema.rs:741

  [2m2026-04-19T18:15:41.579085Z[0m [34mDEBUG[0m [1;34mspotledger_db::schema[0m[34m: [34msync_user: field DDL ok, [1;34mdoctype[0m[34m: Journal Entry, [1;34mfield[0m[34m: cheque_date[0m
    [2;3mat[0m crates\spotledger-db\src\schema.rs:746

  [2m2026-04-19T18:15:41.582134Z[0m [34mDEBUG[0m [1;34mspotledger_db::schema[0m[34m: [34msync_user: schema synced, [1;34mdoctype[0m[34m: Journal Entry[0m
    [2;3mat[0m crates\spotledger-db\src\schema.rs:762

  [2m2026-04-19T18:15:41.626238Z[0m [34mDEBUG[0m [1;34mspotledger_db::schema[0m[34m: [34msync_user: fields loaded, [1;34mdoctype[0m[34m: Journal Entry Account, [1;34mfield_count[0m[34m: 6[0m
    [2;3mat[0m crates\spotledger-db\src\schema.rs:689

  [2m2026-04-19T18:15:41.627043Z[0m [34mDEBUG[0m [1;34mspotledger_db::schema[0m[34m: [34msync_user: executing field DDL, [1;34mdoctype[0m[34m: Journal Entry Account, [1;34mfield[0m[34m: account, [1;34msql[0m[34m: DEFINE FIELD OVERWRITE `account` ON TABLE `tabJournal_Entry_Account` TYPE option<string> PERMISSIONS FULL;[0m
    [2;3mat[0m crates\spotledger-db\src\schema.rs:741

  [2m2026-04-19T18:15:41.631082Z[0m [34mDEBUG[0m [1;34mspotledger_db::schema[0m[34m: [34msync_user: field DDL ok, [1;34mdoctype[0m[34m: Journal Entry Account, [1;34mfield[0m[34m: account[0m
    [2;3mat[0m crates\spotledger-db\src\schema.rs:746

  [2m2026-04-19T18:15:41.631679Z[0m [34mDEBUG[0m [1;34mspotledger_db::schema[0m[34m: [34msync_user: executing field DDL, [1;34mdoctype[0m[34m: Journal Entry Account, [1;34mfield[0m[34m: debit, [1;34msql[0m[34m: DEFINE FIELD OVERWRITE `debit` ON TABLE `tabJournal_Entry_Account` TYPE float PERMISSIONS FULL;[0m
    [2;3mat[0m crates\spotledger-db\src\schema.rs:741

  [2m2026-04-19T18:15:41.634668Z[0m [34mDEBUG[0m [1;34mspotledger_db::schema[0m[34m: [34msync_user: field DDL ok, [1;34mdoctype[0m[34m: Journal Entry Account, [1;34mfield[0m[34m: debit[0m
    [2;3mat[0m crates\spotledger-db\src\schema.rs:746

  [2m2026-04-19T18:15:41.635161Z[0m [34mDEBUG[0m [1;34mspotledger_db::schema[0m[34m: [34msync_user: executing field DDL, [1;34mdoctype[0m[34m: Journal Entry Account, [1;34mfield[0m[34m: credit, [1;34msql[0m[34m: DEFINE FIELD OVERWRITE `credit` ON TABLE `tabJournal_Entry_Account` TYPE float PERMISSIONS FULL;[0m
    [2;3mat[0m crates\spotledger-db\src\schema.rs:741

  [2m2026-04-19T18:15:41.638852Z[0m [34mDEBUG[0m [1;34mspotledger_db::schema[0m[34m: [34msync_user: field DDL ok, [1;34mdoctype[0m[34m: Journal Entry Account, [1;34mfield[0m[34m: credit[0m
    [2;3mat[0m crates\spotledger-db\src\schema.rs:746

  [2m2026-04-19T18:15:41.639598Z[0m [34mDEBUG[0m [1;34mspotledger_db::schema[0m[34m: [34msync_user: executing field DDL, [1;34mdoctype[0m[34m: Journal Entry Account, [1;34mfield[0m[34m: party, [1;34msql[0m[34m: DEFINE FIELD OVERWRITE `party` ON TABLE `tabJournal_Entry_Account` TYPE option<string> PERMISSIONS FULL;[0m
    [2;3mat[0m crates\spotledger-db\src\schema.rs:741

  [2m2026-04-19T18:15:41.643124Z[0m [34mDEBUG[0m [1;34mspotledger_db::schema[0m[34m: [34msync_user: field DDL ok, [1;34mdoctype[0m[34m: Journal Entry Account, [1;34mfield[0m[34m: party[0m
    [2;3mat[0m crates\spotledger-db\src\schema.rs:746

  [2m2026-04-19T18:15:41.643695Z[0m [34mDEBUG[0m [1;34mspotledger_db::schema[0m[34m: [34msync_user: executing field DDL, [1;34mdoctype[0m[34m: Journal Entry Account, [1;34mfield[0m[34m: cost_center, [1;34msql[0m[34m: DEFINE FIELD OVERWRITE `cost_center` ON TABLE `tabJournal_Entry_Account` TYPE option<string> PERMISSIONS FULL;[0m
    [2;3mat[0m crates\spotledger-db\src\schema.rs:741

  [2m2026-04-19T18:15:41.647195Z[0m [34mDEBUG[0m [1;34mspotledger_db::schema[0m[34m: [34msync_user: field DDL ok, [1;34mdoctype[0m[34m: Journal Entry Account, [1;34mfield[0m[34m: cost_center[0m
    [2;3mat[0m crates\spotledger-db\src\schema.rs:746

  [2m2026-04-19T18:15:41.647623Z[0m [34mDEBUG[0m [1;34mspotledger_db::schema[0m[34m: [34msync_user: executing field DDL, [1;34mdoctype[0m[34m: Journal Entry Account, [1;34mfield[0m[34m: remarks, [1;34msql[0m[34m: DEFINE FIELD OVERWRITE `remarks` ON TABLE `tabJournal_Entry_Account` TYPE option<string> PERMISSIONS FULL;[0m
    [2;3mat[0m crates\spotledger-db\src\schema.rs:741

  [2m2026-04-19T18:15:41.650968Z[0m [34mDEBUG[0m [1;34mspotledger_db::schema[0m[34m: [34msync_user: field DDL ok, [1;34mdoctype[0m[34m: Journal Entry Account, [1;34mfield[0m[34m: remarks[0m
    [2;3mat[0m crates\spotledger-db\src\schema.rs:746

  [2m2026-04-19T18:15:41.651431Z[0m [34mDEBUG[0m [1;34mspotledger_db::schema[0m[34m: [34msync_user: schema synced, [1;34mdoctype[0m[34m: Journal Entry Account[0m
    [2;3mat[0m crates\spotledger-db\src\schema.rs:762

  [2m2026-04-19T18:15:41.688822Z[0m [34mDEBUG[0m [1;34mspotledger_db::schema[0m[34m: [34msync_user: fields loaded, [1;34mdoctype[0m[34m: Language, [1;34mfield_count[0m[34m: 9[0m
    [2;3mat[0m crates\spotledger-db\src\schema.rs:689

  [2m2026-04-19T18:15:41.689410Z[0m [34mDEBUG[0m [1;34mspotledger_db::schema[0m[34m: [34msync_user: executing field DDL, [1;34mdoctype[0m[34m: Language, [1;34mfield[0m[34m: language_code, [1;34msql[0m[34m: DEFINE FIELD OVERWRITE `language_code` ON TABLE `tabLanguage` TYPE option<string> PERMISSIONS FULL;[0m
    [2;3mat[0m crates\spotledger-db\src\schema.rs:741

  [2m2026-04-19T18:15:41.693044Z[0m [34mDEBUG[0m [1;34mspotledger_db::schema[0m[34m: [34msync_user: field DDL ok, [1;34mdoctype[0m[34m: Language, [1;34mfield[0m[34m: language_code[0m
    [2;3mat[0m crates\spotledger-db\src\schema.rs:746

  [2m2026-04-19T18:15:41.693423Z[0m [34mDEBUG[0m [1;34mspotledger_db::schema[0m[34m: [34msync_user: executing field DDL, [1;34mdoctype[0m[34m: Language, [1;34mfield[0m[34m: language_name, [1;34msql[0m[34m: DEFINE FIELD OVERWRITE `language_name` ON TABLE `tabLanguage` TYPE option<string> PERMISSIONS FULL;[0m
    [2;3mat[0m crates\spotledger-db\src\schema.rs:741

  [2m2026-04-19T18:15:41.697123Z[0m [34mDEBUG[0m [1;34mspotledger_db::schema[0m[34m: [34msync_user: field DDL ok, [1;34mdoctype[0m[34m: Language, [1;34mfield[0m[34m: language_name[0m
    [2;3mat[0m crates\spotledger-db\src\schema.rs:746

  [2m2026-04-19T18:15:41.697591Z[0m [34mDEBUG[0m [1;34mspotledger_db::schema[0m[34m: [34msync_user: executing field DDL, [1;34mdoctype[0m[34m: Language, [1;34mfield[0m[34m: flag, [1;34msql[0m[34m: DEFINE FIELD OVERWRITE `flag` ON TABLE `tabLanguage` TYPE option<string> PERMISSIONS FULL;[0m
    [2;3mat[0m crates\spotledger-db\src\schema.rs:741

  [2m2026-04-19T18:15:41.700957Z[0m [34mDEBUG[0m [1;34mspotledger_db::schema[0m[34m: [34msync_user: field DDL ok, [1;34mdoctype[0m[34m: Language, [1;34mfield[0m[34m: flag[0m
    [2;3mat[0m crates\spotledger-db\src\schema.rs:746

  [2m2026-04-19T18:15:41.701463Z[0m [34mDEBUG[0m [1;34mspotledger_db::schema[0m[34m: [34msync_user: executing field DDL, [1;34mdoctype[0m[34m: Language, [1;34mfield[0m[34m: based_on, [1;34msql[0m[34m: DEFINE FIELD OVERWRITE `based_on` ON TABLE `tabLanguage` TYPE option<string> PERMISSIONS FULL;[0m
    [2;3mat[0m crates\spotledger-db\src\schema.rs:741

  [2m2026-04-19T18:15:41.705243Z[0m [34mDEBUG[0m [1;34mspotledger_db::schema[0m[34m: [34msync_user: field DDL ok, [1;34mdoctype[0m[34m: Language, [1;34mfield[0m[34m: based_on[0m
    [2;3mat[0m crates\spotledger-db\src\schema.rs:746

  [2m2026-04-19T18:15:41.705831Z[0m [34mDEBUG[0m [1;34mspotledger_db::schema[0m[34m: [34msync_user: executing field DDL, [1;34mdoctype[0m[34m: Language, [1;34mfield[0m[34m: enabled, [1;34msql[0m[34m: DEFINE FIELD OVERWRITE `enabled` ON TABLE `tabLanguage` TYPE none | int PERMISSIONS FULL DEFAULT 0;[0m
    [2;3mat[0m crates\spotledger-db\src\schema.rs:741

  [2m2026-04-19T18:15:41.709680Z[0m [34mDEBUG[0m [1;34mspotledger_db::schema[0m[34m: [34msync_user: field DDL ok, [1;34mdoctype[0m[34m: Language, [1;34mfield[0m[34m: enabled[0m
    [2;3mat[0m crates\spotledger-db\src\schema.rs:746

  [2m2026-04-19T18:15:41.710330Z[0m [34mDEBUG[0m [1;34mspotledger_db::schema[0m[34m: [34msync_user: executing field DDL, [1;34mdoctype[0m[34m: Language, [1;34mfield[0m[34m: date_format, [1;34msql[0m[34m: DEFINE FIELD OVERWRITE `date_format` ON TABLE `tabLanguage` TYPE option<string> PERMISSIONS FULL;[0m
    [2;3mat[0m crates\spotledger-db\src\schema.rs:741

  [2m2026-04-19T18:15:41.714053Z[0m [34mDEBUG[0m [1;34mspotledger_db::schema[0m[34m: [34msync_user: field DDL ok, [1;34mdoctype[0m[34m: Language, [1;34mfield[0m[34m: date_format[0m
    [2;3mat[0m crates\spotledger-db\src\schema.rs:746

  [2m2026-04-19T18:15:41.714462Z[0m [34mDEBUG[0m [1;34mspotledger_db::schema[0m[34m: [34msync_user: executing field DDL, [1;34mdoctype[0m[34m: Language, [1;34mfield[0m[34m: time_format, [1;34msql[0m[34m: DEFINE FIELD OVERWRITE `time_format` ON TABLE `tabLanguage` TYPE option<string> PERMISSIONS FULL;[0m
    [2;3mat[0m crates\spotledger-db\src\schema.rs:741

  [2m2026-04-19T18:15:41.718271Z[0m [34mDEBUG[0m [1;34mspotledger_db::schema[0m[34m: [34msync_user: field DDL ok, [1;34mdoctype[0m[34m: Language, [1;34mfield[0m[34m: time_format[0m
    [2;3mat[0m crates\spotledger-db\src\schema.rs:746

  [2m2026-04-19T18:15:41.718849Z[0m [34mDEBUG[0m [1;34mspotledger_db::schema[0m[34m: [34msync_user: executing field DDL, [1;34mdoctype[0m[34m: Language, [1;34mfield[0m[34m: number_format, [1;34msql[0m[34m: DEFINE FIELD OVERWRITE `number_format` ON TABLE `tabLanguage` TYPE option<string> PERMISSIONS FULL;[0m
    [2;3mat[0m crates\spotledger-db\src\schema.rs:741

  [2m2026-04-19T18:15:41.723171Z[0m [34mDEBUG[0m [1;34mspotledger_db::schema[0m[34m: [34msync_user: field DDL ok, [1;34mdoctype[0m[34m: Language, [1;34mfield[0m[34m: number_format[0m
    [2;3mat[0m crates\spotledger-db\src\schema.rs:746

  [2m2026-04-19T18:15:41.723619Z[0m [34mDEBUG[0m [1;34mspotledger_db::schema[0m[34m: [34msync_user: executing field DDL, [1;34mdoctype[0m[34m: Language, [1;34mfield[0m[34m: first_day_of_the_week, [1;34msql[0m[34m: DEFINE FIELD OVERWRITE `first_day_of_the_week` ON TABLE `tabLanguage` TYPE option<string> PERMISSIONS FULL;[0m
    [2;3mat[0m crates\spotledger-db\src\schema.rs:741

  [2m2026-04-19T18:15:41.726845Z[0m [34mDEBUG[0m [1;34mspotledger_db::schema[0m[34m: [34msync_user: field DDL ok, [1;34mdoctype[0m[34m: Language, [1;34mfield[0m[34m: first_day_of_the_week[0m
    [2;3mat[0m crates\spotledger-db\src\schema.rs:746

  [2m2026-04-19T18:15:41.729751Z[0m [34mDEBUG[0m [1;34mspotledger_db::schema[0m[34m: [34msync_user: schema synced, [1;34mdoctype[0m[34m: Language[0m
    [2;3mat[0m crates\spotledger-db\src\schema.rs:762

  [2m2026-04-19T18:15:41.767147Z[0m [34mDEBUG[0m [1;34mspotledger_db::schema[0m[34m: [34msync_user: fields loaded, [1;34mdoctype[0m[34m: Letter Head, [1;34mfield_count[0m[34m: 17[0m
    [2;3mat[0m crates\spotledger-db\src\schema.rs:689

  [2m2026-04-19T18:15:41.767716Z[0m [34mDEBUG[0m [1;34mspotledger_db::schema[0m[34m: [34msync_user: executing field DDL, [1;34mdoctype[0m[34m: Letter Head, [1;34mfield[0m[34m: letter_head_name, [1;34msql[0m[34m: DEFINE FIELD OVERWRITE `letter_head_name` ON TABLE `tabLetter_Head` TYPE option<string> PERMISSIONS FULL;[0m
    [2;3mat[0m crates\spotledger-db\src\schema.rs:741

  [2m2026-04-19T18:15:41.772473Z[0m [34mDEBUG[0m [1;34mspotledger_db::schema[0m[34m: [34msync_user: field DDL ok, [1;34mdoctype[0m[34m: Letter Head, [1;34mfield[0m[34m: letter_head_name[0m
    [2;3mat[0m crates\spotledger-db\src\schema.rs:746

  [2m2026-04-19T18:15:41.773237Z[0m [34mDEBUG[0m [1;34mspotledger_db::schema[0m[34m: [34msync_user: executing field DDL, [1;34mdoctype[0m[34m: Letter Head, [1;34mfield[0m[34m: source, [1;34msql[0m[34m: DEFINE FIELD OVERWRITE `source` ON TABLE `tabLetter_Head` TYPE option<string> PERMISSIONS FULL;[0m
    [2;3mat[0m crates\spotledger-db\src\schema.rs:741

  [2m2026-04-19T18:15:41.776971Z[0m [34mDEBUG[0m [1;34mspotledger_db::schema[0m[34m: [34msync_user: field DDL ok, [1;34mdoctype[0m[34m: Letter Head, [1;34mfield[0m[34m: source[0m
    [2;3mat[0m crates\spotledger-db\src\schema.rs:746

  [2m2026-04-19T18:15:41.777398Z[0m [34mDEBUG[0m [1;34mspotledger_db::schema[0m[34m: [34msync_user: executing field DDL, [1;34mdoctype[0m[34m: Letter Head, [1;34mfield[0m[34m: footer_source, [1;34msql[0m[34m: DEFINE FIELD OVERWRITE `footer_source` ON TABLE `tabLetter_Head` TYPE option<string> PERMISSIONS FULL;[0m
    [2;3mat[0m crates\spotledger-db\src\schema.rs:741

  [2m2026-04-19T18:15:41.780779Z[0m [34mDEBUG[0m [1;34mspotledger_db::schema[0m[34m: [34msync_user: field DDL ok, [1;34mdoctype[0m[34m: Letter Head, [1;34mfield[0m[34m: footer_source[0m
    [2;3mat[0m crates\spotledger-db\src\schema.rs:746

  [2m2026-04-19T18:15:41.781221Z[0m [34mDEBUG[0m [1;34mspotledger_db::schema[0m[34m: [34msync_user: executing field DDL, [1;34mdoctype[0m[34m: Letter Head, [1;34mfield[0m[34m: disabled, [1;34msql[0m[34m: DEFINE FIELD OVERWRITE `disabled` ON TABLE `tabLetter_Head` TYPE none | int PERMISSIONS FULL DEFAULT 0;[0m
    [2;3mat[0m crates\spotledger-db\src\schema.rs:741

  [2m2026-04-19T18:15:41.784666Z[0m [34mDEBUG[0m [1;34mspotledger_db::schema[0m[34m: [34msync_user: field DDL ok, [1;34mdoctype[0m[34m: Letter Head, [1;34mfield[0m[34m: disabled[0m
    [2;3mat[0m crates\spotledger-db\src\schema.rs:746

  [2m2026-04-19T18:15:41.785088Z[0m [34mDEBUG[0m [1;34mspotledger_db::schema[0m[34m: [34msync_user: executing field DDL, [1;34mdoctype[0m[34m: Letter Head, [1;34mfield[0m[34m: is_default, [1;34msql[0m[34m: DEFINE FIELD OVERWRITE `is_default` ON TABLE `tabLetter_Head` TYPE none | int PERMISSIONS FULL DEFAULT 0;[0m
    [2;3mat[0m crates\spotledger-db\src\schema.rs:741

  [2m2026-04-19T18:15:41.789680Z[0m [34mDEBUG[0m [1;34mspotledger_db::schema[0m[34m: [34msync_user: field DDL ok, [1;34mdoctype[0m[34m: Letter Head, [1;34mfield[0m[34m: is_default[0m
    [2;3mat[0m crates\spotledger-db\src\schema.rs:746

  [2m2026-04-19T18:15:41.790317Z[0m [34mDEBUG[0m [1;34mspotledger_db::schema[0m[34m: [34msync_user: executing field DDL, [1;34mdoctype[0m[34m: Letter Head, [1;34mfield[0m[34m: image, [1;34msql[0m[34m: DEFINE FIELD OVERWRITE `image` ON TABLE `tabLetter_Head` TYPE option<string> PERMISSIONS FULL;[0m
    [2;3mat[0m crates\spotledger-db\src\schema.rs:741

  [2m2026-04-19T18:15:41.794046Z[0m [34mDEBUG[0m [1;34mspotledger_db::schema[0m[34m: [34msync_user: field DDL ok, [1;34mdoctype[0m[34m: Letter Head, [1;34mfield[0m[34m: image[0m
    [2;3mat[0m crates\spotledger-db\src\schema.rs:746

  [2m2026-04-19T18:15:41.794584Z[0m [34mDEBUG[0m [1;34mspotledger_db::schema[0m[34m: [34msync_user: executing field DDL, [1;34mdoctype[0m[34m: Letter Head, [1;34mfield[0m[34m: image_height, [1;34msql[0m[34m: DEFINE FIELD OVERWRITE `image_height` ON TABLE `tabLetter_Head` TYPE float PERMISSIONS FULL;[0m
    [2;3mat[0m crates\spotledger-db\src\schema.rs:741

  [2m2026-04-19T18:15:41.797987Z[0m [34mDEBUG[0m [1;34mspotledger_db::schema[0m[34m: [34msync_user: field DDL ok, [1;34mdoctype[0m[34m: Letter Head, [1;34mfield[0m[34m: image_height[0m
    [2;3mat[0m crates\spotledger-db\src\schema.rs:746

  [2m2026-04-19T18:15:41.798401Z[0m [34mDEBUG[0m [1;34mspotledger_db::schema[0m[34m: [34msync_user: executing field DDL, [1;34mdoctype[0m[34m: Letter Head, [1;34mfield[0m[34m: image_width, [1;34msql[0m[34m: DEFINE FIELD OVERWRITE `image_width` ON TABLE `tabLetter_Head` TYPE float PERMISSIONS FULL;[0m
    [2;3mat[0m crates\spotledger-db\src\schema.rs:741

  [2m2026-04-19T18:15:41.802033Z[0m [34mDEBUG[0m [1;34mspotledger_db::schema[0m[34m: [34msync_user: field DDL ok, [1;34mdoctype[0m[34m: Letter Head, [1;34mfield[0m[34m: image_width[0m
    [2;3mat[0m crates\spotledger-db\src\schema.rs:746

  [2m2026-04-19T18:15:41.802566Z[0m [34mDEBUG[0m [1;34mspotledger_db::schema[0m[34m: [34msync_user: executing field DDL, [1;34mdoctype[0m[34m: Letter Head, [1;34mfield[0m[34m: align, [1;34msql[0m[34m: DEFINE FIELD OVERWRITE `align` ON TABLE `tabLetter_Head` TYPE option<string> PERMISSIONS FULL;[0m
    [2;3mat[0m crates\spotledger-db\src\schema.rs:741

  [2m2026-04-19T18:15:41.808229Z[0m [34mDEBUG[0m [1;34mspotledger_db::schema[0m[34m: [34msync_user: field DDL ok, [1;34mdoctype[0m[34m: Letter Head, [1;34mfield[0m[34m: align[0m
    [2;3mat[0m crates\spotledger-db\src\schema.rs:746

  [2m2026-04-19T18:15:41.808656Z[0m [34mDEBUG[0m [1;34mspotledger_db::schema[0m[34m: [34msync_user: executing field DDL, [1;34mdoctype[0m[34m: Letter Head, [1;34mfield[0m[34m: content, [1;34msql[0m[34m: DEFINE FIELD OVERWRITE `content` ON TABLE `tabLetter_Head` TYPE option<string> PERMISSIONS FULL;[0m
    [2;3mat[0m crates\spotledger-db\src\schema.rs:741

  [2m2026-04-19T18:15:41.812171Z[0m [34mDEBUG[0m [1;34mspotledger_db::schema[0m[34m: [34msync_user: field DDL ok, [1;34mdoctype[0m[34m: Letter Head, [1;34mfield[0m[34m: content[0m
    [2;3mat[0m crates\spotledger-db\src\schema.rs:746

  [2m2026-04-19T18:15:41.812673Z[0m [34mDEBUG[0m [1;34mspotledger_db::schema[0m[34m: [34msync_user: executing field DDL, [1;34mdoctype[0m[34m: Letter Head, [1;34mfield[0m[34m: footer, [1;34msql[0m[34m: DEFINE FIELD OVERWRITE `footer` ON TABLE `tabLetter_Head` TYPE option<string> PERMISSIONS FULL;[0m
    [2;3mat[0m crates\spotledger-db\src\schema.rs:741

  [2m2026-04-19T18:15:41.816355Z[0m [34mDEBUG[0m [1;34mspotledger_db::schema[0m[34m: [34msync_user: field DDL ok, [1;34mdoctype[0m[34m: Letter Head, [1;34mfield[0m[34m: footer[0m
    [2;3mat[0m crates\spotledger-db\src\schema.rs:746

  [2m2026-04-19T18:15:41.816761Z[0m [34mDEBUG[0m [1;34mspotledger_db::schema[0m[34m: [34msync_user: executing field DDL, [1;34mdoctype[0m[34m: Letter Head, [1;34mfield[0m[34m: footer_image, [1;34msql[0m[34m: DEFINE FIELD OVERWRITE `footer_image` ON TABLE `tabLetter_Head` TYPE option<string> PERMISSIONS FULL;[0m
    [2;3mat[0m crates\spotledger-db\src\schema.rs:741

  [2m2026-04-19T18:15:41.820417Z[0m [34mDEBUG[0m [1;34mspotledger_db::schema[0m[34m: [34msync_user: field DDL ok, [1;34mdoctype[0m[34m: Letter Head, [1;34mfield[0m[34m: footer_image[0m
    [2;3mat[0m crates\spotledger-db\src\schema.rs:746

  [2m2026-04-19T18:15:41.821428Z[0m [34mDEBUG[0m [1;34mspotledger_db::schema[0m[34m: [34msync_user: executing field DDL, [1;34mdoctype[0m[34m: Letter Head, [1;34mfield[0m[34m: footer_image_height, [1;34msql[0m[34m: DEFINE FIELD OVERWRITE `footer_image_height` ON TABLE `tabLetter_Head` TYPE float PERMISSIONS FULL;[0m
    [2;3mat[0m crates\spotledger-db\src\schema.rs:741

  [2m2026-04-19T18:15:41.825805Z[0m [34mDEBUG[0m [1;34mspotledger_db::schema[0m[34m: [34msync_user: field DDL ok, [1;34mdoctype[0m[34m: Letter Head, [1;34mfield[0m[34m: footer_image_height[0m
    [2;3mat[0m crates\spotledger-db\src\schema.rs:746

  [2m2026-04-19T18:15:41.826323Z[0m [34mDEBUG[0m [1;34mspotledger_db::schema[0m[34m: [34msync_user: executing field DDL, [1;34mdoctype[0m[34m: Letter Head, [1;34mfield[0m[34m: footer_image_width, [1;34msql[0m[34m: DEFINE FIELD OVERWRITE `footer_image_width` ON TABLE `tabLetter_Head` TYPE float PERMISSIONS FULL;[0m
    [2;3mat[0m crates\spotledger-db\src\schema.rs:741

  [2m2026-04-19T18:15:41.830016Z[0m [34mDEBUG[0m [1;34mspotledger_db::schema[0m[34m: [34msync_user: field DDL ok, [1;34mdoctype[0m[34m: Letter Head, [1;34mfield[0m[34m: footer_image_width[0m
    [2;3mat[0m crates\spotledger-db\src\schema.rs:746

  [2m2026-04-19T18:15:41.830534Z[0m [34mDEBUG[0m [1;34mspotledger_db::schema[0m[34m: [34msync_user: executing field DDL, [1;34mdoctype[0m[34m: Letter Head, [1;34mfield[0m[34m: footer_align, [1;34msql[0m[34m: DEFINE FIELD OVERWRITE `footer_align` ON TABLE `tabLetter_Head` TYPE option<string> PERMISSIONS FULL;[0m
    [2;3mat[0m crates\spotledger-db\src\schema.rs:741

  [2m2026-04-19T18:15:41.834103Z[0m [34mDEBUG[0m [1;34mspotledger_db::schema[0m[34m: [34msync_user: field DDL ok, [1;34mdoctype[0m[34m: Letter Head, [1;34mfield[0m[34m: footer_align[0m
    [2;3mat[0m crates\spotledger-db\src\schema.rs:746

  [2m2026-04-19T18:15:41.834603Z[0m [34mDEBUG[0m [1;34mspotledger_db::schema[0m[34m: [34msync_user: executing field DDL, [1;34mdoctype[0m[34m: Letter Head, [1;34mfield[0m[34m: header_script, [1;34msql[0m[34m: DEFINE FIELD OVERWRITE `header_script` ON TABLE `tabLetter_Head` TYPE option<string> PERMISSIONS FULL;[0m
    [2;3mat[0m crates\spotledger-db\src\schema.rs:741

  [2m2026-04-19T18:15:41.839162Z[0m [34mDEBUG[0m [1;34mspotledger_db::schema[0m[34m: [34msync_user: field DDL ok, [1;34mdoctype[0m[34m: Letter Head, [1;34mfield[0m[34m: header_script[0m
    [2;3mat[0m crates\spotledger-db\src\schema.rs:746

  [2m2026-04-19T18:15:41.839777Z[0m [34mDEBUG[0m [1;34mspotledger_db::schema[0m[34m: [34msync_user: executing field DDL, [1;34mdoctype[0m[34m: Letter Head, [1;34mfield[0m[34m: footer_script, [1;34msql[0m[34m: DEFINE FIELD OVERWRITE `footer_script` ON TABLE `tabLetter_Head` TYPE option<string> PERMISSIONS FULL;[0m
    [2;3mat[0m crates\spotledger-db\src\schema.rs:741

  [2m2026-04-19T18:15:41.843435Z[0m [34mDEBUG[0m [1;34mspotledger_db::schema[0m[34m: [34msync_user: field DDL ok, [1;34mdoctype[0m[34m: Letter Head, [1;34mfield[0m[34m: footer_script[0m
    [2;3mat[0m crates\spotledger-db\src\schema.rs:746

  [2m2026-04-19T18:15:41.846700Z[0m [34mDEBUG[0m [1;34mspotledger_db::schema[0m[34m: [34msync_user: schema synced, [1;34mdoctype[0m[34m: Letter Head[0m
    [2;3mat[0m crates\spotledger-db\src\schema.rs:762

  [2m2026-04-19T18:15:41.851483Z[0m [33m WARN[0m [1;33mspotledger_db::schema[0m[33m: [33msync_user: system field DDL failed, [1;33mdoctype[0m[33m: Naming Series, [1;33mfield[0m[33m: name, [1;33merror[0m[33m: SurrealDB error: A user generated conversion error occured: Conversion("SyntaxError { diagnostic: Diagnostic { kind: Span { kind: Error, span: Span { offset: 6, len: 0 }, label: None }, next: Some(Diagnostic { kind: Cause(\"Unexpected end of file, expected an expression\"), next: None }) } }")[0m
    [2;3mat[0m crates\spotledger-db\src\schema.rs:659

  [2m2026-04-19T18:15:41.853481Z[0m [33m WARN[0m [1;33mspotledger_db::schema[0m[33m: [33msync_user: system field DDL failed, [1;33mdoctype[0m[33m: Naming Series, [1;33mfield[0m[33m: doctype, [1;33merror[0m[33m: SurrealDB error: A user generated conversion error occured: Conversion("SyntaxError { diagnostic: Diagnostic { kind: Span { kind: Error, span: Span { offset: 6, len: 0 }, label: None }, next: Some(Diagnostic { kind: Cause(\"Unexpected end of file, expected an expression\"), next: None }) } }")[0m
    [2;3mat[0m crates\spotledger-db\src\schema.rs:659

  [2m2026-04-19T18:15:41.856443Z[0m [33m WARN[0m [1;33mspotledger_db::schema[0m[33m: [33msync_user: system field DDL failed, [1;33mdoctype[0m[33m: Naming Series, [1;33mfield[0m[33m: owner, [1;33merror[0m[33m: SurrealDB error: A user generated conversion error occured: Conversion("SyntaxError { diagnostic: Diagnostic { kind: Span { kind: Error, span: Span { offset: 6, len: 0 }, label: None }, next: Some(Diagnostic { kind: Cause(\"Unexpected end of file, expected an expression\"), next: None }) } }")[0m
    [2;3mat[0m crates\spotledger-db\src\schema.rs:659

  [2m2026-04-19T18:15:41.858655Z[0m [33m WARN[0m [1;33mspotledger_db::schema[0m[33m: [33msync_user: system field DDL failed, [1;33mdoctype[0m[33m: Naming Series, [1;33mfield[0m[33m: creation, [1;33merror[0m[33m: SurrealDB error: A user generated conversion error occured: Conversion("SyntaxError { diagnostic: Diagnostic { kind: Span { kind: Error, span: Span { offset: 6, len: 0 }, label: None }, next: Some(Diagnostic { kind: Cause(\"Unexpected end of file, expected an expression\"), next: None }) } }")[0m
    [2;3mat[0m crates\spotledger-db\src\schema.rs:659

  [2m2026-04-19T18:15:41.860548Z[0m [33m WARN[0m [1;33mspotledger_db::schema[0m[33m: [33msync_user: system field DDL failed, [1;33mdoctype[0m[33m: Naming Series, [1;33mfield[0m[33m: modified, [1;33merror[0m[33m: SurrealDB error: A user generated conversion error occured: Conversion("SyntaxError { diagnostic: Diagnostic { kind: Span { kind: Error, span: Span { offset: 6, len: 0 }, label: None }, next: Some(Diagnostic { kind: Cause(\"Unexpected end of file, expected an expression\"), next: None }) } }")[0m
    [2;3mat[0m crates\spotledger-db\src\schema.rs:659

  [2m2026-04-19T18:15:41.862307Z[0m [33m WARN[0m [1;33mspotledger_db::schema[0m[33m: [33msync_user: system field DDL failed, [1;33mdoctype[0m[33m: Naming Series, [1;33mfield[0m[33m: modified_by, [1;33merror[0m[33m: SurrealDB error: A user generated conversion error occured: Conversion("SyntaxError { diagnostic: Diagnostic { kind: Span { kind: Error, span: Span { offset: 6, len: 0 }, label: None }, next: Some(Diagnostic { kind: Cause(\"Unexpected end of file, expected an expression\"), next: None }) } }")[0m
    [2;3mat[0m crates\spotledger-db\src\schema.rs:659

  [2m2026-04-19T18:15:41.864701Z[0m [33m WARN[0m [1;33mspotledger_db::schema[0m[33m: [33msync_user: system field DDL failed, [1;33mdoctype[0m[33m: Naming Series, [1;33mfield[0m[33m: docstatus, [1;33merror[0m[33m: SurrealDB error: A user generated conversion error occured: Conversion("SyntaxError { diagnostic: Diagnostic { kind: Span { kind: Error, span: Span { offset: 6, len: 0 }, label: None }, next: Some(Diagnostic { kind: Cause(\"Unexpected end of file, expected an expression\"), next: None }) } }")[0m
    [2;3mat[0m crates\spotledger-db\src\schema.rs:659

  [2m2026-04-19T18:15:41.866760Z[0m [33m WARN[0m [1;33mspotledger_db::schema[0m[33m: [33msync_user: system field DDL failed, [1;33mdoctype[0m[33m: Naming Series, [1;33mfield[0m[33m: idx, [1;33merror[0m[33m: SurrealDB error: A user generated conversion error occured: Conversion("SyntaxError { diagnostic: Diagnostic { kind: Span { kind: Error, span: Span { offset: 6, len: 0 }, label: None }, next: Some(Diagnostic { kind: Cause(\"Unexpected end of file, expected an expression\"), next: None }) } }")[0m
    [2;3mat[0m crates\spotledger-db\src\schema.rs:659

  [2m2026-04-19T18:15:41.877574Z[0m [34mDEBUG[0m [1;34mspotledger_db::schema[0m[34m: [34msync_user: fields loaded, [1;34mdoctype[0m[34m: Naming Series, [1;34mfield_count[0m[34m: 9[0m
    [2;3mat[0m crates\spotledger-db\src\schema.rs:689

  [2m2026-04-19T18:15:41.877994Z[0m [34mDEBUG[0m [1;34mspotledger_db::schema[0m[34m: [34msync_user: executing field DDL, [1;34mdoctype[0m[34m: Naming Series, [1;34mfield[0m[34m: transaction_type, [1;34msql[0m[34m: DEFINE FIELD OVERWRITE `transaction_type` ON TABLE `tabNaming_Series` TYPE option<string> PERMISSIONS FULL;[0m
    [2;3mat[0m crates\spotledger-db\src\schema.rs:741

  [2m2026-04-19T18:15:41.879593Z[0m [33m WARN[0m [1;33mspotledger_db::schema[0m[33m: [33msync_user: user field DDL failed, [1;33mdoctype[0m[33m: Naming Series, [1;33mfield[0m[33m: transaction_type, [1;33merror[0m[33m: SurrealDB error: A user generated conversion error occured: Conversion("SyntaxError { diagnostic: Diagnostic { kind: Span { kind: Error, span: Span { offset: 6, len: 0 }, label: None }, next: Some(Diagnostic { kind: Cause(\"Unexpected end of file, expected an expression\"), next: None }) } }")[0m
    [2;3mat[0m crates\spotledger-db\src\schema.rs:743

  [2m2026-04-19T18:15:41.880240Z[0m [34mDEBUG[0m [1;34mspotledger_db::schema[0m[34m: [34msync_user: executing field DDL, [1;34mdoctype[0m[34m: Naming Series, [1;34mfield[0m[34m: select, [1;34msql[0m[34m: DEFINE FIELD OVERWRITE `select` ON TABLE `tabNaming_Series` TYPE option<string> PERMISSIONS FULL;[0m
    [2;3mat[0m crates\spotledger-db\src\schema.rs:741

  [2m2026-04-19T18:15:41.882380Z[0m [33m WARN[0m [1;33mspotledger_db::schema[0m[33m: [33msync_user: user field DDL failed, [1;33mdoctype[0m[33m: Naming Series, [1;33mfield[0m[33m: select, [1;33merror[0m[33m: SurrealDB error: A user generated conversion error occured: Conversion("SyntaxError { diagnostic: Diagnostic { kind: Span { kind: Error, span: Span { offset: 6, len: 0 }, label: None }, next: Some(Diagnostic { kind: Cause(\"Unexpected end of file, expected an expression\"), next: None }) } }")[0m
    [2;3mat[0m crates\spotledger-db\src\schema.rs:743

  [2m2026-04-19T18:15:41.882819Z[0m [34mDEBUG[0m [1;34mspotledger_db::schema[0m[34m: [34msync_user: executing field DDL, [1;34mdoctype[0m[34m: Naming Series, [1;34mfield[0m[34m: prefix, [1;34msql[0m[34m: DEFINE FIELD OVERWRITE `prefix` ON TABLE `tabNaming_Series` TYPE option<string> PERMISSIONS FULL;[0m
    [2;3mat[0m crates\spotledger-db\src\schema.rs:741

  [2m2026-04-19T18:15:41.884688Z[0m [33m WARN[0m [1;33mspotledger_db::schema[0m[33m: [33msync_user: user field DDL failed, [1;33mdoctype[0m[33m: Naming Series, [1;33mfield[0m[33m: prefix, [1;33merror[0m[33m: SurrealDB error: A user generated conversion error occured: Conversion("SyntaxError { diagnostic: Diagnostic { kind: Span { kind: Error, span: Span { offset: 6, len: 0 }, label: None }, next: Some(Diagnostic { kind: Cause(\"Unexpected end of file, expected an expression\"), next: None }) } }")[0m
    [2;3mat[0m crates\spotledger-db\src\schema.rs:743

  [2m2026-04-19T18:15:41.885108Z[0m [34mDEBUG[0m [1;34mspotledger_db::schema[0m[34m: [34msync_user: executing field DDL, [1;34mdoctype[0m[34m: Naming Series, [1;34mfield[0m[34m: current, [1;34msql[0m[34m: DEFINE FIELD OVERWRITE `current` ON TABLE `tabNaming_Series` TYPE none | int PERMISSIONS FULL;[0m
    [2;3mat[0m crates\spotledger-db\src\schema.rs:741

  [2m2026-04-19T18:15:41.886735Z[0m [33m WARN[0m [1;33mspotledger_db::schema[0m[33m: [33msync_user: user field DDL failed, [1;33mdoctype[0m[33m: Naming Series, [1;33mfield[0m[33m: current, [1;33merror[0m[33m: SurrealDB error: A user generated conversion error occured: Conversion("SyntaxError { diagnostic: Diagnostic { kind: Span { kind: Error, span: Span { offset: 6, len: 0 }, label: None }, next: Some(Diagnostic { kind: Cause(\"Unexpected end of file, expected an expression\"), next: None }) } }")[0m
    [2;3mat[0m crates\spotledger-db\src\schema.rs:743

  [2m2026-04-19T18:15:41.887825Z[0m [34mDEBUG[0m [1;34mspotledger_db::schema[0m[34m: [34msync_user: executing field DDL, [1;34mdoctype[0m[34m: Naming Series, [1;34mfield[0m[34m: update_series, [1;34msql[0m[34m: DEFINE FIELD OVERWRITE `update_series` ON TABLE `tabNaming_Series` TYPE option<string> PERMISSIONS FULL;[0m
    [2;3mat[0m crates\spotledger-db\src\schema.rs:741

  [2m2026-04-19T18:15:41.890918Z[0m [33m WARN[0m [1;33mspotledger_db::schema[0m[33m: [33msync_user: user field DDL failed, [1;33mdoctype[0m[33m: Naming Series, [1;33mfield[0m[33m: update_series, [1;33merror[0m[33m: SurrealDB error: A user generated conversion error occured: Conversion("SyntaxError { diagnostic: Diagnostic { kind: Span { kind: Error, span: Span { offset: 6, len: 0 }, label: None }, next: Some(Diagnostic { kind: Cause(\"Unexpected end of file, expected an expression\"), next: None }) } }")[0m
    [2;3mat[0m crates\spotledger-db\src\schema.rs:743

  [2m2026-04-19T18:15:41.891478Z[0m [34mDEBUG[0m [1;34mspotledger_db::schema[0m[34m: [34msync_user: executing field DDL, [1;34mdoctype[0m[34m: Naming Series, [1;34mfield[0m[34m: check_series, [1;34msql[0m[34m: DEFINE FIELD OVERWRITE `check_series` ON TABLE `tabNaming_Series` TYPE option<string> PERMISSIONS FULL;[0m
    [2;3mat[0m crates\spotledger-db\src\schema.rs:741

  [2m2026-04-19T18:15:41.893452Z[0m [33m WARN[0m [1;33mspotledger_db::schema[0m[33m: [33msync_user: user field DDL failed, [1;33mdoctype[0m[33m: Naming Series, [1;33mfield[0m[33m: check_series, [1;33merror[0m[33m: SurrealDB error: A user generated conversion error occured: Conversion("SyntaxError { diagnostic: Diagnostic { kind: Span { kind: Error, span: Span { offset: 6, len: 0 }, label: None }, next: Some(Diagnostic { kind: Cause(\"Unexpected end of file, expected an expression\"), next: None }) } }")[0m
    [2;3mat[0m crates\spotledger-db\src\schema.rs:743

  [2m2026-04-19T18:15:41.893873Z[0m [34mDEBUG[0m [1;34mspotledger_db::schema[0m[34m: [34msync_user: executing field DDL, [1;34mdoctype[0m[34m: Naming Series, [1;34mfield[0m[34m: try_prefix, [1;34msql[0m[34m: DEFINE FIELD OVERWRITE `try_prefix` ON TABLE `tabNaming_Series` TYPE option<string> PERMISSIONS FULL;[0m
    [2;3mat[0m crates\spotledger-db\src\schema.rs:741

  [2m2026-04-19T18:15:41.896004Z[0m [33m WARN[0m [1;33mspotledger_db::schema[0m[33m: [33msync_user: user field DDL failed, [1;33mdoctype[0m[33m: Naming Series, [1;33mfield[0m[33m: try_prefix, [1;33merror[0m[33m: SurrealDB error: A user generated conversion error occured: Conversion("SyntaxError { diagnostic: Diagnostic { kind: Span { kind: Error, span: Span { offset: 6, len: 0 }, label: None }, next: Some(Diagnostic { kind: Cause(\"Unexpected end of file, expected an expression\"), next: None }) } }")[0m
    [2;3mat[0m crates\spotledger-db\src\schema.rs:743

  [2m2026-04-19T18:15:41.896501Z[0m [34mDEBUG[0m [1;34mspotledger_db::schema[0m[34m: [34msync_user: executing field DDL, [1;34mdoctype[0m[34m: Naming Series, [1;34mfield[0m[34m: series_list, [1;34msql[0m[34m: DEFINE FIELD OVERWRITE `series_list` ON TABLE `tabNaming_Series` TYPE option<string> PERMISSIONS FULL;[0m
    [2;3mat[0m crates\spotledger-db\src\schema.rs:741

  [2m2026-04-19T18:15:41.898397Z[0m [33m WARN[0m [1;33mspotledger_db::schema[0m[33m: [33msync_user: user field DDL failed, [1;33mdoctype[0m[33m: Naming Series, [1;33mfield[0m[33m: series_list, [1;33merror[0m[33m: SurrealDB error: A user generated conversion error occured: Conversion("SyntaxError { diagnostic: Diagnostic { kind: Span { kind: Error, span: Span { offset: 6, len: 0 }, label: None }, next: Some(Diagnostic { kind: Cause(\"Unexpected end of file, expected an expression\"), next: None }) } }")[0m
    [2;3mat[0m crates\spotledger-db\src\schema.rs:743

  [2m2026-04-19T18:15:41.901246Z[0m [34mDEBUG[0m [1;34mspotledger_db::schema[0m[34m: [34msync_user: schema synced, [1;34mdoctype[0m[34m: Naming Series[0m
    [2;3mat[0m crates\spotledger-db\src\schema.rs:762

  [2m2026-04-19T18:15:41.940968Z[0m [34mDEBUG[0m [1;34mspotledger_db::schema[0m[34m: [34msync_user: fields loaded, [1;34mdoctype[0m[34m: Note, [1;34mfield_count[0m[34m: 5[0m
    [2;3mat[0m crates\spotledger-db\src\schema.rs:689

  [2m2026-04-19T18:15:41.941619Z[0m [34mDEBUG[0m [1;34mspotledger_db::schema[0m[34m: [34msync_user: executing field DDL, [1;34mdoctype[0m[34m: Note, [1;34mfield[0m[34m: title, [1;34msql[0m[34m: DEFINE FIELD OVERWRITE `title` ON TABLE `tabNote` TYPE option<string> PERMISSIONS FULL;[0m
    [2;3mat[0m crates\spotledger-db\src\schema.rs:741

  [2m2026-04-19T18:15:41.945443Z[0m [34mDEBUG[0m [1;34mspotledger_db::schema[0m[34m: [34msync_user: field DDL ok, [1;34mdoctype[0m[34m: Note, [1;34mfield[0m[34m: title[0m
    [2;3mat[0m crates\spotledger-db\src\schema.rs:746

  [2m2026-04-19T18:15:41.946057Z[0m [34mDEBUG[0m [1;34mspotledger_db::schema[0m[34m: [34msync_user: executing field DDL, [1;34mdoctype[0m[34m: Note, [1;34mfield[0m[34m: public, [1;34msql[0m[34m: DEFINE FIELD OVERWRITE `public` ON TABLE `tabNote` TYPE none | int PERMISSIONS FULL DEFAULT 0;[0m
    [2;3mat[0m crates\spotledger-db\src\schema.rs:741

  [2m2026-04-19T18:15:41.949860Z[0m [34mDEBUG[0m [1;34mspotledger_db::schema[0m[34m: [34msync_user: field DDL ok, [1;34mdoctype[0m[34m: Note, [1;34mfield[0m[34m: public[0m
    [2;3mat[0m crates\spotledger-db\src\schema.rs:746

  [2m2026-04-19T18:15:41.950444Z[0m [34mDEBUG[0m [1;34mspotledger_db::schema[0m[34m: [34msync_user: executing field DDL, [1;34mdoctype[0m[34m: Note, [1;34mfield[0m[34m: notify_on_every_login, [1;34msql[0m[34m: DEFINE FIELD OVERWRITE `notify_on_every_login` ON TABLE `tabNote` TYPE none | int PERMISSIONS FULL DEFAULT 0;[0m
    [2;3mat[0m crates\spotledger-db\src\schema.rs:741

  [2m2026-04-19T18:15:41.953574Z[0m [34mDEBUG[0m [1;34mspotledger_db::schema[0m[34m: [34msync_user: field DDL ok, [1;34mdoctype[0m[34m: Note, [1;34mfield[0m[34m: notify_on_every_login[0m
    [2;3mat[0m crates\spotledger-db\src\schema.rs:746

  [2m2026-04-19T18:15:41.954570Z[0m [34mDEBUG[0m [1;34mspotledger_db::schema[0m[34m: [34msync_user: executing field DDL, [1;34mdoctype[0m[34m: Note, [1;34mfield[0m[34m: content, [1;34msql[0m[34m: DEFINE FIELD OVERWRITE `content` ON TABLE `tabNote` TYPE option<string> PERMISSIONS FULL;[0m
    [2;3mat[0m crates\spotledger-db\src\schema.rs:741

  [2m2026-04-19T18:15:41.959932Z[0m [34mDEBUG[0m [1;34mspotledger_db::schema[0m[34m: [34msync_user: field DDL ok, [1;34mdoctype[0m[34m: Note, [1;34mfield[0m[34m: content[0m
    [2;3mat[0m crates\spotledger-db\src\schema.rs:746

  [2m2026-04-19T18:15:41.960585Z[0m [34mDEBUG[0m [1;34mspotledger_db::schema[0m[34m: [34msync_user: executing field DDL, [1;34mdoctype[0m[34m: Note, [1;34mfield[0m[34m: seen_by, [1;34msql[0m[34m: DEFINE FIELD OVERWRITE `seen_by` ON TABLE `tabNote` TYPE any PERMISSIONS FULL;[0m
    [2;3mat[0m crates\spotledger-db\src\schema.rs:741

  [2m2026-04-19T18:15:41.963928Z[0m [34mDEBUG[0m [1;34mspotledger_db::schema[0m[34m: [34msync_user: field DDL ok, [1;34mdoctype[0m[34m: Note, [1;34mfield[0m[34m: seen_by[0m
    [2;3mat[0m crates\spotledger-db\src\schema.rs:746

  [2m2026-04-19T18:15:41.966521Z[0m [34mDEBUG[0m [1;34mspotledger_db::schema[0m[34m: [34msync_user: schema synced, [1;34mdoctype[0m[34m: Note[0m
    [2;3mat[0m crates\spotledger-db\src\schema.rs:762

  [2m2026-04-19T18:15:42.007324Z[0m [34mDEBUG[0m [1;34mspotledger_db::schema[0m[34m: [34msync_user: fields loaded, [1;34mdoctype[0m[34m: Notification, [1;34mfield_count[0m[34m: 17[0m
    [2;3mat[0m crates\spotledger-db\src\schema.rs:689

  [2m2026-04-19T18:15:42.007761Z[0m [34mDEBUG[0m [1;34mspotledger_db::schema[0m[34m: [34msync_user: executing field DDL, [1;34mdoctype[0m[34m: Notification, [1;34mfield[0m[34m: name, [1;34msql[0m[34m: DEFINE FIELD OVERWRITE `name` ON TABLE `tabNotification` TYPE option<string> PERMISSIONS FULL;[0m
    [2;3mat[0m crates\spotledger-db\src\schema.rs:741

  [2m2026-04-19T18:15:42.011211Z[0m [34mDEBUG[0m [1;34mspotledger_db::schema[0m[34m: [34msync_user: field DDL ok, [1;34mdoctype[0m[34m: Notification, [1;34mfield[0m[34m: name[0m
    [2;3mat[0m crates\spotledger-db\src\schema.rs:746

  [2m2026-04-19T18:15:42.011615Z[0m [34mDEBUG[0m [1;34mspotledger_db::schema[0m[34m: [34msync_user: executing field DDL, [1;34mdoctype[0m[34m: Notification, [1;34mfield[0m[34m: subject, [1;34msql[0m[34m: DEFINE FIELD OVERWRITE `subject` ON TABLE `tabNotification` TYPE option<string> PERMISSIONS FULL;[0m
    [2;3mat[0m crates\spotledger-db\src\schema.rs:741

  [2m2026-04-19T18:15:42.014871Z[0m [34mDEBUG[0m [1;34mspotledger_db::schema[0m[34m: [34msync_user: field DDL ok, [1;34mdoctype[0m[34m: Notification, [1;34mfield[0m[34m: subject[0m
    [2;3mat[0m crates\spotledger-db\src\schema.rs:746

  [2m2026-04-19T18:15:42.015456Z[0m [34mDEBUG[0m [1;34mspotledger_db::schema[0m[34m: [34msync_user: executing field DDL, [1;34mdoctype[0m[34m: Notification, [1;34mfield[0m[34m: email_or_slack, [1;34msql[0m[34m: DEFINE FIELD OVERWRITE `email_or_slack` ON TABLE `tabNotification` TYPE option<string> PERMISSIONS FULL;[0m
    [2;3mat[0m crates\spotledger-db\src\schema.rs:741

  [2m2026-04-19T18:15:42.019448Z[0m [34mDEBUG[0m [1;34mspotledger_db::schema[0m[34m: [34msync_user: field DDL ok, [1;34mdoctype[0m[34m: Notification, [1;34mfield[0m[34m: email_or_slack[0m
    [2;3mat[0m crates\spotledger-db\src\schema.rs:746

  [2m2026-04-19T18:15:42.020006Z[0m [34mDEBUG[0m [1;34mspotledger_db::schema[0m[34m: [34msync_user: executing field DDL, [1;34mdoctype[0m[34m: Notification, [1;34mfield[0m[34m: channel, [1;34msql[0m[34m: DEFINE FIELD OVERWRITE `channel` ON TABLE `tabNotification` TYPE option<string> PERMISSIONS FULL;[0m
    [2;3mat[0m crates\spotledger-db\src\schema.rs:741

  [2m2026-04-19T18:15:42.025122Z[0m [34mDEBUG[0m [1;34mspotledger_db::schema[0m[34m: [34msync_user: field DDL ok, [1;34mdoctype[0m[34m: Notification, [1;34mfield[0m[34m: channel[0m
    [2;3mat[0m crates\spotledger-db\src\schema.rs:746

  [2m2026-04-19T18:15:42.025541Z[0m [34mDEBUG[0m [1;34mspotledger_db::schema[0m[34m: [34msync_user: executing field DDL, [1;34mdoctype[0m[34m: Notification, [1;34mfield[0m[34m: enabled, [1;34msql[0m[34m: DEFINE FIELD OVERWRITE `enabled` ON TABLE `tabNotification` TYPE none | int PERMISSIONS FULL DEFAULT 0;[0m
    [2;3mat[0m crates\spotledger-db\src\schema.rs:741

  [2m2026-04-19T18:15:42.028952Z[0m [34mDEBUG[0m [1;34mspotledger_db::schema[0m[34m: [34msync_user: field DDL ok, [1;34mdoctype[0m[34m: Notification, [1;34mfield[0m[34m: enabled[0m
    [2;3mat[0m crates\spotledger-db\src\schema.rs:746

  [2m2026-04-19T18:15:42.029613Z[0m [34mDEBUG[0m [1;34mspotledger_db::schema[0m[34m: [34msync_user: executing field DDL, [1;34mdoctype[0m[34m: Notification, [1;34mfield[0m[34m: document_type, [1;34msql[0m[34m: DEFINE FIELD OVERWRITE `document_type` ON TABLE `tabNotification` TYPE option<string> PERMISSIONS FULL;[0m
    [2;3mat[0m crates\spotledger-db\src\schema.rs:741

  [2m2026-04-19T18:15:42.033333Z[0m [34mDEBUG[0m [1;34mspotledger_db::schema[0m[34m: [34msync_user: field DDL ok, [1;34mdoctype[0m[34m: Notification, [1;34mfield[0m[34m: document_type[0m
    [2;3mat[0m crates\spotledger-db\src\schema.rs:746

  [2m2026-04-19T18:15:42.034040Z[0m [34mDEBUG[0m [1;34mspotledger_db::schema[0m[34m: [34msync_user: executing field DDL, [1;34mdoctype[0m[34m: Notification, [1;34mfield[0m[34m: event, [1;34msql[0m[34m: DEFINE FIELD OVERWRITE `event` ON TABLE `tabNotification` TYPE option<string> PERMISSIONS FULL;[0m
    [2;3mat[0m crates\spotledger-db\src\schema.rs:741

  [2m2026-04-19T18:15:42.037700Z[0m [34mDEBUG[0m [1;34mspotledger_db::schema[0m[34m: [34msync_user: field DDL ok, [1;34mdoctype[0m[34m: Notification, [1;34mfield[0m[34m: event[0m
    [2;3mat[0m crates\spotledger-db\src\schema.rs:746

  [2m2026-04-19T18:15:42.038525Z[0m [34mDEBUG[0m [1;34mspotledger_db::schema[0m[34m: [34msync_user: executing field DDL, [1;34mdoctype[0m[34m: Notification, [1;34mfield[0m[34m: is_standard, [1;34msql[0m[34m: DEFINE FIELD OVERWRITE `is_standard` ON TABLE `tabNotification` TYPE none | int PERMISSIONS FULL DEFAULT 0;[0m
    [2;3mat[0m crates\spotledger-db\src\schema.rs:741

  [2m2026-04-19T18:15:42.042283Z[0m [34mDEBUG[0m [1;34mspotledger_db::schema[0m[34m: [34msync_user: field DDL ok, [1;34mdoctype[0m[34m: Notification, [1;34mfield[0m[34m: is_standard[0m
    [2;3mat[0m crates\spotledger-db\src\schema.rs:746

  [2m2026-04-19T18:15:42.042755Z[0m [34mDEBUG[0m [1;34mspotledger_db::schema[0m[34m: [34msync_user: executing field DDL, [1;34mdoctype[0m[34m: Notification, [1;34mfield[0m[34m: module, [1;34msql[0m[34m: DEFINE FIELD OVERWRITE `module` ON TABLE `tabNotification` TYPE option<string> PERMISSIONS FULL;[0m
    [2;3mat[0m crates\spotledger-db\src\schema.rs:741

  [2m2026-04-19T18:15:42.046712Z[0m [34mDEBUG[0m [1;34mspotledger_db::schema[0m[34m: [34msync_user: field DDL ok, [1;34mdoctype[0m[34m: Notification, [1;34mfield[0m[34m: module[0m
    [2;3mat[0m crates\spotledger-db\src\schema.rs:746

  [2m2026-04-19T18:15:42.047140Z[0m [34mDEBUG[0m [1;34mspotledger_db::schema[0m[34m: [34msync_user: executing field DDL, [1;34mdoctype[0m[34m: Notification, [1;34mfield[0m[34m: send_system_notification, [1;34msql[0m[34m: DEFINE FIELD OVERWRITE `send_system_notification` ON TABLE `tabNotification` TYPE none | int PERMISSIONS FULL DEFAULT 0;[0m
    [2;3mat[0m crates\spotledger-db\src\schema.rs:741

  [2m2026-04-19T18:15:42.050292Z[0m [34mDEBUG[0m [1;34mspotledger_db::schema[0m[34m: [34msync_user: field DDL ok, [1;34mdoctype[0m[34m: Notification, [1;34mfield[0m[34m: send_system_notification[0m
    [2;3mat[0m crates\spotledger-db\src\schema.rs:746

  [2m2026-04-19T18:15:42.050820Z[0m [34mDEBUG[0m [1;34mspotledger_db::schema[0m[34m: [34msync_user: executing field DDL, [1;34mdoctype[0m[34m: Notification, [1;34mfield[0m[34m: send_to_all_assignees, [1;34msql[0m[34m: DEFINE FIELD OVERWRITE `send_to_all_assignees` ON TABLE `tabNotification` TYPE none | int PERMISSIONS FULL DEFAULT 0;[0m
    [2;3mat[0m crates\spotledger-db\src\schema.rs:741

  [2m2026-04-19T18:15:42.055740Z[0m [34mDEBUG[0m [1;34mspotledger_db::schema[0m[34m: [34msync_user: field DDL ok, [1;34mdoctype[0m[34m: Notification, [1;34mfield[0m[34m: send_to_all_assignees[0m
    [2;3mat[0m crates\spotledger-db\src\schema.rs:746

  [2m2026-04-19T18:15:42.056481Z[0m [34mDEBUG[0m [1;34mspotledger_db::schema[0m[34m: [34msync_user: executing field DDL, [1;34mdoctype[0m[34m: Notification, [1;34mfield[0m[34m: recipients, [1;34msql[0m[34m: DEFINE FIELD OVERWRITE `recipients` ON TABLE `tabNotification` TYPE any PERMISSIONS FULL;[0m
    [2;3mat[0m crates\spotledger-db\src\schema.rs:741

  [2m2026-04-19T18:15:42.059952Z[0m [34mDEBUG[0m [1;34mspotledger_db::schema[0m[34m: [34msync_user: field DDL ok, [1;34mdoctype[0m[34m: Notification, [1;34mfield[0m[34m: recipients[0m
    [2;3mat[0m crates\spotledger-db\src\schema.rs:746

  [2m2026-04-19T18:15:42.060355Z[0m [34mDEBUG[0m [1;34mspotledger_db::schema[0m[34m: [34msync_user: executing field DDL, [1;34mdoctype[0m[34m: Notification, [1;34mfield[0m[34m: cc, [1;34msql[0m[34m: DEFINE FIELD OVERWRITE `cc` ON TABLE `tabNotification` TYPE option<string> PERMISSIONS FULL;[0m
    [2;3mat[0m crates\spotledger-db\src\schema.rs:741

  [2m2026-04-19T18:15:42.063290Z[0m [34mDEBUG[0m [1;34mspotledger_db::schema[0m[34m: [34msync_user: field DDL ok, [1;34mdoctype[0m[34m: Notification, [1;34mfield[0m[34m: cc[0m
    [2;3mat[0m crates\spotledger-db\src\schema.rs:746

  [2m2026-04-19T18:15:42.063710Z[0m [34mDEBUG[0m [1;34mspotledger_db::schema[0m[34m: [34msync_user: executing field DDL, [1;34mdoctype[0m[34m: Notification, [1;34mfield[0m[34m: bcc, [1;34msql[0m[34m: DEFINE FIELD OVERWRITE `bcc` ON TABLE `tabNotification` TYPE option<string> PERMISSIONS FULL;[0m
    [2;3mat[0m crates\spotledger-db\src\schema.rs:741

  [2m2026-04-19T18:15:42.067145Z[0m [34mDEBUG[0m [1;34mspotledger_db::schema[0m[34m: [34msync_user: field DDL ok, [1;34mdoctype[0m[34m: Notification, [1;34mfield[0m[34m: bcc[0m
    [2;3mat[0m crates\spotledger-db\src\schema.rs:746

  [2m2026-04-19T18:15:42.067815Z[0m [34mDEBUG[0m [1;34mspotledger_db::schema[0m[34m: [34msync_user: executing field DDL, [1;34mdoctype[0m[34m: Notification, [1;34mfield[0m[34m: message_template, [1;34msql[0m[34m: DEFINE FIELD OVERWRITE `message_template` ON TABLE `tabNotification` TYPE option<string> PERMISSIONS FULL;[0m
    [2;3mat[0m crates\spotledger-db\src\schema.rs:741

  [2m2026-04-19T18:15:42.075167Z[0m [34mDEBUG[0m [1;34mspotledger_db::schema[0m[34m: [34msync_user: field DDL ok, [1;34mdoctype[0m[34m: Notification, [1;34mfield[0m[34m: message_template[0m
    [2;3mat[0m crates\spotledger-db\src\schema.rs:746

  [2m2026-04-19T18:15:42.075834Z[0m [34mDEBUG[0m [1;34mspotledger_db::schema[0m[34m: [34msync_user: executing field DDL, [1;34mdoctype[0m[34m: Notification, [1;34mfield[0m[34m: message, [1;34msql[0m[34m: DEFINE FIELD OVERWRITE `message` ON TABLE `tabNotification` TYPE option<string> PERMISSIONS FULL;[0m
    [2;3mat[0m crates\spotledger-db\src\schema.rs:741

  [2m2026-04-19T18:15:42.079201Z[0m [34mDEBUG[0m [1;34mspotledger_db::schema[0m[34m: [34msync_user: field DDL ok, [1;34mdoctype[0m[34m: Notification, [1;34mfield[0m[34m: message[0m
    [2;3mat[0m crates\spotledger-db\src\schema.rs:746

  [2m2026-04-19T18:15:42.079555Z[0m [34mDEBUG[0m [1;34mspotledger_db::schema[0m[34m: [34msync_user: executing field DDL, [1;34mdoctype[0m[34m: Notification, [1;34mfield[0m[34m: condition, [1;34msql[0m[34m: DEFINE FIELD OVERWRITE `condition` ON TABLE `tabNotification` TYPE option<string> PERMISSIONS FULL;[0m
    [2;3mat[0m crates\spotledger-db\src\schema.rs:741

  [2m2026-04-19T18:15:42.083972Z[0m [34mDEBUG[0m [1;34mspotledger_db::schema[0m[34m: [34msync_user: field DDL ok, [1;34mdoctype[0m[34m: Notification, [1;34mfield[0m[34m: condition[0m
    [2;3mat[0m crates\spotledger-db\src\schema.rs:746

  [2m2026-04-19T18:15:42.097988Z[0m [34mDEBUG[0m [1;34mspotledger_db::schema[0m[34m: [34msync_user: schema synced, [1;34mdoctype[0m[34m: Notification[0m
    [2;3mat[0m crates\spotledger-db\src\schema.rs:762

  [2m2026-04-19T18:15:42.150784Z[0m [34mDEBUG[0m [1;34mspotledger_db::schema[0m[34m: [34msync_user: fields loaded, [1;34mdoctype[0m[34m: Party, [1;34mfield_count[0m[34m: 9[0m
    [2;3mat[0m crates\spotledger-db\src\schema.rs:689

  [2m2026-04-19T18:15:42.151333Z[0m [34mDEBUG[0m [1;34mspotledger_db::schema[0m[34m: [34msync_user: executing field DDL, [1;34mdoctype[0m[34m: Party, [1;34mfield[0m[34m: party_name, [1;34msql[0m[34m: DEFINE FIELD OVERWRITE `party_name` ON TABLE `tabParty` TYPE option<string> PERMISSIONS FULL;[0m
    [2;3mat[0m crates\spotledger-db\src\schema.rs:741

  [2m2026-04-19T18:15:42.157410Z[0m [34mDEBUG[0m [1;34mspotledger_db::schema[0m[34m: [34msync_user: field DDL ok, [1;34mdoctype[0m[34m: Party, [1;34mfield[0m[34m: party_name[0m
    [2;3mat[0m crates\spotledger-db\src\schema.rs:746

  [2m2026-04-19T18:15:42.158126Z[0m [34mDEBUG[0m [1;34mspotledger_db::schema[0m[34m: [34msync_user: executing field DDL, [1;34mdoctype[0m[34m: Party, [1;34mfield[0m[34m: party_type, [1;34msql[0m[34m: DEFINE FIELD OVERWRITE `party_type` ON TABLE `tabParty` TYPE option<string> PERMISSIONS FULL;[0m
    [2;3mat[0m crates\spotledger-db\src\schema.rs:741

  [2m2026-04-19T18:15:42.164220Z[0m [34mDEBUG[0m [1;34mspotledger_db::schema[0m[34m: [34msync_user: field DDL ok, [1;34mdoctype[0m[34m: Party, [1;34mfield[0m[34m: party_type[0m
    [2;3mat[0m crates\spotledger-db\src\schema.rs:746

  [2m2026-04-19T18:15:42.164867Z[0m [34mDEBUG[0m [1;34mspotledger_db::schema[0m[34m: [34msync_user: executing field DDL, [1;34mdoctype[0m[34m: Party, [1;34mfield[0m[34m: tax_id, [1;34msql[0m[34m: DEFINE FIELD OVERWRITE `tax_id` ON TABLE `tabParty` TYPE option<string> PERMISSIONS FULL;[0m
    [2;3mat[0m crates\spotledger-db\src\schema.rs:741

  [2m2026-04-19T18:15:42.168113Z[0m [34mDEBUG[0m [1;34mspotledger_db::schema[0m[34m: [34msync_user: field DDL ok, [1;34mdoctype[0m[34m: Party, [1;34mfield[0m[34m: tax_id[0m
    [2;3mat[0m crates\spotledger-db\src\schema.rs:746

  [2m2026-04-19T18:15:42.174856Z[0m [34mDEBUG[0m [1;34mspotledger_db::schema[0m[34m: [34msync_user: executing field DDL, [1;34mdoctype[0m[34m: Party, [1;34mfield[0m[34m: currency, [1;34msql[0m[34m: DEFINE FIELD OVERWRITE `currency` ON TABLE `tabParty` TYPE option<string> PERMISSIONS FULL;[0m
    [2;3mat[0m crates\spotledger-db\src\schema.rs:741

  [2m2026-04-19T18:15:42.180263Z[0m [34mDEBUG[0m [1;34mspotledger_db::schema[0m[34m: [34msync_user: field DDL ok, [1;34mdoctype[0m[34m: Party, [1;34mfield[0m[34m: currency[0m
    [2;3mat[0m crates\spotledger-db\src\schema.rs:746

  [2m2026-04-19T18:15:42.180975Z[0m [34mDEBUG[0m [1;34mspotledger_db::schema[0m[34m: [34msync_user: executing field DDL, [1;34mdoctype[0m[34m: Party, [1;34mfield[0m[34m: payment_terms, [1;34msql[0m[34m: DEFINE FIELD OVERWRITE `payment_terms` ON TABLE `tabParty` TYPE option<string> PERMISSIONS FULL;[0m
    [2;3mat[0m crates\spotledger-db\src\schema.rs:741

  [2m2026-04-19T18:15:42.185066Z[0m [34mDEBUG[0m [1;34mspotledger_db::schema[0m[34m: [34msync_user: field DDL ok, [1;34mdoctype[0m[34m: Party, [1;34mfield[0m[34m: payment_terms[0m
    [2;3mat[0m crates\spotledger-db\src\schema.rs:746

  [2m2026-04-19T18:15:42.185563Z[0m [34mDEBUG[0m [1;34mspotledger_db::schema[0m[34m: [34msync_user: executing field DDL, [1;34mdoctype[0m[34m: Party, [1;34mfield[0m[34m: phone, [1;34msql[0m[34m: DEFINE FIELD OVERWRITE `phone` ON TABLE `tabParty` TYPE option<string> PERMISSIONS FULL;[0m
    [2;3mat[0m crates\spotledger-db\src\schema.rs:741

  [2m2026-04-19T18:15:42.191585Z[0m [34mDEBUG[0m [1;34mspotledger_db::schema[0m[34m: [34msync_user: field DDL ok, [1;34mdoctype[0m[34m: Party, [1;34mfield[0m[34m: phone[0m
    [2;3mat[0m crates\spotledger-db\src\schema.rs:746

  [2m2026-04-19T18:15:42.192094Z[0m [34mDEBUG[0m [1;34mspotledger_db::schema[0m[34m: [34msync_user: executing field DDL, [1;34mdoctype[0m[34m: Party, [1;34mfield[0m[34m: email, [1;34msql[0m[34m: DEFINE FIELD OVERWRITE `email` ON TABLE `tabParty` TYPE option<string> PERMISSIONS FULL;[0m
    [2;3mat[0m crates\spotledger-db\src\schema.rs:741

  [2m2026-04-19T18:15:42.195964Z[0m [34mDEBUG[0m [1;34mspotledger_db::schema[0m[34m: [34msync_user: field DDL ok, [1;34mdoctype[0m[34m: Party, [1;34mfield[0m[34m: email[0m
    [2;3mat[0m crates\spotledger-db\src\schema.rs:746

  [2m2026-04-19T18:15:42.196969Z[0m [34mDEBUG[0m [1;34mspotledger_db::schema[0m[34m: [34msync_user: executing field DDL, [1;34mdoctype[0m[34m: Party, [1;34mfield[0m[34m: address, [1;34msql[0m[34m: DEFINE FIELD OVERWRITE `address` ON TABLE `tabParty` TYPE option<string> PERMISSIONS FULL;[0m
    [2;3mat[0m crates\spotledger-db\src\schema.rs:741

  [2m2026-04-19T18:15:42.202385Z[0m [34mDEBUG[0m [1;34mspotledger_db::schema[0m[34m: [34msync_user: field DDL ok, [1;34mdoctype[0m[34m: Party, [1;34mfield[0m[34m: address[0m
    [2;3mat[0m crates\spotledger-db\src\schema.rs:746

  [2m2026-04-19T18:15:42.202990Z[0m [34mDEBUG[0m [1;34mspotledger_db::schema[0m[34m: [34msync_user: executing field DDL, [1;34mdoctype[0m[34m: Party, [1;34mfield[0m[34m: is_active, [1;34msql[0m[34m: DEFINE FIELD OVERWRITE `is_active` ON TABLE `tabParty` TYPE none | int PERMISSIONS FULL DEFAULT 0;[0m
    [2;3mat[0m crates\spotledger-db\src\schema.rs:741

  [2m2026-04-19T18:15:42.210546Z[0m [34mDEBUG[0m [1;34mspotledger_db::schema[0m[34m: [34msync_user: field DDL ok, [1;34mdoctype[0m[34m: Party, [1;34mfield[0m[34m: is_active[0m
    [2;3mat[0m crates\spotledger-db\src\schema.rs:746

  [2m2026-04-19T18:15:42.214025Z[0m [34mDEBUG[0m [1;34mspotledger_db::schema[0m[34m: [34msync_user: schema synced, [1;34mdoctype[0m[34m: Party[0m
    [2;3mat[0m crates\spotledger-db\src\schema.rs:762

  [2m2026-04-19T18:15:42.276796Z[0m [34mDEBUG[0m [1;34mspotledger_db::schema[0m[34m: [34msync_user: fields loaded, [1;34mdoctype[0m[34m: Party Role Config, [1;34mfield_count[0m[34m: 8[0m
    [2;3mat[0m crates\spotledger-db\src\schema.rs:689

  [2m2026-04-19T18:15:42.277462Z[0m [34mDEBUG[0m [1;34mspotledger_db::schema[0m[34m: [34msync_user: executing field DDL, [1;34mdoctype[0m[34m: Party Role Config, [1;34mfield[0m[34m: party, [1;34msql[0m[34m: DEFINE FIELD OVERWRITE `party` ON TABLE `tabParty_Role_Config` TYPE option<string> PERMISSIONS FULL;[0m
    [2;3mat[0m crates\spotledger-db\src\schema.rs:741

  [2m2026-04-19T18:15:42.281722Z[0m [34mDEBUG[0m [1;34mspotledger_db::schema[0m[34m: [34msync_user: field DDL ok, [1;34mdoctype[0m[34m: Party Role Config, [1;34mfield[0m[34m: party[0m
    [2;3mat[0m crates\spotledger-db\src\schema.rs:746

  [2m2026-04-19T18:15:42.282257Z[0m [34mDEBUG[0m [1;34mspotledger_db::schema[0m[34m: [34msync_user: executing field DDL, [1;34mdoctype[0m[34m: Party Role Config, [1;34mfield[0m[34m: company, [1;34msql[0m[34m: DEFINE FIELD OVERWRITE `company` ON TABLE `tabParty_Role_Config` TYPE option<string> PERMISSIONS FULL;[0m
    [2;3mat[0m crates\spotledger-db\src\schema.rs:741

  [2m2026-04-19T18:15:42.285949Z[0m [34mDEBUG[0m [1;34mspotledger_db::schema[0m[34m: [34msync_user: field DDL ok, [1;34mdoctype[0m[34m: Party Role Config, [1;34mfield[0m[34m: company[0m
    [2;3mat[0m crates\spotledger-db\src\schema.rs:746

  [2m2026-04-19T18:15:42.286476Z[0m [34mDEBUG[0m [1;34mspotledger_db::schema[0m[34m: [34msync_user: executing field DDL, [1;34mdoctype[0m[34m: Party Role Config, [1;34mfield[0m[34m: role, [1;34msql[0m[34m: DEFINE FIELD OVERWRITE `role` ON TABLE `tabParty_Role_Config` TYPE option<string> PERMISSIONS FULL;[0m
    [2;3mat[0m crates\spotledger-db\src\schema.rs:741

  [2m2026-04-19T18:15:42.293117Z[0m [34mDEBUG[0m [1;34mspotledger_db::schema[0m[34m: [34msync_user: field DDL ok, [1;34mdoctype[0m[34m: Party Role Config, [1;34mfield[0m[34m: role[0m
    [2;3mat[0m crates\spotledger-db\src\schema.rs:746

  [2m2026-04-19T18:15:42.293803Z[0m [34mDEBUG[0m [1;34mspotledger_db::schema[0m[34m: [34msync_user: executing field DDL, [1;34mdoctype[0m[34m: Party Role Config, [1;34mfield[0m[34m: receivable_account, [1;34msql[0m[34m: DEFINE FIELD OVERWRITE `receivable_account` ON TABLE `tabParty_Role_Config` TYPE option<string> PERMISSIONS FULL;[0m
    [2;3mat[0m crates\spotledger-db\src\schema.rs:741

  [2m2026-04-19T18:15:42.297366Z[0m [34mDEBUG[0m [1;34mspotledger_db::schema[0m[34m: [34msync_user: field DDL ok, [1;34mdoctype[0m[34m: Party Role Config, [1;34mfield[0m[34m: receivable_account[0m
    [2;3mat[0m crates\spotledger-db\src\schema.rs:746

  [2m2026-04-19T18:15:42.297981Z[0m [34mDEBUG[0m [1;34mspotledger_db::schema[0m[34m: [34msync_user: executing field DDL, [1;34mdoctype[0m[34m: Party Role Config, [1;34mfield[0m[34m: payable_account, [1;34msql[0m[34m: DEFINE FIELD OVERWRITE `payable_account` ON TABLE `tabParty_Role_Config` TYPE option<string> PERMISSIONS FULL;[0m
    [2;3mat[0m crates\spotledger-db\src\schema.rs:741

  [2m2026-04-19T18:15:42.302123Z[0m [34mDEBUG[0m [1;34mspotledger_db::schema[0m[34m: [34msync_user: field DDL ok, [1;34mdoctype[0m[34m: Party Role Config, [1;34mfield[0m[34m: payable_account[0m
    [2;3mat[0m crates\spotledger-db\src\schema.rs:746

  [2m2026-04-19T18:15:42.302699Z[0m [34mDEBUG[0m [1;34mspotledger_db::schema[0m[34m: [34msync_user: executing field DDL, [1;34mdoctype[0m[34m: Party Role Config, [1;34mfield[0m[34m: advance_account, [1;34msql[0m[34m: DEFINE FIELD OVERWRITE `advance_account` ON TABLE `tabParty_Role_Config` TYPE option<string> PERMISSIONS FULL;[0m
    [2;3mat[0m crates\spotledger-db\src\schema.rs:741

  [2m2026-04-19T18:15:42.309133Z[0m [34mDEBUG[0m [1;34mspotledger_db::schema[0m[34m: [34msync_user: field DDL ok, [1;34mdoctype[0m[34m: Party Role Config, [1;34mfield[0m[34m: advance_account[0m
    [2;3mat[0m crates\spotledger-db\src\schema.rs:746

  [2m2026-04-19T18:15:42.309670Z[0m [34mDEBUG[0m [1;34mspotledger_db::schema[0m[34m: [34msync_user: executing field DDL, [1;34mdoctype[0m[34m: Party Role Config, [1;34mfield[0m[34m: credit_limit, [1;34msql[0m[34m: DEFINE FIELD OVERWRITE `credit_limit` ON TABLE `tabParty_Role_Config` TYPE float PERMISSIONS FULL;[0m
    [2;3mat[0m crates\spotledger-db\src\schema.rs:741

  [2m2026-04-19T18:15:42.313575Z[0m [34mDEBUG[0m [1;34mspotledger_db::schema[0m[34m: [34msync_user: field DDL ok, [1;34mdoctype[0m[34m: Party Role Config, [1;34mfield[0m[34m: credit_limit[0m
    [2;3mat[0m crates\spotledger-db\src\schema.rs:746

  [2m2026-04-19T18:15:42.314169Z[0m [34mDEBUG[0m [1;34mspotledger_db::schema[0m[34m: [34msync_user: executing field DDL, [1;34mdoctype[0m[34m: Party Role Config, [1;34mfield[0m[34m: payment_terms, [1;34msql[0m[34m: DEFINE FIELD OVERWRITE `payment_terms` ON TABLE `tabParty_Role_Config` TYPE option<string> PERMISSIONS FULL;[0m
    [2;3mat[0m crates\spotledger-db\src\schema.rs:741

  [2m2026-04-19T18:15:42.317567Z[0m [34mDEBUG[0m [1;34mspotledger_db::schema[0m[34m: [34msync_user: field DDL ok, [1;34mdoctype[0m[34m: Party Role Config, [1;34mfield[0m[34m: payment_terms[0m
    [2;3mat[0m crates\spotledger-db\src\schema.rs:746

  [2m2026-04-19T18:15:42.324738Z[0m [34mDEBUG[0m [1;34mspotledger_db::schema[0m[34m: [34msync_user: schema synced, [1;34mdoctype[0m[34m: Party Role Config[0m
    [2;3mat[0m crates\spotledger-db\src\schema.rs:762

  [2m2026-04-19T18:15:42.402873Z[0m [34mDEBUG[0m [1;34mspotledger_db::schema[0m[34m: [34msync_user: fields loaded, [1;34mdoctype[0m[34m: Payment, [1;34mfield_count[0m[34m: 14[0m
    [2;3mat[0m crates\spotledger-db\src\schema.rs:689

  [2m2026-04-19T18:15:42.409597Z[0m [34mDEBUG[0m [1;34mspotledger_db::schema[0m[34m: [34msync_user: executing field DDL, [1;34mdoctype[0m[34m: Payment, [1;34mfield[0m[34m: payment_date, [1;34msql[0m[34m: DEFINE FIELD OVERWRITE `payment_date` ON TABLE `tabPayment` TYPE option<string> PERMISSIONS FULL;[0m
    [2;3mat[0m crates\spotledger-db\src\schema.rs:741

  [2m2026-04-19T18:15:42.413931Z[0m [34mDEBUG[0m [1;34mspotledger_db::schema[0m[34m: [34msync_user: field DDL ok, [1;34mdoctype[0m[34m: Payment, [1;34mfield[0m[34m: payment_date[0m
    [2;3mat[0m crates\spotledger-db\src\schema.rs:746

  [2m2026-04-19T18:15:42.414472Z[0m [34mDEBUG[0m [1;34mspotledger_db::schema[0m[34m: [34msync_user: executing field DDL, [1;34mdoctype[0m[34m: Payment, [1;34mfield[0m[34m: company, [1;34msql[0m[34m: DEFINE FIELD OVERWRITE `company` ON TABLE `tabPayment` TYPE option<string> PERMISSIONS FULL;[0m
    [2;3mat[0m crates\spotledger-db\src\schema.rs:741

  [2m2026-04-19T18:15:42.418275Z[0m [34mDEBUG[0m [1;34mspotledger_db::schema[0m[34m: [34msync_user: field DDL ok, [1;34mdoctype[0m[34m: Payment, [1;34mfield[0m[34m: company[0m
    [2;3mat[0m crates\spotledger-db\src\schema.rs:746

  [2m2026-04-19T18:15:42.419661Z[0m [34mDEBUG[0m [1;34mspotledger_db::schema[0m[34m: [34msync_user: executing field DDL, [1;34mdoctype[0m[34m: Payment, [1;34mfield[0m[34m: payment_type, [1;34msql[0m[34m: DEFINE FIELD OVERWRITE `payment_type` ON TABLE `tabPayment` TYPE option<string> PERMISSIONS FULL;[0m
    [2;3mat[0m crates\spotledger-db\src\schema.rs:741

  [2m2026-04-19T18:15:42.425616Z[0m [34mDEBUG[0m [1;34mspotledger_db::schema[0m[34m: [34msync_user: field DDL ok, [1;34mdoctype[0m[34m: Payment, [1;34mfield[0m[34m: payment_type[0m
    [2;3mat[0m crates\spotledger-db\src\schema.rs:746

  [2m2026-04-19T18:15:42.426124Z[0m [34mDEBUG[0m [1;34mspotledger_db::schema[0m[34m: [34msync_user: executing field DDL, [1;34mdoctype[0m[34m: Payment, [1;34mfield[0m[34m: payment_direction, [1;34msql[0m[34m: DEFINE FIELD OVERWRITE `payment_direction` ON TABLE `tabPayment` TYPE option<string> PERMISSIONS FULL;[0m
    [2;3mat[0m crates\spotledger-db\src\schema.rs:741

  [2m2026-04-19T18:15:42.430810Z[0m [34mDEBUG[0m [1;34mspotledger_db::schema[0m[34m: [34msync_user: field DDL ok, [1;34mdoctype[0m[34m: Payment, [1;34mfield[0m[34m: payment_direction[0m
    [2;3mat[0m crates\spotledger-db\src\schema.rs:746

  [2m2026-04-19T18:15:42.431310Z[0m [34mDEBUG[0m [1;34mspotledger_db::schema[0m[34m: [34msync_user: executing field DDL, [1;34mdoctype[0m[34m: Payment, [1;34mfield[0m[34m: paid_from, [1;34msql[0m[34m: DEFINE FIELD OVERWRITE `paid_from` ON TABLE `tabPayment` TYPE option<string> PERMISSIONS FULL;[0m
    [2;3mat[0m crates\spotledger-db\src\schema.rs:741

  [2m2026-04-19T18:15:42.435042Z[0m [34mDEBUG[0m [1;34mspotledger_db::schema[0m[34m: [34msync_user: field DDL ok, [1;34mdoctype[0m[34m: Payment, [1;34mfield[0m[34m: paid_from[0m
    [2;3mat[0m crates\spotledger-db\src\schema.rs:746

  [2m2026-04-19T18:15:42.435501Z[0m [34mDEBUG[0m [1;34mspotledger_db::schema[0m[34m: [34msync_user: executing field DDL, [1;34mdoctype[0m[34m: Payment, [1;34mfield[0m[34m: paid_into, [1;34msql[0m[34m: DEFINE FIELD OVERWRITE `paid_into` ON TABLE `tabPayment` TYPE option<string> PERMISSIONS FULL;[0m
    [2;3mat[0m crates\spotledger-db\src\schema.rs:741

  [2m2026-04-19T18:15:42.441002Z[0m [34mDEBUG[0m [1;34mspotledger_db::schema[0m[34m: [34msync_user: field DDL ok, [1;34mdoctype[0m[34m: Payment, [1;34mfield[0m[34m: paid_into[0m
    [2;3mat[0m crates\spotledger-db\src\schema.rs:746

  [2m2026-04-19T18:15:42.441593Z[0m [34mDEBUG[0m [1;34mspotledger_db::schema[0m[34m: [34msync_user: executing field DDL, [1;34mdoctype[0m[34m: Payment, [1;34mfield[0m[34m: paid_amount, [1;34msql[0m[34m: DEFINE FIELD OVERWRITE `paid_amount` ON TABLE `tabPayment` TYPE float PERMISSIONS FULL;[0m
    [2;3mat[0m crates\spotledger-db\src\schema.rs:741

  [2m2026-04-19T18:15:42.444897Z[0m [34mDEBUG[0m [1;34mspotledger_db::schema[0m[34m: [34msync_user: field DDL ok, [1;34mdoctype[0m[34m: Payment, [1;34mfield[0m[34m: paid_amount[0m
    [2;3mat[0m crates\spotledger-db\src\schema.rs:746

  [2m2026-04-19T18:15:42.445354Z[0m [34mDEBUG[0m [1;34mspotledger_db::schema[0m[34m: [34msync_user: executing field DDL, [1;34mdoctype[0m[34m: Payment, [1;34mfield[0m[34m: party, [1;34msql[0m[34m: DEFINE FIELD OVERWRITE `party` ON TABLE `tabPayment` TYPE option<string> PERMISSIONS FULL;[0m
    [2;3mat[0m crates\spotledger-db\src\schema.rs:741

  [2m2026-04-19T18:15:42.448105Z[0m [34mDEBUG[0m [1;34mspotledger_db::schema[0m[34m: [34msync_user: field DDL ok, [1;34mdoctype[0m[34m: Payment, [1;34mfield[0m[34m: party[0m
    [2;3mat[0m crates\spotledger-db\src\schema.rs:746

  [2m2026-04-19T18:15:42.448499Z[0m [34mDEBUG[0m [1;34mspotledger_db::schema[0m[34m: [34msync_user: executing field DDL, [1;34mdoctype[0m[34m: Payment, [1;34mfield[0m[34m: party_role, [1;34msql[0m[34m: DEFINE FIELD OVERWRITE `party_role` ON TABLE `tabPayment` TYPE option<string> PERMISSIONS FULL;[0m
    [2;3mat[0m crates\spotledger-db\src\schema.rs:741

  [2m2026-04-19T18:15:42.451701Z[0m [34mDEBUG[0m [1;34mspotledger_db::schema[0m[34m: [34msync_user: field DDL ok, [1;34mdoctype[0m[34m: Payment, [1;34mfield[0m[34m: party_role[0m
    [2;3mat[0m crates\spotledger-db\src\schema.rs:746

  [2m2026-04-19T18:15:42.452596Z[0m [34mDEBUG[0m [1;34mspotledger_db::schema[0m[34m: [34msync_user: executing field DDL, [1;34mdoctype[0m[34m: Payment, [1;34mfield[0m[34m: payment_lines, [1;34msql[0m[34m: DEFINE FIELD OVERWRITE `payment_lines` ON TABLE `tabPayment` TYPE array<any> PERMISSIONS FULL;[0m
    [2;3mat[0m crates\spotledger-db\src\schema.rs:741

  [2m2026-04-19T18:15:42.457162Z[0m [34mDEBUG[0m [1;34mspotledger_db::schema[0m[34m: [34msync_user: field DDL ok, [1;34mdoctype[0m[34m: Payment, [1;34mfield[0m[34m: payment_lines[0m
    [2;3mat[0m crates\spotledger-db\src\schema.rs:746

  [2m2026-04-19T18:15:42.457616Z[0m [34mDEBUG[0m [1;34mspotledger_db::schema[0m[34m: [34msync_user: executing field DDL, [1;34mdoctype[0m[34m: Payment, [1;34mfield[0m[34m: against_invoices, [1;34msql[0m[34m: DEFINE FIELD OVERWRITE `against_invoices` ON TABLE `tabPayment` TYPE array<any> PERMISSIONS FULL;[0m
    [2;3mat[0m crates\spotledger-db\src\schema.rs:741

  [2m2026-04-19T18:15:42.460998Z[0m [34mDEBUG[0m [1;34mspotledger_db::schema[0m[34m: [34msync_user: field DDL ok, [1;34mdoctype[0m[34m: Payment, [1;34mfield[0m[34m: against_invoices[0m
    [2;3mat[0m crates\spotledger-db\src\schema.rs:746

  [2m2026-04-19T18:15:42.461726Z[0m [34mDEBUG[0m [1;34mspotledger_db::schema[0m[34m: [34msync_user: executing field DDL, [1;34mdoctype[0m[34m: Payment, [1;34mfield[0m[34m: reference_no, [1;34msql[0m[34m: DEFINE FIELD OVERWRITE `reference_no` ON TABLE `tabPayment` TYPE option<string> PERMISSIONS FULL;[0m
    [2;3mat[0m crates\spotledger-db\src\schema.rs:741

  [2m2026-04-19T18:15:42.465231Z[0m [34mDEBUG[0m [1;34mspotledger_db::schema[0m[34m: [34msync_user: field DDL ok, [1;34mdoctype[0m[34m: Payment, [1;34mfield[0m[34m: reference_no[0m
    [2;3mat[0m crates\spotledger-db\src\schema.rs:746

  [2m2026-04-19T18:15:42.465705Z[0m [34mDEBUG[0m [1;34mspotledger_db::schema[0m[34m: [34msync_user: executing field DDL, [1;34mdoctype[0m[34m: Payment, [1;34mfield[0m[34m: reference_date, [1;34msql[0m[34m: DEFINE FIELD OVERWRITE `reference_date` ON TABLE `tabPayment` TYPE option<string> PERMISSIONS FULL;[0m
    [2;3mat[0m crates\spotledger-db\src\schema.rs:741

  [2m2026-04-19T18:15:42.468969Z[0m [34mDEBUG[0m [1;34mspotledger_db::schema[0m[34m: [34msync_user: field DDL ok, [1;34mdoctype[0m[34m: Payment, [1;34mfield[0m[34m: reference_date[0m
    [2;3mat[0m crates\spotledger-db\src\schema.rs:746

  [2m2026-04-19T18:15:42.469500Z[0m [34mDEBUG[0m [1;34mspotledger_db::schema[0m[34m: [34msync_user: executing field DDL, [1;34mdoctype[0m[34m: Payment, [1;34mfield[0m[34m: remarks, [1;34msql[0m[34m: DEFINE FIELD OVERWRITE `remarks` ON TABLE `tabPayment` TYPE option<string> PERMISSIONS FULL;[0m
    [2;3mat[0m crates\spotledger-db\src\schema.rs:741

  [2m2026-04-19T18:15:42.475066Z[0m [34mDEBUG[0m [1;34mspotledger_db::schema[0m[34m: [34msync_user: field DDL ok, [1;34mdoctype[0m[34m: Payment, [1;34mfield[0m[34m: remarks[0m
    [2;3mat[0m crates\spotledger-db\src\schema.rs:746

  [2m2026-04-19T18:15:42.477782Z[0m [34mDEBUG[0m [1;34mspotledger_db::schema[0m[34m: [34msync_user: schema synced, [1;34mdoctype[0m[34m: Payment[0m
    [2;3mat[0m crates\spotledger-db\src\schema.rs:762

  [2m2026-04-19T18:15:42.530372Z[0m [34mDEBUG[0m [1;34mspotledger_db::schema[0m[34m: [34msync_user: fields loaded, [1;34mdoctype[0m[34m: Payment Line, [1;34mfield_count[0m[34m: 4[0m
    [2;3mat[0m crates\spotledger-db\src\schema.rs:689

  [2m2026-04-19T18:15:42.531051Z[0m [34mDEBUG[0m [1;34mspotledger_db::schema[0m[34m: [34msync_user: executing field DDL, [1;34mdoctype[0m[34m: Payment Line, [1;34mfield[0m[34m: account, [1;34msql[0m[34m: DEFINE FIELD OVERWRITE `account` ON TABLE `tabPayment_Line` TYPE option<string> PERMISSIONS FULL;[0m
    [2;3mat[0m crates\spotledger-db\src\schema.rs:741

  [2m2026-04-19T18:15:42.534333Z[0m [34mDEBUG[0m [1;34mspotledger_db::schema[0m[34m: [34msync_user: field DDL ok, [1;34mdoctype[0m[34m: Payment Line, [1;34mfield[0m[34m: account[0m
    [2;3mat[0m crates\spotledger-db\src\schema.rs:746

  [2m2026-04-19T18:15:42.534916Z[0m [34mDEBUG[0m [1;34mspotledger_db::schema[0m[34m: [34msync_user: executing field DDL, [1;34mdoctype[0m[34m: Payment Line, [1;34mfield[0m[34m: amount, [1;34msql[0m[34m: DEFINE FIELD OVERWRITE `amount` ON TABLE `tabPayment_Line` TYPE float PERMISSIONS FULL;[0m
    [2;3mat[0m crates\spotledger-db\src\schema.rs:741

  [2m2026-04-19T18:15:42.541610Z[0m [34mDEBUG[0m [1;34mspotledger_db::schema[0m[34m: [34msync_user: field DDL ok, [1;34mdoctype[0m[34m: Payment Line, [1;34mfield[0m[34m: amount[0m
    [2;3mat[0m crates\spotledger-db\src\schema.rs:746

  [2m2026-04-19T18:15:42.542417Z[0m [34mDEBUG[0m [1;34mspotledger_db::schema[0m[34m: [34msync_user: executing field DDL, [1;34mdoctype[0m[34m: Payment Line, [1;34mfield[0m[34m: cost_center, [1;34msql[0m[34m: DEFINE FIELD OVERWRITE `cost_center` ON TABLE `tabPayment_Line` TYPE option<string> PERMISSIONS FULL;[0m
    [2;3mat[0m crates\spotledger-db\src\schema.rs:741

  [2m2026-04-19T18:15:42.546051Z[0m [34mDEBUG[0m [1;34mspotledger_db::schema[0m[34m: [34msync_user: field DDL ok, [1;34mdoctype[0m[34m: Payment Line, [1;34mfield[0m[34m: cost_center[0m
    [2;3mat[0m crates\spotledger-db\src\schema.rs:746

  [2m2026-04-19T18:15:42.546635Z[0m [34mDEBUG[0m [1;34mspotledger_db::schema[0m[34m: [34msync_user: executing field DDL, [1;34mdoctype[0m[34m: Payment Line, [1;34mfield[0m[34m: description, [1;34msql[0m[34m: DEFINE FIELD OVERWRITE `description` ON TABLE `tabPayment_Line` TYPE option<string> PERMISSIONS FULL;[0m
    [2;3mat[0m crates\spotledger-db\src\schema.rs:741

  [2m2026-04-19T18:15:42.550113Z[0m [34mDEBUG[0m [1;34mspotledger_db::schema[0m[34m: [34msync_user: field DDL ok, [1;34mdoctype[0m[34m: Payment Line, [1;34mfield[0m[34m: description[0m
    [2;3mat[0m crates\spotledger-db\src\schema.rs:746

  [2m2026-04-19T18:15:42.550594Z[0m [34mDEBUG[0m [1;34mspotledger_db::schema[0m[34m: [34msync_user: schema synced, [1;34mdoctype[0m[34m: Payment Line[0m
    [2;3mat[0m crates\spotledger-db\src\schema.rs:762

  [2m2026-04-19T18:15:42.588326Z[0m [34mDEBUG[0m [1;34mspotledger_db::schema[0m[34m: [34msync_user: fields loaded, [1;34mdoctype[0m[34m: Payment Terms, [1;34mfield_count[0m[34m: 5[0m
    [2;3mat[0m crates\spotledger-db\src\schema.rs:689

  [2m2026-04-19T18:15:42.588885Z[0m [34mDEBUG[0m [1;34mspotledger_db::schema[0m[34m: [34msync_user: executing field DDL, [1;34mdoctype[0m[34m: Payment Terms, [1;34mfield[0m[34m: payment_terms_name, [1;34msql[0m[34m: DEFINE FIELD OVERWRITE `payment_terms_name` ON TABLE `tabPayment_Terms` TYPE option<string> PERMISSIONS FULL;[0m
    [2;3mat[0m crates\spotledger-db\src\schema.rs:741

  [2m2026-04-19T18:15:42.592708Z[0m [34mDEBUG[0m [1;34mspotledger_db::schema[0m[34m: [34msync_user: field DDL ok, [1;34mdoctype[0m[34m: Payment Terms, [1;34mfield[0m[34m: payment_terms_name[0m
    [2;3mat[0m crates\spotledger-db\src\schema.rs:746

  [2m2026-04-19T18:15:42.593280Z[0m [34mDEBUG[0m [1;34mspotledger_db::schema[0m[34m: [34msync_user: executing field DDL, [1;34mdoctype[0m[34m: Payment Terms, [1;34mfield[0m[34m: due_days, [1;34msql[0m[34m: DEFINE FIELD OVERWRITE `due_days` ON TABLE `tabPayment_Terms` TYPE none | int PERMISSIONS FULL;[0m
    [2;3mat[0m crates\spotledger-db\src\schema.rs:741

  [2m2026-04-19T18:15:42.596149Z[0m [34mDEBUG[0m [1;34mspotledger_db::schema[0m[34m: [34msync_user: field DDL ok, [1;34mdoctype[0m[34m: Payment Terms, [1;34mfield[0m[34m: due_days[0m
    [2;3mat[0m crates\spotledger-db\src\schema.rs:746

  [2m2026-04-19T18:15:42.596604Z[0m [34mDEBUG[0m [1;34mspotledger_db::schema[0m[34m: [34msync_user: executing field DDL, [1;34mdoctype[0m[34m: Payment Terms, [1;34mfield[0m[34m: discount_days, [1;34msql[0m[34m: DEFINE FIELD OVERWRITE `discount_days` ON TABLE `tabPayment_Terms` TYPE none | int PERMISSIONS FULL;[0m
    [2;3mat[0m crates\spotledger-db\src\schema.rs:741

  [2m2026-04-19T18:15:42.599332Z[0m [34mDEBUG[0m [1;34mspotledger_db::schema[0m[34m: [34msync_user: field DDL ok, [1;34mdoctype[0m[34m: Payment Terms, [1;34mfield[0m[34m: discount_days[0m
    [2;3mat[0m crates\spotledger-db\src\schema.rs:746

  [2m2026-04-19T18:15:42.599818Z[0m [34mDEBUG[0m [1;34mspotledger_db::schema[0m[34m: [34msync_user: executing field DDL, [1;34mdoctype[0m[34m: Payment Terms, [1;34mfield[0m[34m: discount_percent, [1;34msql[0m[34m: DEFINE FIELD OVERWRITE `discount_percent` ON TABLE `tabPayment_Terms` TYPE float PERMISSIONS FULL;[0m
    [2;3mat[0m crates\spotledger-db\src\schema.rs:741

  [2m2026-04-19T18:15:42.602650Z[0m [34mDEBUG[0m [1;34mspotledger_db::schema[0m[34m: [34msync_user: field DDL ok, [1;34mdoctype[0m[34m: Payment Terms, [1;34mfield[0m[34m: discount_percent[0m
    [2;3mat[0m crates\spotledger-db\src\schema.rs:746

  [2m2026-04-19T18:15:42.603148Z[0m [34mDEBUG[0m [1;34mspotledger_db::schema[0m[34m: [34msync_user: executing field DDL, [1;34mdoctype[0m[34m: Payment Terms, [1;34mfield[0m[34m: description, [1;34msql[0m[34m: DEFINE FIELD OVERWRITE `description` ON TABLE `tabPayment_Terms` TYPE option<string> PERMISSIONS FULL;[0m
    [2;3mat[0m crates\spotledger-db\src\schema.rs:741

  [2m2026-04-19T18:15:42.607698Z[0m [34mDEBUG[0m [1;34mspotledger_db::schema[0m[34m: [34msync_user: field DDL ok, [1;34mdoctype[0m[34m: Payment Terms, [1;34mfield[0m[34m: description[0m
    [2;3mat[0m crates\spotledger-db\src\schema.rs:746

  [2m2026-04-19T18:15:42.610614Z[0m [34mDEBUG[0m [1;34mspotledger_db::schema[0m[34m: [34msync_user: schema synced, [1;34mdoctype[0m[34m: Payment Terms[0m
    [2;3mat[0m crates\spotledger-db\src\schema.rs:762

  [2m2026-04-19T18:15:42.648245Z[0m [34mDEBUG[0m [1;34mspotledger_db::schema[0m[34m: [34msync_user: fields loaded, [1;34mdoctype[0m[34m: Print Format, [1;34mfield_count[0m[34m: 16[0m
    [2;3mat[0m crates\spotledger-db\src\schema.rs:689

  [2m2026-04-19T18:15:42.649001Z[0m [34mDEBUG[0m [1;34mspotledger_db::schema[0m[34m: [34msync_user: executing field DDL, [1;34mdoctype[0m[34m: Print Format, [1;34mfield[0m[34m: doc_type, [1;34msql[0m[34m: DEFINE FIELD OVERWRITE `doc_type` ON TABLE `tabPrint_Format` TYPE option<string> PERMISSIONS FULL;[0m
    [2;3mat[0m crates\spotledger-db\src\schema.rs:741

  [2m2026-04-19T18:15:42.652918Z[0m [34mDEBUG[0m [1;34mspotledger_db::schema[0m[34m: [34msync_user: field DDL ok, [1;34mdoctype[0m[34m: Print Format, [1;34mfield[0m[34m: doc_type[0m
    [2;3mat[0m crates\spotledger-db\src\schema.rs:746

  [2m2026-04-19T18:15:42.654791Z[0m [34mDEBUG[0m [1;34mspotledger_db::schema[0m[34m: [34msync_user: executing field DDL, [1;34mdoctype[0m[34m: Print Format, [1;34mfield[0m[34m: module, [1;34msql[0m[34m: DEFINE FIELD OVERWRITE `module` ON TABLE `tabPrint_Format` TYPE option<string> PERMISSIONS FULL;[0m
    [2;3mat[0m crates\spotledger-db\src\schema.rs:741

  [2m2026-04-19T18:15:42.659153Z[0m [34mDEBUG[0m [1;34mspotledger_db::schema[0m[34m: [34msync_user: field DDL ok, [1;34mdoctype[0m[34m: Print Format, [1;34mfield[0m[34m: module[0m
    [2;3mat[0m crates\spotledger-db\src\schema.rs:746

  [2m2026-04-19T18:15:42.659605Z[0m [34mDEBUG[0m [1;34mspotledger_db::schema[0m[34m: [34msync_user: executing field DDL, [1;34mdoctype[0m[34m: Print Format, [1;34mfield[0m[34m: disabled, [1;34msql[0m[34m: DEFINE FIELD OVERWRITE `disabled` ON TABLE `tabPrint_Format` TYPE none | int PERMISSIONS FULL DEFAULT 0;[0m
    [2;3mat[0m crates\spotledger-db\src\schema.rs:741

  [2m2026-04-19T18:15:42.662940Z[0m [34mDEBUG[0m [1;34mspotledger_db::schema[0m[34m: [34msync_user: field DDL ok, [1;34mdoctype[0m[34m: Print Format, [1;34mfield[0m[34m: disabled[0m
    [2;3mat[0m crates\spotledger-db\src\schema.rs:746

  [2m2026-04-19T18:15:42.663519Z[0m [34mDEBUG[0m [1;34mspotledger_db::schema[0m[34m: [34msync_user: executing field DDL, [1;34mdoctype[0m[34m: Print Format, [1;34mfield[0m[34m: standard, [1;34msql[0m[34m: DEFINE FIELD OVERWRITE `standard` ON TABLE `tabPrint_Format` TYPE option<string> PERMISSIONS FULL;[0m
    [2;3mat[0m crates\spotledger-db\src\schema.rs:741

  [2m2026-04-19T18:15:42.667699Z[0m [34mDEBUG[0m [1;34mspotledger_db::schema[0m[34m: [34msync_user: field DDL ok, [1;34mdoctype[0m[34m: Print Format, [1;34mfield[0m[34m: standard[0m
    [2;3mat[0m crates\spotledger-db\src\schema.rs:746

  [2m2026-04-19T18:15:42.668194Z[0m [34mDEBUG[0m [1;34mspotledger_db::schema[0m[34m: [34msync_user: executing field DDL, [1;34mdoctype[0m[34m: Print Format, [1;34mfield[0m[34m: custom_format, [1;34msql[0m[34m: DEFINE FIELD OVERWRITE `custom_format` ON TABLE `tabPrint_Format` TYPE none | int PERMISSIONS FULL DEFAULT 0;[0m
    [2;3mat[0m crates\spotledger-db\src\schema.rs:741

  [2m2026-04-19T18:15:42.673109Z[0m [34mDEBUG[0m [1;34mspotledger_db::schema[0m[34m: [34msync_user: field DDL ok, [1;34mdoctype[0m[34m: Print Format, [1;34mfield[0m[34m: custom_format[0m
    [2;3mat[0m crates\spotledger-db\src\schema.rs:746

  [2m2026-04-19T18:15:42.674061Z[0m [34mDEBUG[0m [1;34mspotledger_db::schema[0m[34m: [34msync_user: executing field DDL, [1;34mdoctype[0m[34m: Print Format, [1;34mfield[0m[34m: print_format_type, [1;34msql[0m[34m: DEFINE FIELD OVERWRITE `print_format_type` ON TABLE `tabPrint_Format` TYPE option<string> PERMISSIONS FULL;[0m
    [2;3mat[0m crates\spotledger-db\src\schema.rs:741

  [2m2026-04-19T18:15:42.677541Z[0m [34mDEBUG[0m [1;34mspotledger_db::schema[0m[34m: [34msync_user: field DDL ok, [1;34mdoctype[0m[34m: Print Format, [1;34mfield[0m[34m: print_format_type[0m
    [2;3mat[0m crates\spotledger-db\src\schema.rs:746

  [2m2026-04-19T18:15:42.678089Z[0m [34mDEBUG[0m [1;34mspotledger_db::schema[0m[34m: [34msync_user: executing field DDL, [1;34mdoctype[0m[34m: Print Format, [1;34mfield[0m[34m: raw_printing, [1;34msql[0m[34m: DEFINE FIELD OVERWRITE `raw_printing` ON TABLE `tabPrint_Format` TYPE none | int PERMISSIONS FULL DEFAULT 0;[0m
    [2;3mat[0m crates\spotledger-db\src\schema.rs:741

  [2m2026-04-19T18:15:42.681500Z[0m [34mDEBUG[0m [1;34mspotledger_db::schema[0m[34m: [34msync_user: field DDL ok, [1;34mdoctype[0m[34m: Print Format, [1;34mfield[0m[34m: raw_printing[0m
    [2;3mat[0m crates\spotledger-db\src\schema.rs:746

  [2m2026-04-19T18:15:42.682002Z[0m [34mDEBUG[0m [1;34mspotledger_db::schema[0m[34m: [34msync_user: executing field DDL, [1;34mdoctype[0m[34m: Print Format, [1;34mfield[0m[34m: html, [1;34msql[0m[34m: DEFINE FIELD OVERWRITE `html` ON TABLE `tabPrint_Format` TYPE option<string> PERMISSIONS FULL;[0m
    [2;3mat[0m crates\spotledger-db\src\schema.rs:741

  [2m2026-04-19T18:15:42.685534Z[0m [34mDEBUG[0m [1;34mspotledger_db::schema[0m[34m: [34msync_user: field DDL ok, [1;34mdoctype[0m[34m: Print Format, [1;34mfield[0m[34m: html[0m
    [2;3mat[0m crates\spotledger-db\src\schema.rs:746

  [2m2026-04-19T18:15:42.686090Z[0m [34mDEBUG[0m [1;34mspotledger_db::schema[0m[34m: [34msync_user: executing field DDL, [1;34mdoctype[0m[34m: Print Format, [1;34mfield[0m[34m: raw_commands, [1;34msql[0m[34m: DEFINE FIELD OVERWRITE `raw_commands` ON TABLE `tabPrint_Format` TYPE option<string> PERMISSIONS FULL;[0m
    [2;3mat[0m crates\spotledger-db\src\schema.rs:741

  [2m2026-04-19T18:15:42.690963Z[0m [34mDEBUG[0m [1;34mspotledger_db::schema[0m[34m: [34msync_user: field DDL ok, [1;34mdoctype[0m[34m: Print Format, [1;34mfield[0m[34m: raw_commands[0m
    [2;3mat[0m crates\spotledger-db\src\schema.rs:746

  [2m2026-04-19T18:15:42.691427Z[0m [34mDEBUG[0m [1;34mspotledger_db::schema[0m[34m: [34msync_user: executing field DDL, [1;34mdoctype[0m[34m: Print Format, [1;34mfield[0m[34m: align_labels_right, [1;34msql[0m[34m: DEFINE FIELD OVERWRITE `align_labels_right` ON TABLE `tabPrint_Format` TYPE none | int PERMISSIONS FULL DEFAULT 0;[0m
    [2;3mat[0m crates\spotledger-db\src\schema.rs:741

  [2m2026-04-19T18:15:42.695200Z[0m [34mDEBUG[0m [1;34mspotledger_db::schema[0m[34m: [34msync_user: field DDL ok, [1;34mdoctype[0m[34m: Print Format, [1;34mfield[0m[34m: align_labels_right[0m
    [2;3mat[0m crates\spotledger-db\src\schema.rs:746

  [2m2026-04-19T18:15:42.695889Z[0m [34mDEBUG[0m [1;34mspotledger_db::schema[0m[34m: [34msync_user: executing field DDL, [1;34mdoctype[0m[34m: Print Format, [1;34mfield[0m[34m: show_section_headings, [1;34msql[0m[34m: DEFINE FIELD OVERWRITE `show_section_headings` ON TABLE `tabPrint_Format` TYPE none | int PERMISSIONS FULL DEFAULT 0;[0m
    [2;3mat[0m crates\spotledger-db\src\schema.rs:741

  [2m2026-04-19T18:15:42.699888Z[0m [34mDEBUG[0m [1;34mspotledger_db::schema[0m[34m: [34msync_user: field DDL ok, [1;34mdoctype[0m[34m: Print Format, [1;34mfield[0m[34m: show_section_headings[0m
    [2;3mat[0m crates\spotledger-db\src\schema.rs:746

  [2m2026-04-19T18:15:42.700594Z[0m [34mDEBUG[0m [1;34mspotledger_db::schema[0m[34m: [34msync_user: executing field DDL, [1;34mdoctype[0m[34m: Print Format, [1;34mfield[0m[34m: default_print_language, [1;34msql[0m[34m: DEFINE FIELD OVERWRITE `default_print_language` ON TABLE `tabPrint_Format` TYPE option<string> PERMISSIONS FULL;[0m
    [2;3mat[0m crates\spotledger-db\src\schema.rs:741

  [2m2026-04-19T18:15:42.706147Z[0m [34mDEBUG[0m [1;34mspotledger_db::schema[0m[34m: [34msync_user: field DDL ok, [1;34mdoctype[0m[34m: Print Format, [1;34mfield[0m[34m: default_print_language[0m
    [2;3mat[0m crates\spotledger-db\src\schema.rs:746

  [2m2026-04-19T18:15:42.706749Z[0m [34mDEBUG[0m [1;34mspotledger_db::schema[0m[34m: [34msync_user: executing field DDL, [1;34mdoctype[0m[34m: Print Format, [1;34mfield[0m[34m: font, [1;34msql[0m[34m: DEFINE FIELD OVERWRITE `font` ON TABLE `tabPrint_Format` TYPE option<string> PERMISSIONS FULL;[0m
    [2;3mat[0m crates\spotledger-db\src\schema.rs:741

  [2m2026-04-19T18:15:42.710502Z[0m [34mDEBUG[0m [1;34mspotledger_db::schema[0m[34m: [34msync_user: field DDL ok, [1;34mdoctype[0m[34m: Print Format, [1;34mfield[0m[34m: font[0m
    [2;3mat[0m crates\spotledger-db\src\schema.rs:746

  [2m2026-04-19T18:15:42.710997Z[0m [34mDEBUG[0m [1;34mspotledger_db::schema[0m[34m: [34msync_user: executing field DDL, [1;34mdoctype[0m[34m: Print Format, [1;34mfield[0m[34m: css, [1;34msql[0m[34m: DEFINE FIELD OVERWRITE `css` ON TABLE `tabPrint_Format` TYPE option<string> PERMISSIONS FULL;[0m
    [2;3mat[0m crates\spotledger-db\src\schema.rs:741

  [2m2026-04-19T18:15:42.714498Z[0m [34mDEBUG[0m [1;34mspotledger_db::schema[0m[34m: [34msync_user: field DDL ok, [1;34mdoctype[0m[34m: Print Format, [1;34mfield[0m[34m: css[0m
    [2;3mat[0m crates\spotledger-db\src\schema.rs:746

  [2m2026-04-19T18:15:42.715036Z[0m [34mDEBUG[0m [1;34mspotledger_db::schema[0m[34m: [34msync_user: executing field DDL, [1;34mdoctype[0m[34m: Print Format, [1;34mfield[0m[34m: format_data, [1;34msql[0m[34m: DEFINE FIELD OVERWRITE `format_data` ON TABLE `tabPrint_Format` TYPE option<string> PERMISSIONS FULL;[0m
    [2;3mat[0m crates\spotledger-db\src\schema.rs:741

  [2m2026-04-19T18:15:42.718441Z[0m [34mDEBUG[0m [1;34mspotledger_db::schema[0m[34m: [34msync_user: field DDL ok, [1;34mdoctype[0m[34m: Print Format, [1;34mfield[0m[34m: format_data[0m
    [2;3mat[0m crates\spotledger-db\src\schema.rs:746

  [2m2026-04-19T18:15:42.719233Z[0m [34mDEBUG[0m [1;34mspotledger_db::schema[0m[34m: [34msync_user: executing field DDL, [1;34mdoctype[0m[34m: Print Format, [1;34mfield[0m[34m: absolute_value, [1;34msql[0m[34m: DEFINE FIELD OVERWRITE `absolute_value` ON TABLE `tabPrint_Format` TYPE none | int PERMISSIONS FULL DEFAULT 0;[0m
    [2;3mat[0m crates\spotledger-db\src\schema.rs:741

  [2m2026-04-19T18:15:42.723536Z[0m [34mDEBUG[0m [1;34mspotledger_db::schema[0m[34m: [34msync_user: field DDL ok, [1;34mdoctype[0m[34m: Print Format, [1;34mfield[0m[34m: absolute_value[0m
    [2;3mat[0m crates\spotledger-db\src\schema.rs:746

  [2m2026-04-19T18:15:42.726458Z[0m [34mDEBUG[0m [1;34mspotledger_db::schema[0m[34m: [34msync_user: schema synced, [1;34mdoctype[0m[34m: Print Format[0m
    [2;3mat[0m crates\spotledger-db\src\schema.rs:762

  [2m2026-04-19T18:15:42.762185Z[0m [34mDEBUG[0m [1;34mspotledger_db::schema[0m[34m: [34msync_user: fields loaded, [1;34mdoctype[0m[34m: Print Heading, [1;34mfield_count[0m[34m: 2[0m
    [2;3mat[0m crates\spotledger-db\src\schema.rs:689

  [2m2026-04-19T18:15:42.762629Z[0m [34mDEBUG[0m [1;34mspotledger_db::schema[0m[34m: [34msync_user: executing field DDL, [1;34mdoctype[0m[34m: Print Heading, [1;34mfield[0m[34m: print_heading, [1;34msql[0m[34m: DEFINE FIELD OVERWRITE `print_heading` ON TABLE `tabPrint_Heading` TYPE option<string> PERMISSIONS FULL;[0m
    [2;3mat[0m crates\spotledger-db\src\schema.rs:741

  [2m2026-04-19T18:15:42.765586Z[0m [34mDEBUG[0m [1;34mspotledger_db::schema[0m[34m: [34msync_user: field DDL ok, [1;34mdoctype[0m[34m: Print Heading, [1;34mfield[0m[34m: print_heading[0m
    [2;3mat[0m crates\spotledger-db\src\schema.rs:746

  [2m2026-04-19T18:15:42.766193Z[0m [34mDEBUG[0m [1;34mspotledger_db::schema[0m[34m: [34msync_user: executing field DDL, [1;34mdoctype[0m[34m: Print Heading, [1;34mfield[0m[34m: description, [1;34msql[0m[34m: DEFINE FIELD OVERWRITE `description` ON TABLE `tabPrint_Heading` TYPE option<string> PERMISSIONS FULL;[0m
    [2;3mat[0m crates\spotledger-db\src\schema.rs:741

  [2m2026-04-19T18:15:42.769369Z[0m [34mDEBUG[0m [1;34mspotledger_db::schema[0m[34m: [34msync_user: field DDL ok, [1;34mdoctype[0m[34m: Print Heading, [1;34mfield[0m[34m: description[0m
    [2;3mat[0m crates\spotledger-db\src\schema.rs:746

  [2m2026-04-19T18:15:42.773585Z[0m [34mDEBUG[0m [1;34mspotledger_db::schema[0m[34m: [34msync_user: schema synced, [1;34mdoctype[0m[34m: Print Heading[0m
    [2;3mat[0m crates\spotledger-db\src\schema.rs:762

  [2m2026-04-19T18:15:42.809213Z[0m [34mDEBUG[0m [1;34mspotledger_db::schema[0m[34m: [34msync_user: fields loaded, [1;34mdoctype[0m[34m: Print Settings, [1;34mfield_count[0m[34m: 13[0m
    [2;3mat[0m crates\spotledger-db\src\schema.rs:689

  [2m2026-04-19T18:15:42.809641Z[0m [34mDEBUG[0m [1;34mspotledger_db::schema[0m[34m: [34msync_user: executing field DDL, [1;34mdoctype[0m[34m: Print Settings, [1;34mfield[0m[34m: print_style, [1;34msql[0m[34m: DEFINE FIELD OVERWRITE `print_style` ON TABLE `tabPrint_Settings` TYPE option<string> PERMISSIONS FULL;[0m
    [2;3mat[0m crates\spotledger-db\src\schema.rs:741

  [2m2026-04-19T18:15:42.813380Z[0m [34mDEBUG[0m [1;34mspotledger_db::schema[0m[34m: [34msync_user: field DDL ok, [1;34mdoctype[0m[34m: Print Settings, [1;34mfield[0m[34m: print_style[0m
    [2;3mat[0m crates\spotledger-db\src\schema.rs:746

  [2m2026-04-19T18:15:42.813771Z[0m [34mDEBUG[0m [1;34mspotledger_db::schema[0m[34m: [34msync_user: executing field DDL, [1;34mdoctype[0m[34m: Print Settings, [1;34mfield[0m[34m: print_with_letterhead, [1;34msql[0m[34m: DEFINE FIELD OVERWRITE `print_with_letterhead` ON TABLE `tabPrint_Settings` TYPE none | int PERMISSIONS FULL DEFAULT 0;[0m
    [2;3mat[0m crates\spotledger-db\src\schema.rs:741

  [2m2026-04-19T18:15:42.817156Z[0m [34mDEBUG[0m [1;34mspotledger_db::schema[0m[34m: [34msync_user: field DDL ok, [1;34mdoctype[0m[34m: Print Settings, [1;34mfield[0m[34m: print_with_letterhead[0m
    [2;3mat[0m crates\spotledger-db\src\schema.rs:746

  [2m2026-04-19T18:15:42.817855Z[0m [34mDEBUG[0m [1;34mspotledger_db::schema[0m[34m: [34msync_user: executing field DDL, [1;34mdoctype[0m[34m: Print Settings, [1;34mfield[0m[34m: allow_print_for_draft, [1;34msql[0m[34m: DEFINE FIELD OVERWRITE `allow_print_for_draft` ON TABLE `tabPrint_Settings` TYPE none | int PERMISSIONS FULL DEFAULT 0;[0m
    [2;3mat[0m crates\spotledger-db\src\schema.rs:741

  [2m2026-04-19T18:15:42.821612Z[0m [34mDEBUG[0m [1;34mspotledger_db::schema[0m[34m: [34msync_user: field DDL ok, [1;34mdoctype[0m[34m: Print Settings, [1;34mfield[0m[34m: allow_print_for_draft[0m
    [2;3mat[0m crates\spotledger-db\src\schema.rs:746

  [2m2026-04-19T18:15:42.822331Z[0m [34mDEBUG[0m [1;34mspotledger_db::schema[0m[34m: [34msync_user: executing field DDL, [1;34mdoctype[0m[34m: Print Settings, [1;34mfield[0m[34m: allow_print_for_cancelled, [1;34msql[0m[34m: DEFINE FIELD OVERWRITE `allow_print_for_cancelled` ON TABLE `tabPrint_Settings` TYPE none | int PERMISSIONS FULL DEFAULT 0;[0m
    [2;3mat[0m crates\spotledger-db\src\schema.rs:741

  [2m2026-04-19T18:15:42.825693Z[0m [34mDEBUG[0m [1;34mspotledger_db::schema[0m[34m: [34msync_user: field DDL ok, [1;34mdoctype[0m[34m: Print Settings, [1;34mfield[0m[34m: allow_print_for_cancelled[0m
    [2;3mat[0m crates\spotledger-db\src\schema.rs:746

  [2m2026-04-19T18:15:42.826312Z[0m [34mDEBUG[0m [1;34mspotledger_db::schema[0m[34m: [34msync_user: executing field DDL, [1;34mdoctype[0m[34m: Print Settings, [1;34mfield[0m[34m: allow_landscape_mode, [1;34msql[0m[34m: DEFINE FIELD OVERWRITE `allow_landscape_mode` ON TABLE `tabPrint_Settings` TYPE none | int PERMISSIONS FULL DEFAULT 0;[0m
    [2;3mat[0m crates\spotledger-db\src\schema.rs:741

  [2m2026-04-19T18:15:42.830159Z[0m [34mDEBUG[0m [1;34mspotledger_db::schema[0m[34m: [34msync_user: field DDL ok, [1;34mdoctype[0m[34m: Print Settings, [1;34mfield[0m[34m: allow_landscape_mode[0m
    [2;3mat[0m crates\spotledger-db\src\schema.rs:746

  [2m2026-04-19T18:15:42.830562Z[0m [34mDEBUG[0m [1;34mspotledger_db::schema[0m[34m: [34msync_user: executing field DDL, [1;34mdoctype[0m[34m: Print Settings, [1;34mfield[0m[34m: repeat_header_footer, [1;34msql[0m[34m: DEFINE FIELD OVERWRITE `repeat_header_footer` ON TABLE `tabPrint_Settings` TYPE none | int PERMISSIONS FULL DEFAULT 0;[0m
    [2;3mat[0m crates\spotledger-db\src\schema.rs:741

  [2m2026-04-19T18:15:42.834364Z[0m [34mDEBUG[0m [1;34mspotledger_db::schema[0m[34m: [34msync_user: field DDL ok, [1;34mdoctype[0m[34m: Print Settings, [1;34mfield[0m[34m: repeat_header_footer[0m
    [2;3mat[0m crates\spotledger-db\src\schema.rs:746

  [2m2026-04-19T18:15:42.834750Z[0m [34mDEBUG[0m [1;34mspotledger_db::schema[0m[34m: [34msync_user: executing field DDL, [1;34mdoctype[0m[34m: Print Settings, [1;34mfield[0m[34m: with_letterhead, [1;34msql[0m[34m: DEFINE FIELD OVERWRITE `with_letterhead` ON TABLE `tabPrint_Settings` TYPE none | int PERMISSIONS FULL DEFAULT 0;[0m
    [2;3mat[0m crates\spotledger-db\src\schema.rs:741

  [2m2026-04-19T18:15:42.839286Z[0m [34mDEBUG[0m [1;34mspotledger_db::schema[0m[34m: [34msync_user: field DDL ok, [1;34mdoctype[0m[34m: Print Settings, [1;34mfield[0m[34m: with_letterhead[0m
    [2;3mat[0m crates\spotledger-db\src\schema.rs:746

  [2m2026-04-19T18:15:42.839783Z[0m [34mDEBUG[0m [1;34mspotledger_db::schema[0m[34m: [34msync_user: executing field DDL, [1;34mdoctype[0m[34m: Print Settings, [1;34mfield[0m[34m: compact_item_print, [1;34msql[0m[34m: DEFINE FIELD OVERWRITE `compact_item_print` ON TABLE `tabPrint_Settings` TYPE none | int PERMISSIONS FULL DEFAULT 0;[0m
    [2;3mat[0m crates\spotledger-db\src\schema.rs:741

  [2m2026-04-19T18:15:42.843089Z[0m [34mDEBUG[0m [1;34mspotledger_db::schema[0m[34m: [34msync_user: field DDL ok, [1;34mdoctype[0m[34m: Print Settings, [1;34mfield[0m[34m: compact_item_print[0m
    [2;3mat[0m crates\spotledger-db\src\schema.rs:746

  [2m2026-04-19T18:15:42.843851Z[0m [34mDEBUG[0m [1;34mspotledger_db::schema[0m[34m: [34msync_user: executing field DDL, [1;34mdoctype[0m[34m: Print Settings, [1;34mfield[0m[34m: send_print_as_pdf, [1;34msql[0m[34m: DEFINE FIELD OVERWRITE `send_print_as_pdf` ON TABLE `tabPrint_Settings` TYPE none | int PERMISSIONS FULL DEFAULT 0;[0m
    [2;3mat[0m crates\spotledger-db\src\schema.rs:741

  [2m2026-04-19T18:15:42.847545Z[0m [34mDEBUG[0m [1;34mspotledger_db::schema[0m[34m: [34msync_user: field DDL ok, [1;34mdoctype[0m[34m: Print Settings, [1;34mfield[0m[34m: send_print_as_pdf[0m
    [2;3mat[0m crates\spotledger-db\src\schema.rs:746

  [2m2026-04-19T18:15:42.848108Z[0m [34mDEBUG[0m [1;34mspotledger_db::schema[0m[34m: [34msync_user: executing field DDL, [1;34mdoctype[0m[34m: Print Settings, [1;34mfield[0m[34m: pdf_page_size, [1;34msql[0m[34m: DEFINE FIELD OVERWRITE `pdf_page_size` ON TABLE `tabPrint_Settings` TYPE option<string> PERMISSIONS FULL;[0m
    [2;3mat[0m crates\spotledger-db\src\schema.rs:741

  [2m2026-04-19T18:15:42.851815Z[0m [34mDEBUG[0m [1;34mspotledger_db::schema[0m[34m: [34msync_user: field DDL ok, [1;34mdoctype[0m[34m: Print Settings, [1;34mfield[0m[34m: pdf_page_size[0m
    [2;3mat[0m crates\spotledger-db\src\schema.rs:746

  [2m2026-04-19T18:15:42.852429Z[0m [34mDEBUG[0m [1;34mspotledger_db::schema[0m[34m: [34msync_user: executing field DDL, [1;34mdoctype[0m[34m: Print Settings, [1;34mfield[0m[34m: pdf_orientation, [1;34msql[0m[34m: DEFINE FIELD OVERWRITE `pdf_orientation` ON TABLE `tabPrint_Settings` TYPE option<string> PERMISSIONS FULL;[0m
    [2;3mat[0m crates\spotledger-db\src\schema.rs:741

  [2m2026-04-19T18:15:42.856851Z[0m [34mDEBUG[0m [1;34mspotledger_db::schema[0m[34m: [34msync_user: field DDL ok, [1;34mdoctype[0m[34m: Print Settings, [1;34mfield[0m[34m: pdf_orientation[0m
    [2;3mat[0m crates\spotledger-db\src\schema.rs:746

  [2m2026-04-19T18:15:42.857289Z[0m [34mDEBUG[0m [1;34mspotledger_db::schema[0m[34m: [34msync_user: executing field DDL, [1;34mdoctype[0m[34m: Print Settings, [1;34mfield[0m[34m: enable_raw_printing, [1;34msql[0m[34m: DEFINE FIELD OVERWRITE `enable_raw_printing` ON TABLE `tabPrint_Settings` TYPE none | int PERMISSIONS FULL DEFAULT 0;[0m
    [2;3mat[0m crates\spotledger-db\src\schema.rs:741

  [2m2026-04-19T18:15:42.860683Z[0m [34mDEBUG[0m [1;34mspotledger_db::schema[0m[34m: [34msync_user: field DDL ok, [1;34mdoctype[0m[34m: Print Settings, [1;34mfield[0m[34m: enable_raw_printing[0m
    [2;3mat[0m crates\spotledger-db\src\schema.rs:746

  [2m2026-04-19T18:15:42.861233Z[0m [34mDEBUG[0m [1;34mspotledger_db::schema[0m[34m: [34msync_user: executing field DDL, [1;34mdoctype[0m[34m: Print Settings, [1;34mfield[0m[34m: add_draft_heading, [1;34msql[0m[34m: DEFINE FIELD OVERWRITE `add_draft_heading` ON TABLE `tabPrint_Settings` TYPE none | int PERMISSIONS FULL DEFAULT 0;[0m
    [2;3mat[0m crates\spotledger-db\src\schema.rs:741

  [2m2026-04-19T18:15:42.864812Z[0m [34mDEBUG[0m [1;34mspotledger_db::schema[0m[34m: [34msync_user: field DDL ok, [1;34mdoctype[0m[34m: Print Settings, [1;34mfield[0m[34m: add_draft_heading[0m
    [2;3mat[0m crates\spotledger-db\src\schema.rs:746

  [2m2026-04-19T18:15:42.867651Z[0m [34mDEBUG[0m [1;34mspotledger_db::schema[0m[34m: [34msync_user: schema synced, [1;34mdoctype[0m[34m: Print Settings[0m
    [2;3mat[0m crates\spotledger-db\src\schema.rs:762

  [2m2026-04-19T18:15:42.904818Z[0m [34mDEBUG[0m [1;34mspotledger_db::schema[0m[34m: [34msync_user: fields loaded, [1;34mdoctype[0m[34m: Salutation, [1;34mfield_count[0m[34m: 1[0m
    [2;3mat[0m crates\spotledger-db\src\schema.rs:689

  [2m2026-04-19T18:15:42.905585Z[0m [34mDEBUG[0m [1;34mspotledger_db::schema[0m[34m: [34msync_user: executing field DDL, [1;34mdoctype[0m[34m: Salutation, [1;34mfield[0m[34m: salutation, [1;34msql[0m[34m: DEFINE FIELD OVERWRITE `salutation` ON TABLE `tabSalutation` TYPE option<string> PERMISSIONS FULL;[0m
    [2;3mat[0m crates\spotledger-db\src\schema.rs:741

  [2m2026-04-19T18:15:42.909119Z[0m [34mDEBUG[0m [1;34mspotledger_db::schema[0m[34m: [34msync_user: field DDL ok, [1;34mdoctype[0m[34m: Salutation, [1;34mfield[0m[34m: salutation[0m
    [2;3mat[0m crates\spotledger-db\src\schema.rs:746

  [2m2026-04-19T18:15:42.912145Z[0m [34mDEBUG[0m [1;34mspotledger_db::schema[0m[34m: [34msync_user: schema synced, [1;34mdoctype[0m[34m: Salutation[0m
    [2;3mat[0m crates\spotledger-db\src\schema.rs:762

  [2m2026-04-19T18:15:42.949926Z[0m [34mDEBUG[0m [1;34mspotledger_db::schema[0m[34m: [34msync_user: fields loaded, [1;34mdoctype[0m[34m: Scheduled Job Type, [1;34mfield_count[0m[34m: 8[0m
    [2;3mat[0m crates\spotledger-db\src\schema.rs:689

  [2m2026-04-19T18:15:42.950430Z[0m [34mDEBUG[0m [1;34mspotledger_db::schema[0m[34m: [34msync_user: executing field DDL, [1;34mdoctype[0m[34m: Scheduled Job Type, [1;34mfield[0m[34m: method, [1;34msql[0m[34m: DEFINE FIELD OVERWRITE `method` ON TABLE `tabScheduled_Job_Type` TYPE option<string> PERMISSIONS FULL;[0m
    [2;3mat[0m crates\spotledger-db\src\schema.rs:741

  [2m2026-04-19T18:15:42.954858Z[0m [34mDEBUG[0m [1;34mspotledger_db::schema[0m[34m: [34msync_user: field DDL ok, [1;34mdoctype[0m[34m: Scheduled Job Type, [1;34mfield[0m[34m: method[0m
    [2;3mat[0m crates\spotledger-db\src\schema.rs:746

  [2m2026-04-19T18:15:42.955575Z[0m [34mDEBUG[0m [1;34mspotledger_db::schema[0m[34m: [34msync_user: executing field DDL, [1;34mdoctype[0m[34m: Scheduled Job Type, [1;34mfield[0m[34m: frequency, [1;34msql[0m[34m: DEFINE FIELD OVERWRITE `frequency` ON TABLE `tabScheduled_Job_Type` TYPE option<string> PERMISSIONS FULL;[0m
    [2;3mat[0m crates\spotledger-db\src\schema.rs:741

  [2m2026-04-19T18:15:42.958776Z[0m [34mDEBUG[0m [1;34mspotledger_db::schema[0m[34m: [34msync_user: field DDL ok, [1;34mdoctype[0m[34m: Scheduled Job Type, [1;34mfield[0m[34m: frequency[0m
    [2;3mat[0m crates\spotledger-db\src\schema.rs:746

  [2m2026-04-19T18:15:42.959233Z[0m [34mDEBUG[0m [1;34mspotledger_db::schema[0m[34m: [34msync_user: executing field DDL, [1;34mdoctype[0m[34m: Scheduled Job Type, [1;34mfield[0m[34m: cron_format, [1;34msql[0m[34m: DEFINE FIELD OVERWRITE `cron_format` ON TABLE `tabScheduled_Job_Type` TYPE option<string> PERMISSIONS FULL;[0m
    [2;3mat[0m crates\spotledger-db\src\schema.rs:741

  [2m2026-04-19T18:15:42.962388Z[0m [34mDEBUG[0m [1;34mspotledger_db::schema[0m[34m: [34msync_user: field DDL ok, [1;34mdoctype[0m[34m: Scheduled Job Type, [1;34mfield[0m[34m: cron_format[0m
    [2;3mat[0m crates\spotledger-db\src\schema.rs:746

  [2m2026-04-19T18:15:42.962946Z[0m [34mDEBUG[0m [1;34mspotledger_db::schema[0m[34m: [34msync_user: executing field DDL, [1;34mdoctype[0m[34m: Scheduled Job Type, [1;34mfield[0m[34m: last_execution, [1;34msql[0m[34m: DEFINE FIELD OVERWRITE `last_execution` ON TABLE `tabScheduled_Job_Type` TYPE option<datetime> PERMISSIONS FULL;[0m
    [2;3mat[0m crates\spotledger-db\src\schema.rs:741

  [2m2026-04-19T18:15:42.966229Z[0m [34mDEBUG[0m [1;34mspotledger_db::schema[0m[34m: [34msync_user: field DDL ok, [1;34mdoctype[0m[34m: Scheduled Job Type, [1;34mfield[0m[34m: last_execution[0m
    [2;3mat[0m crates\spotledger-db\src\schema.rs:746

  [2m2026-04-19T18:15:42.966722Z[0m [34mDEBUG[0m [1;34mspotledger_db::schema[0m[34m: [34msync_user: executing field DDL, [1;34mdoctype[0m[34m: Scheduled Job Type, [1;34mfield[0m[34m: next_execution, [1;34msql[0m[34m: DEFINE FIELD OVERWRITE `next_execution` ON TABLE `tabScheduled_Job_Type` TYPE option<datetime> PERMISSIONS FULL;[0m
    [2;3mat[0m crates\spotledger-db\src\schema.rs:741

  [2m2026-04-19T18:15:42.971638Z[0m [34mDEBUG[0m [1;34mspotledger_db::schema[0m[34m: [34msync_user: field DDL ok, [1;34mdoctype[0m[34m: Scheduled Job Type, [1;34mfield[0m[34m: next_execution[0m
    [2;3mat[0m crates\spotledger-db\src\schema.rs:746

  [2m2026-04-19T18:15:42.973158Z[0m [34mDEBUG[0m [1;34mspotledger_db::schema[0m[34m: [34msync_user: executing field DDL, [1;34mdoctype[0m[34m: Scheduled Job Type, [1;34mfield[0m[34m: stopped, [1;34msql[0m[34m: DEFINE FIELD OVERWRITE `stopped` ON TABLE `tabScheduled_Job_Type` TYPE none | int PERMISSIONS FULL DEFAULT 0;[0m
    [2;3mat[0m crates\spotledger-db\src\schema.rs:741

  [2m2026-04-19T18:15:42.977025Z[0m [34mDEBUG[0m [1;34mspotledger_db::schema[0m[34m: [34msync_user: field DDL ok, [1;34mdoctype[0m[34m: Scheduled Job Type, [1;34mfield[0m[34m: stopped[0m
    [2;3mat[0m crates\spotledger-db\src\schema.rs:746

  [2m2026-04-19T18:15:42.977558Z[0m [34mDEBUG[0m [1;34mspotledger_db::schema[0m[34m: [34msync_user: executing field DDL, [1;34mdoctype[0m[34m: Scheduled Job Type, [1;34mfield[0m[34m: create_log, [1;34msql[0m[34m: DEFINE FIELD OVERWRITE `create_log` ON TABLE `tabScheduled_Job_Type` TYPE none | int PERMISSIONS FULL DEFAULT 0;[0m
    [2;3mat[0m crates\spotledger-db\src\schema.rs:741

  [2m2026-04-19T18:15:42.980619Z[0m [34mDEBUG[0m [1;34mspotledger_db::schema[0m[34m: [34msync_user: field DDL ok, [1;34mdoctype[0m[34m: Scheduled Job Type, [1;34mfield[0m[34m: create_log[0m
    [2;3mat[0m crates\spotledger-db\src\schema.rs:746

  [2m2026-04-19T18:15:42.981226Z[0m [34mDEBUG[0m [1;34mspotledger_db::schema[0m[34m: [34msync_user: executing field DDL, [1;34mdoctype[0m[34m: Scheduled Job Type, [1;34mfield[0m[34m: server_script, [1;34msql[0m[34m: DEFINE FIELD OVERWRITE `server_script` ON TABLE `tabScheduled_Job_Type` TYPE option<string> PERMISSIONS FULL;[0m
    [2;3mat[0m crates\spotledger-db\src\schema.rs:741

  [2m2026-04-19T18:15:42.984625Z[0m [34mDEBUG[0m [1;34mspotledger_db::schema[0m[34m: [34msync_user: field DDL ok, [1;34mdoctype[0m[34m: Scheduled Job Type, [1;34mfield[0m[34m: server_script[0m
    [2;3mat[0m crates\spotledger-db\src\schema.rs:746

  [2m2026-04-19T18:15:42.989246Z[0m [34mDEBUG[0m [1;34mspotledger_db::schema[0m[34m: [34msync_user: schema synced, [1;34mdoctype[0m[34m: Scheduled Job Type[0m
    [2;3mat[0m crates\spotledger-db\src\schema.rs:762

  [2m2026-04-19T18:15:43.027100Z[0m [34mDEBUG[0m [1;34mspotledger_db::schema[0m[34m: [34msync_user: fields loaded, [1;34mdoctype[0m[34m: Server Script, [1;34mfield_count[0m[34m: 9[0m
    [2;3mat[0m crates\spotledger-db\src\schema.rs:689

  [2m2026-04-19T18:15:43.027546Z[0m [34mDEBUG[0m [1;34mspotledger_db::schema[0m[34m: [34msync_user: executing field DDL, [1;34mdoctype[0m[34m: Server Script, [1;34mfield[0m[34m: name, [1;34msql[0m[34m: DEFINE FIELD OVERWRITE `name` ON TABLE `tabServer_Script` TYPE option<string> PERMISSIONS FULL;[0m
    [2;3mat[0m crates\spotledger-db\src\schema.rs:741

  [2m2026-04-19T18:15:43.031319Z[0m [34mDEBUG[0m [1;34mspotledger_db::schema[0m[34m: [34msync_user: field DDL ok, [1;34mdoctype[0m[34m: Server Script, [1;34mfield[0m[34m: name[0m
    [2;3mat[0m crates\spotledger-db\src\schema.rs:746

  [2m2026-04-19T18:15:43.031849Z[0m [34mDEBUG[0m [1;34mspotledger_db::schema[0m[34m: [34msync_user: executing field DDL, [1;34mdoctype[0m[34m: Server Script, [1;34mfield[0m[34m: script_type, [1;34msql[0m[34m: DEFINE FIELD OVERWRITE `script_type` ON TABLE `tabServer_Script` TYPE option<string> PERMISSIONS FULL;[0m
    [2;3mat[0m crates\spotledger-db\src\schema.rs:741

  [2m2026-04-19T18:15:43.035028Z[0m [34mDEBUG[0m [1;34mspotledger_db::schema[0m[34m: [34msync_user: field DDL ok, [1;34mdoctype[0m[34m: Server Script, [1;34mfield[0m[34m: script_type[0m
    [2;3mat[0m crates\spotledger-db\src\schema.rs:746

  [2m2026-04-19T18:15:43.035580Z[0m [34mDEBUG[0m [1;34mspotledger_db::schema[0m[34m: [34msync_user: executing field DDL, [1;34mdoctype[0m[34m: Server Script, [1;34mfield[0m[34m: reference_doctype, [1;34msql[0m[34m: DEFINE FIELD OVERWRITE `reference_doctype` ON TABLE `tabServer_Script` TYPE option<string> PERMISSIONS FULL;[0m
    [2;3mat[0m crates\spotledger-db\src\schema.rs:741

  [2m2026-04-19T18:15:43.039681Z[0m [34mDEBUG[0m [1;34mspotledger_db::schema[0m[34m: [34msync_user: field DDL ok, [1;34mdoctype[0m[34m: Server Script, [1;34mfield[0m[34m: reference_doctype[0m
    [2;3mat[0m crates\spotledger-db\src\schema.rs:746

  [2m2026-04-19T18:15:43.040183Z[0m [34mDEBUG[0m [1;34mspotledger_db::schema[0m[34m: [34msync_user: executing field DDL, [1;34mdoctype[0m[34m: Server Script, [1;34mfield[0m[34m: doctype_event, [1;34msql[0m[34m: DEFINE FIELD OVERWRITE `doctype_event` ON TABLE `tabServer_Script` TYPE option<string> PERMISSIONS FULL;[0m
    [2;3mat[0m crates\spotledger-db\src\schema.rs:741

  [2m2026-04-19T18:15:43.043291Z[0m [34mDEBUG[0m [1;34mspotledger_db::schema[0m[34m: [34msync_user: field DDL ok, [1;34mdoctype[0m[34m: Server Script, [1;34mfield[0m[34m: doctype_event[0m
    [2;3mat[0m crates\spotledger-db\src\schema.rs:746

  [2m2026-04-19T18:15:43.043753Z[0m [34mDEBUG[0m [1;34mspotledger_db::schema[0m[34m: [34msync_user: executing field DDL, [1;34mdoctype[0m[34m: Server Script, [1;34mfield[0m[34m: method_name, [1;34msql[0m[34m: DEFINE FIELD OVERWRITE `method_name` ON TABLE `tabServer_Script` TYPE option<string> PERMISSIONS FULL;[0m
    [2;3mat[0m crates\spotledger-db\src\schema.rs:741

  [2m2026-04-19T18:15:43.047377Z[0m [34mDEBUG[0m [1;34mspotledger_db::schema[0m[34m: [34msync_user: field DDL ok, [1;34mdoctype[0m[34m: Server Script, [1;34mfield[0m[34m: method_name[0m
    [2;3mat[0m crates\spotledger-db\src\schema.rs:746

  [2m2026-04-19T18:15:43.047999Z[0m [34mDEBUG[0m [1;34mspotledger_db::schema[0m[34m: [34msync_user: executing field DDL, [1;34mdoctype[0m[34m: Server Script, [1;34mfield[0m[34m: enabled, [1;34msql[0m[34m: DEFINE FIELD OVERWRITE `enabled` ON TABLE `tabServer_Script` TYPE none | int PERMISSIONS FULL DEFAULT 0;[0m
    [2;3mat[0m crates\spotledger-db\src\schema.rs:741

  [2m2026-04-19T18:15:43.051195Z[0m [34mDEBUG[0m [1;34mspotledger_db::schema[0m[34m: [34msync_user: field DDL ok, [1;34mdoctype[0m[34m: Server Script, [1;34mfield[0m[34m: enabled[0m
    [2;3mat[0m crates\spotledger-db\src\schema.rs:746

  [2m2026-04-19T18:15:43.051605Z[0m [34mDEBUG[0m [1;34mspotledger_db::schema[0m[34m: [34msync_user: executing field DDL, [1;34mdoctype[0m[34m: Server Script, [1;34mfield[0m[34m: allow_guest, [1;34msql[0m[34m: DEFINE FIELD OVERWRITE `allow_guest` ON TABLE `tabServer_Script` TYPE none | int PERMISSIONS FULL DEFAULT 0;[0m
    [2;3mat[0m crates\spotledger-db\src\schema.rs:741

  [2m2026-04-19T18:15:43.055780Z[0m [34mDEBUG[0m [1;34mspotledger_db::schema[0m[34m: [34msync_user: field DDL ok, [1;34mdoctype[0m[34m: Server Script, [1;34mfield[0m[34m: allow_guest[0m
    [2;3mat[0m crates\spotledger-db\src\schema.rs:746

  [2m2026-04-19T18:15:43.056307Z[0m [34mDEBUG[0m [1;34mspotledger_db::schema[0m[34m: [34msync_user: executing field DDL, [1;34mdoctype[0m[34m: Server Script, [1;34mfield[0m[34m: script, [1;34msql[0m[34m: DEFINE FIELD OVERWRITE `script` ON TABLE `tabServer_Script` TYPE option<string> PERMISSIONS FULL;[0m
    [2;3mat[0m crates\spotledger-db\src\schema.rs:741

  [2m2026-04-19T18:15:43.059373Z[0m [34mDEBUG[0m [1;34mspotledger_db::schema[0m[34m: [34msync_user: field DDL ok, [1;34mdoctype[0m[34m: Server Script, [1;34mfield[0m[34m: script[0m
    [2;3mat[0m crates\spotledger-db\src\schema.rs:746

  [2m2026-04-19T18:15:43.059834Z[0m [34mDEBUG[0m [1;34mspotledger_db::schema[0m[34m: [34msync_user: executing field DDL, [1;34mdoctype[0m[34m: Server Script, [1;34mfield[0m[34m: error_log, [1;34msql[0m[34m: DEFINE FIELD OVERWRITE `error_log` ON TABLE `tabServer_Script` TYPE option<string> PERMISSIONS FULL;[0m
    [2;3mat[0m crates\spotledger-db\src\schema.rs:741

  [2m2026-04-19T18:15:43.063194Z[0m [34mDEBUG[0m [1;34mspotledger_db::schema[0m[34m: [34msync_user: field DDL ok, [1;34mdoctype[0m[34m: Server Script, [1;34mfield[0m[34m: error_log[0m
    [2;3mat[0m crates\spotledger-db\src\schema.rs:746

  [2m2026-04-19T18:15:43.065961Z[0m [34mDEBUG[0m [1;34mspotledger_db::schema[0m[34m: [34msync_user: schema synced, [1;34mdoctype[0m[34m: Server Script[0m
    [2;3mat[0m crates\spotledger-db\src\schema.rs:762

  [2m2026-04-19T18:15:43.099582Z[0m [34mDEBUG[0m [1;34mspotledger_db::schema[0m[34m: [34msync_user: fields loaded, [1;34mdoctype[0m[34m: State, [1;34mfield_count[0m[34m: 2[0m
    [2;3mat[0m crates\spotledger-db\src\schema.rs:689

  [2m2026-04-19T18:15:43.100241Z[0m [34mDEBUG[0m [1;34mspotledger_db::schema[0m[34m: [34msync_user: executing field DDL, [1;34mdoctype[0m[34m: State, [1;34mfield[0m[34m: state_name, [1;34msql[0m[34m: DEFINE FIELD OVERWRITE `state_name` ON TABLE `tabState` TYPE option<string> PERMISSIONS FULL;[0m
    [2;3mat[0m crates\spotledger-db\src\schema.rs:741

  [2m2026-04-19T18:15:43.104213Z[0m [34mDEBUG[0m [1;34mspotledger_db::schema[0m[34m: [34msync_user: field DDL ok, [1;34mdoctype[0m[34m: State, [1;34mfield[0m[34m: state_name[0m
    [2;3mat[0m crates\spotledger-db\src\schema.rs:746

  [2m2026-04-19T18:15:43.104907Z[0m [34mDEBUG[0m [1;34mspotledger_db::schema[0m[34m: [34msync_user: executing field DDL, [1;34mdoctype[0m[34m: State, [1;34mfield[0m[34m: country, [1;34msql[0m[34m: DEFINE FIELD OVERWRITE `country` ON TABLE `tabState` TYPE option<string> PERMISSIONS FULL;[0m
    [2;3mat[0m crates\spotledger-db\src\schema.rs:741

  [2m2026-04-19T18:15:43.108520Z[0m [34mDEBUG[0m [1;34mspotledger_db::schema[0m[34m: [34msync_user: field DDL ok, [1;34mdoctype[0m[34m: State, [1;34mfield[0m[34m: country[0m
    [2;3mat[0m crates\spotledger-db\src\schema.rs:746

  [2m2026-04-19T18:15:43.111381Z[0m [34mDEBUG[0m [1;34mspotledger_db::schema[0m[34m: [34msync_user: schema synced, [1;34mdoctype[0m[34m: State[0m
    [2;3mat[0m crates\spotledger-db\src\schema.rs:762

  [2m2026-04-19T18:15:43.150166Z[0m [34mDEBUG[0m [1;34mspotledger_db::schema[0m[34m: [34msync_user: fields loaded, [1;34mdoctype[0m[34m: System Settings, [1;34mfield_count[0m[34m: 30[0m
    [2;3mat[0m crates\spotledger-db\src\schema.rs:689

  [2m2026-04-19T18:15:43.150742Z[0m [34mDEBUG[0m [1;34mspotledger_db::schema[0m[34m: [34msync_user: executing field DDL, [1;34mdoctype[0m[34m: System Settings, [1;34mfield[0m[34m: country, [1;34msql[0m[34m: DEFINE FIELD OVERWRITE `country` ON TABLE `tabSystem_Settings` TYPE option<string> PERMISSIONS FULL;[0m
    [2;3mat[0m crates\spotledger-db\src\schema.rs:741

  [2m2026-04-19T18:15:43.154316Z[0m [34mDEBUG[0m [1;34mspotledger_db::schema[0m[34m: [34msync_user: field DDL ok, [1;34mdoctype[0m[34m: System Settings, [1;34mfield[0m[34m: country[0m
    [2;3mat[0m crates\spotledger-db\src\schema.rs:746

  [2m2026-04-19T18:15:43.154944Z[0m [34mDEBUG[0m [1;34mspotledger_db::schema[0m[34m: [34msync_user: executing field DDL, [1;34mdoctype[0m[34m: System Settings, [1;34mfield[0m[34m: language, [1;34msql[0m[34m: DEFINE FIELD OVERWRITE `language` ON TABLE `tabSystem_Settings` TYPE option<string> PERMISSIONS FULL;[0m
    [2;3mat[0m crates\spotledger-db\src\schema.rs:741

  [2m2026-04-19T18:15:43.160332Z[0m [34mDEBUG[0m [1;34mspotledger_db::schema[0m[34m: [34msync_user: field DDL ok, [1;34mdoctype[0m[34m: System Settings, [1;34mfield[0m[34m: language[0m
    [2;3mat[0m crates\spotledger-db\src\schema.rs:746

  [2m2026-04-19T18:15:43.160862Z[0m [34mDEBUG[0m [1;34mspotledger_db::schema[0m[34m: [34msync_user: executing field DDL, [1;34mdoctype[0m[34m: System Settings, [1;34mfield[0m[34m: time_zone, [1;34msql[0m[34m: DEFINE FIELD OVERWRITE `time_zone` ON TABLE `tabSystem_Settings` TYPE option<string> PERMISSIONS FULL;[0m
    [2;3mat[0m crates\spotledger-db\src\schema.rs:741

  [2m2026-04-19T18:15:43.164161Z[0m [34mDEBUG[0m [1;34mspotledger_db::schema[0m[34m: [34msync_user: field DDL ok, [1;34mdoctype[0m[34m: System Settings, [1;34mfield[0m[34m: time_zone[0m
    [2;3mat[0m crates\spotledger-db\src\schema.rs:746

  [2m2026-04-19T18:15:43.164573Z[0m [34mDEBUG[0m [1;34mspotledger_db::schema[0m[34m: [34msync_user: executing field DDL, [1;34mdoctype[0m[34m: System Settings, [1;34mfield[0m[34m: date_format, [1;34msql[0m[34m: DEFINE FIELD OVERWRITE `date_format` ON TABLE `tabSystem_Settings` TYPE option<string> PERMISSIONS FULL;[0m
    [2;3mat[0m crates\spotledger-db\src\schema.rs:741

  [2m2026-04-19T18:15:43.168613Z[0m [34mDEBUG[0m [1;34mspotledger_db::schema[0m[34m: [34msync_user: field DDL ok, [1;34mdoctype[0m[34m: System Settings, [1;34mfield[0m[34m: date_format[0m
    [2;3mat[0m crates\spotledger-db\src\schema.rs:746

  [2m2026-04-19T18:15:43.168945Z[0m [34mDEBUG[0m [1;34mspotledger_db::schema[0m[34m: [34msync_user: executing field DDL, [1;34mdoctype[0m[34m: System Settings, [1;34mfield[0m[34m: time_format, [1;34msql[0m[34m: DEFINE FIELD OVERWRITE `time_format` ON TABLE `tabSystem_Settings` TYPE option<string> PERMISSIONS FULL;[0m
    [2;3mat[0m crates\spotledger-db\src\schema.rs:741

  [2m2026-04-19T18:15:43.173161Z[0m [34mDEBUG[0m [1;34mspotledger_db::schema[0m[34m: [34msync_user: field DDL ok, [1;34mdoctype[0m[34m: System Settings, [1;34mfield[0m[34m: time_format[0m
    [2;3mat[0m crates\spotledger-db\src\schema.rs:746

  [2m2026-04-19T18:15:43.173803Z[0m [34mDEBUG[0m [1;34mspotledger_db::schema[0m[34m: [34msync_user: executing field DDL, [1;34mdoctype[0m[34m: System Settings, [1;34mfield[0m[34m: float_precision, [1;34msql[0m[34m: DEFINE FIELD OVERWRITE `float_precision` ON TABLE `tabSystem_Settings` TYPE option<string> PERMISSIONS FULL;[0m
    [2;3mat[0m crates\spotledger-db\src\schema.rs:741

  [2m2026-04-19T18:15:43.177271Z[0m [34mDEBUG[0m [1;34mspotledger_db::schema[0m[34m: [34msync_user: field DDL ok, [1;34mdoctype[0m[34m: System Settings, [1;34mfield[0m[34m: float_precision[0m
    [2;3mat[0m crates\spotledger-db\src\schema.rs:746

  [2m2026-04-19T18:15:43.177790Z[0m [34mDEBUG[0m [1;34mspotledger_db::schema[0m[34m: [34msync_user: executing field DDL, [1;34mdoctype[0m[34m: System Settings, [1;34mfield[0m[34m: currency_precision, [1;34msql[0m[34m: DEFINE FIELD OVERWRITE `currency_precision` ON TABLE `tabSystem_Settings` TYPE option<string> PERMISSIONS FULL;[0m
    [2;3mat[0m crates\spotledger-db\src\schema.rs:741

  [2m2026-04-19T18:15:43.181468Z[0m [34mDEBUG[0m [1;34mspotledger_db::schema[0m[34m: [34msync_user: field DDL ok, [1;34mdoctype[0m[34m: System Settings, [1;34mfield[0m[34m: currency_precision[0m
    [2;3mat[0m crates\spotledger-db\src\schema.rs:746

  [2m2026-04-19T18:15:43.181965Z[0m [34mDEBUG[0m [1;34mspotledger_db::schema[0m[34m: [34msync_user: executing field DDL, [1;34mdoctype[0m[34m: System Settings, [1;34mfield[0m[34m: first_day_of_the_week, [1;34msql[0m[34m: DEFINE FIELD OVERWRITE `first_day_of_the_week` ON TABLE `tabSystem_Settings` TYPE option<string> PERMISSIONS FULL;[0m
    [2;3mat[0m crates\spotledger-db\src\schema.rs:741

  [2m2026-04-19T18:15:43.185524Z[0m [34mDEBUG[0m [1;34mspotledger_db::schema[0m[34m: [34msync_user: field DDL ok, [1;34mdoctype[0m[34m: System Settings, [1;34mfield[0m[34m: first_day_of_the_week[0m
    [2;3mat[0m crates\spotledger-db\src\schema.rs:746

  [2m2026-04-19T18:15:43.185978Z[0m [34mDEBUG[0m [1;34mspotledger_db::schema[0m[34m: [34msync_user: executing field DDL, [1;34mdoctype[0m[34m: System Settings, [1;34mfield[0m[34m: send_welcom_email, [1;34msql[0m[34m: DEFINE FIELD OVERWRITE `send_welcom_email` ON TABLE `tabSystem_Settings` TYPE none | int PERMISSIONS FULL DEFAULT 0;[0m
    [2;3mat[0m crates\spotledger-db\src\schema.rs:741

  [2m2026-04-19T18:15:43.190326Z[0m [34mDEBUG[0m [1;34mspotledger_db::schema[0m[34m: [34msync_user: field DDL ok, [1;34mdoctype[0m[34m: System Settings, [1;34mfield[0m[34m: send_welcom_email[0m
    [2;3mat[0m crates\spotledger-db\src\schema.rs:746

  [2m2026-04-19T18:15:43.190734Z[0m [34mDEBUG[0m [1;34mspotledger_db::schema[0m[34m: [34msync_user: executing field DDL, [1;34mdoctype[0m[34m: System Settings, [1;34mfield[0m[34m: enable_scheduler, [1;34msql[0m[34m: DEFINE FIELD OVERWRITE `enable_scheduler` ON TABLE `tabSystem_Settings` TYPE none | int PERMISSIONS FULL DEFAULT 0;[0m
    [2;3mat[0m crates\spotledger-db\src\schema.rs:741

  [2m2026-04-19T18:15:43.194427Z[0m [34mDEBUG[0m [1;34mspotledger_db::schema[0m[34m: [34msync_user: field DDL ok, [1;34mdoctype[0m[34m: System Settings, [1;34mfield[0m[34m: enable_scheduler[0m
    [2;3mat[0m crates\spotledger-db\src\schema.rs:746

  [2m2026-04-19T18:15:43.194918Z[0m [34mDEBUG[0m [1;34mspotledger_db::schema[0m[34m: [34msync_user: executing field DDL, [1;34mdoctype[0m[34m: System Settings, [1;34mfield[0m[34m: session_expiry, [1;34msql[0m[34m: DEFINE FIELD OVERWRITE `session_expiry` ON TABLE `tabSystem_Settings` TYPE option<string> PERMISSIONS FULL;[0m
    [2;3mat[0m crates\spotledger-db\src\schema.rs:741

  [2m2026-04-19T18:15:43.198365Z[0m [34mDEBUG[0m [1;34mspotledger_db::schema[0m[34m: [34msync_user: field DDL ok, [1;34mdoctype[0m[34m: System Settings, [1;34mfield[0m[34m: session_expiry[0m
    [2;3mat[0m crates\spotledger-db\src\schema.rs:746

  [2m2026-04-19T18:15:43.198903Z[0m [34mDEBUG[0m [1;34mspotledger_db::schema[0m[34m: [34msync_user: executing field DDL, [1;34mdoctype[0m[34m: System Settings, [1;34mfield[0m[34m: session_expiry_mobile, [1;34msql[0m[34m: DEFINE FIELD OVERWRITE `session_expiry_mobile` ON TABLE `tabSystem_Settings` TYPE option<string> PERMISSIONS FULL;[0m
    [2;3mat[0m crates\spotledger-db\src\schema.rs:741

  [2m2026-04-19T18:15:43.202279Z[0m [34mDEBUG[0m [1;34mspotledger_db::schema[0m[34m: [34msync_user: field DDL ok, [1;34mdoctype[0m[34m: System Settings, [1;34mfield[0m[34m: session_expiry_mobile[0m
    [2;3mat[0m crates\spotledger-db\src\schema.rs:746

  [2m2026-04-19T18:15:43.202609Z[0m [34mDEBUG[0m [1;34mspotledger_db::schema[0m[34m: [34msync_user: executing field DDL, [1;34mdoctype[0m[34m: System Settings, [1;34mfield[0m[34m: max_failed_login_attempts, [1;34msql[0m[34m: DEFINE FIELD OVERWRITE `max_failed_login_attempts` ON TABLE `tabSystem_Settings` TYPE none | int PERMISSIONS FULL;[0m
    [2;3mat[0m crates\spotledger-db\src\schema.rs:741

  [2m2026-04-19T18:15:43.207629Z[0m [34mDEBUG[0m [1;34mspotledger_db::schema[0m[34m: [34msync_user: field DDL ok, [1;34mdoctype[0m[34m: System Settings, [1;34mfield[0m[34m: max_failed_login_attempts[0m
    [2;3mat[0m crates\spotledger-db\src\schema.rs:746

  [2m2026-04-19T18:15:43.208130Z[0m [34mDEBUG[0m [1;34mspotledger_db::schema[0m[34m: [34msync_user: executing field DDL, [1;34mdoctype[0m[34m: System Settings, [1;34mfield[0m[34m: allow_consecutive_login_attempts, [1;34msql[0m[34m: DEFINE FIELD OVERWRITE `allow_consecutive_login_attempts` ON TABLE `tabSystem_Settings` TYPE none | int PERMISSIONS FULL;[0m
    [2;3mat[0m crates\spotledger-db\src\schema.rs:741

  [2m2026-04-19T18:15:43.211514Z[0m [34mDEBUG[0m [1;34mspotledger_db::schema[0m[34m: [34msync_user: field DDL ok, [1;34mdoctype[0m[34m: System Settings, [1;34mfield[0m[34m: allow_consecutive_login_attempts[0m
    [2;3mat[0m crates\spotledger-db\src\schema.rs:746

  [2m2026-04-19T18:15:43.211982Z[0m [34mDEBUG[0m [1;34mspotledger_db::schema[0m[34m: [34msync_user: executing field DDL, [1;34mdoctype[0m[34m: System Settings, [1;34mfield[0m[34m: allow_login_using_mobile_number, [1;34msql[0m[34m: DEFINE FIELD OVERWRITE `allow_login_using_mobile_number` ON TABLE `tabSystem_Settings` TYPE none | int PERMISSIONS FULL DEFAULT 0;[0m
    [2;3mat[0m crates\spotledger-db\src\schema.rs:741

  [2m2026-04-19T18:15:43.215296Z[0m [34mDEBUG[0m [1;34mspotledger_db::schema[0m[34m: [34msync_user: field DDL ok, [1;34mdoctype[0m[34m: System Settings, [1;34mfield[0m[34m: allow_login_using_mobile_number[0m
    [2;3mat[0m crates\spotledger-db\src\schema.rs:746

  [2m2026-04-19T18:15:43.215855Z[0m [34mDEBUG[0m [1;34mspotledger_db::schema[0m[34m: [34msync_user: executing field DDL, [1;34mdoctype[0m[34m: System Settings, [1;34mfield[0m[34m: allow_login_using_user_name, [1;34msql[0m[34m: DEFINE FIELD OVERWRITE `allow_login_using_user_name` ON TABLE `tabSystem_Settings` TYPE none | int PERMISSIONS FULL DEFAULT 0;[0m
    [2;3mat[0m crates\spotledger-db\src\schema.rs:741

  [2m2026-04-19T18:15:43.219268Z[0m [34mDEBUG[0m [1;34mspotledger_db::schema[0m[34m: [34msync_user: field DDL ok, [1;34mdoctype[0m[34m: System Settings, [1;34mfield[0m[34m: allow_login_using_user_name[0m
    [2;3mat[0m crates\spotledger-db\src\schema.rs:746

  [2m2026-04-19T18:15:43.221294Z[0m [34mDEBUG[0m [1;34mspotledger_db::schema[0m[34m: [34msync_user: executing field DDL, [1;34mdoctype[0m[34m: System Settings, [1;34mfield[0m[34m: login_with_email_link, [1;34msql[0m[34m: DEFINE FIELD OVERWRITE `login_with_email_link` ON TABLE `tabSystem_Settings` TYPE none | int PERMISSIONS FULL DEFAULT 0;[0m
    [2;3mat[0m crates\spotledger-db\src\schema.rs:741

  [2m2026-04-19T18:15:43.225721Z[0m [34mDEBUG[0m [1;34mspotledger_db::schema[0m[34m: [34msync_user: field DDL ok, [1;34mdoctype[0m[34m: System Settings, [1;34mfield[0m[34m: login_with_email_link[0m
    [2;3mat[0m crates\spotledger-db\src\schema.rs:746

  [2m2026-04-19T18:15:43.226273Z[0m [34mDEBUG[0m [1;34mspotledger_db::schema[0m[34m: [34msync_user: executing field DDL, [1;34mdoctype[0m[34m: System Settings, [1;34mfield[0m[34m: logout_on_password_reset, [1;34msql[0m[34m: DEFINE FIELD OVERWRITE `logout_on_password_reset` ON TABLE `tabSystem_Settings` TYPE none | int PERMISSIONS FULL DEFAULT 0;[0m
    [2;3mat[0m crates\spotledger-db\src\schema.rs:741

  [2m2026-04-19T18:15:43.229725Z[0m [34mDEBUG[0m [1;34mspotledger_db::schema[0m[34m: [34msync_user: field DDL ok, [1;34mdoctype[0m[34m: System Settings, [1;34mfield[0m[34m: logout_on_password_reset[0m
    [2;3mat[0m crates\spotledger-db\src\schema.rs:746

  [2m2026-04-19T18:15:43.230248Z[0m [34mDEBUG[0m [1;34mspotledger_db::schema[0m[34m: [34msync_user: executing field DDL, [1;34mdoctype[0m[34m: System Settings, [1;34mfield[0m[34m: simultaneous_sessions, [1;34msql[0m[34m: DEFINE FIELD OVERWRITE `simultaneous_sessions` ON TABLE `tabSystem_Settings` TYPE none | int PERMISSIONS FULL;[0m
    [2;3mat[0m crates\spotledger-db\src\schema.rs:741

  [2m2026-04-19T18:15:43.233597Z[0m [34mDEBUG[0m [1;34mspotledger_db::schema[0m[34m: [34msync_user: field DDL ok, [1;34mdoctype[0m[34m: System Settings, [1;34mfield[0m[34m: simultaneous_sessions[0m
    [2;3mat[0m crates\spotledger-db\src\schema.rs:746

  [2m2026-04-19T18:15:43.233989Z[0m [34mDEBUG[0m [1;34mspotledger_db::schema[0m[34m: [34msync_user: executing field DDL, [1;34mdoctype[0m[34m: System Settings, [1;34mfield[0m[34m: apply_strict_user_permissions, [1;34msql[0m[34m: DEFINE FIELD OVERWRITE `apply_strict_user_permissions` ON TABLE `tabSystem_Settings` TYPE none | int PERMISSIONS FULL DEFAULT 0;[0m
    [2;3mat[0m crates\spotledger-db\src\schema.rs:741

  [2m2026-04-19T18:15:43.237890Z[0m [34mDEBUG[0m [1;34mspotledger_db::schema[0m[34m: [34msync_user: field DDL ok, [1;34mdoctype[0m[34m: System Settings, [1;34mfield[0m[34m: apply_strict_user_permissions[0m
    [2;3mat[0m crates\spotledger-db\src\schema.rs:746

  [2m2026-04-19T18:15:43.238567Z[0m [34mDEBUG[0m [1;34mspotledger_db::schema[0m[34m: [34msync_user: executing field DDL, [1;34mdoctype[0m[34m: System Settings, [1;34mfield[0m[34m: allow_guests_to_upload_files, [1;34msql[0m[34m: DEFINE FIELD OVERWRITE `allow_guests_to_upload_files` ON TABLE `tabSystem_Settings` TYPE none | int PERMISSIONS FULL DEFAULT 0;[0m
    [2;3mat[0m crates\spotledger-db\src\schema.rs:741

  [2m2026-04-19T18:15:43.242471Z[0m [34mDEBUG[0m [1;34mspotledger_db::schema[0m[34m: [34msync_user: field DDL ok, [1;34mdoctype[0m[34m: System Settings, [1;34mfield[0m[34m: allow_guests_to_upload_files[0m
    [2;3mat[0m crates\spotledger-db\src\schema.rs:746

  [2m2026-04-19T18:15:43.243134Z[0m [34mDEBUG[0m [1;34mspotledger_db::schema[0m[34m: [34msync_user: executing field DDL, [1;34mdoctype[0m[34m: System Settings, [1;34mfield[0m[34m: deny_multiple_sessions, [1;34msql[0m[34m: DEFINE FIELD OVERWRITE `deny_multiple_sessions` ON TABLE `tabSystem_Settings` TYPE none | int PERMISSIONS FULL DEFAULT 0;[0m
    [2;3mat[0m crates\spotledger-db\src\schema.rs:741

  [2m2026-04-19T18:15:43.247217Z[0m [34mDEBUG[0m [1;34mspotledger_db::schema[0m[34m: [34msync_user: field DDL ok, [1;34mdoctype[0m[34m: System Settings, [1;34mfield[0m[34m: deny_multiple_sessions[0m
    [2;3mat[0m crates\spotledger-db\src\schema.rs:746

  [2m2026-04-19T18:15:43.247779Z[0m [34mDEBUG[0m [1;34mspotledger_db::schema[0m[34m: [34msync_user: executing field DDL, [1;34mdoctype[0m[34m: System Settings, [1;34mfield[0m[34m: force_user_to_reset_password, [1;34msql[0m[34m: DEFINE FIELD OVERWRITE `force_user_to_reset_password` ON TABLE `tabSystem_Settings` TYPE none | int PERMISSIONS FULL;[0m
    [2;3mat[0m crates\spotledger-db\src\schema.rs:741

  [2m2026-04-19T18:15:43.251696Z[0m [34mDEBUG[0m [1;34mspotledger_db::schema[0m[34m: [34msync_user: field DDL ok, [1;34mdoctype[0m[34m: System Settings, [1;34mfield[0m[34m: force_user_to_reset_password[0m
    [2;3mat[0m crates\spotledger-db\src\schema.rs:746

  [2m2026-04-19T18:15:43.252275Z[0m [34mDEBUG[0m [1;34mspotledger_db::schema[0m[34m: [34msync_user: executing field DDL, [1;34mdoctype[0m[34m: System Settings, [1;34mfield[0m[34m: hide_footer_in_auto_email_reports, [1;34msql[0m[34m: DEFINE FIELD OVERWRITE `hide_footer_in_auto_email_reports` ON TABLE `tabSystem_Settings` TYPE none | int PERMISSIONS FULL DEFAULT 0;[0m
    [2;3mat[0m crates\spotledger-db\src\schema.rs:741

  [2m2026-04-19T18:15:43.256342Z[0m [34mDEBUG[0m [1;34mspotledger_db::schema[0m[34m: [34msync_user: field DDL ok, [1;34mdoctype[0m[34m: System Settings, [1;34mfield[0m[34m: hide_footer_in_auto_email_reports[0m
    [2;3mat[0m crates\spotledger-db\src\schema.rs:746

  [2m2026-04-19T18:15:43.256764Z[0m [34mDEBUG[0m [1;34mspotledger_db::schema[0m[34m: [34msync_user: executing field DDL, [1;34mdoctype[0m[34m: System Settings, [1;34mfield[0m[34m: rounding_method, [1;34msql[0m[34m: DEFINE FIELD OVERWRITE `rounding_method` ON TABLE `tabSystem_Settings` TYPE option<string> PERMISSIONS FULL;[0m
    [2;3mat[0m crates\spotledger-db\src\schema.rs:741

  [2m2026-04-19T18:15:43.260167Z[0m [34mDEBUG[0m [1;34mspotledger_db::schema[0m[34m: [34msync_user: field DDL ok, [1;34mdoctype[0m[34m: System Settings, [1;34mfield[0m[34m: rounding_method[0m
    [2;3mat[0m crates\spotledger-db\src\schema.rs:746

  [2m2026-04-19T18:15:43.260702Z[0m [34mDEBUG[0m [1;34mspotledger_db::schema[0m[34m: [34msync_user: executing field DDL, [1;34mdoctype[0m[34m: System Settings, [1;34mfield[0m[34m: strip_exif_metadata_from_uploaded_files, [1;34msql[0m[34m: DEFINE FIELD OVERWRITE `strip_exif_metadata_from_uploaded_files` ON TABLE `tabSystem_Settings` TYPE none | int PERMISSIONS FULL DEFAULT 0;[0m
    [2;3mat[0m crates\spotledger-db\src\schema.rs:741

  [2m2026-04-19T18:15:43.264842Z[0m [34mDEBUG[0m [1;34mspotledger_db::schema[0m[34m: [34msync_user: field DDL ok, [1;34mdoctype[0m[34m: System Settings, [1;34mfield[0m[34m: strip_exif_metadata_from_uploaded_files[0m
    [2;3mat[0m crates\spotledger-db\src\schema.rs:746

  [2m2026-04-19T18:15:43.265256Z[0m [34mDEBUG[0m [1;34mspotledger_db::schema[0m[34m: [34msync_user: executing field DDL, [1;34mdoctype[0m[34m: System Settings, [1;34mfield[0m[34m: enable_onboarding, [1;34msql[0m[34m: DEFINE FIELD OVERWRITE `enable_onboarding` ON TABLE `tabSystem_Settings` TYPE none | int PERMISSIONS FULL DEFAULT 0;[0m
    [2;3mat[0m crates\spotledger-db\src\schema.rs:741

  [2m2026-04-19T18:15:43.269569Z[0m [34mDEBUG[0m [1;34mspotledger_db::schema[0m[34m: [34msync_user: field DDL ok, [1;34mdoctype[0m[34m: System Settings, [1;34mfield[0m[34m: enable_onboarding[0m
    [2;3mat[0m crates\spotledger-db\src\schema.rs:746

  [2m2026-04-19T18:15:43.270336Z[0m [34mDEBUG[0m [1;34mspotledger_db::schema[0m[34m: [34msync_user: executing field DDL, [1;34mdoctype[0m[34m: System Settings, [1;34mfield[0m[34m: enable_telemetry, [1;34msql[0m[34m: DEFINE FIELD OVERWRITE `enable_telemetry` ON TABLE `tabSystem_Settings` TYPE none | int PERMISSIONS FULL DEFAULT 0;[0m
    [2;3mat[0m crates\spotledger-db\src\schema.rs:741

  [2m2026-04-19T18:15:43.274981Z[0m [34mDEBUG[0m [1;34mspotledger_db::schema[0m[34m: [34msync_user: field DDL ok, [1;34mdoctype[0m[34m: System Settings, [1;34mfield[0m[34m: enable_telemetry[0m
    [2;3mat[0m crates\spotledger-db\src\schema.rs:746

  [2m2026-04-19T18:15:43.275602Z[0m [34mDEBUG[0m [1;34mspotledger_db::schema[0m[34m: [34msync_user: executing field DDL, [1;34mdoctype[0m[34m: System Settings, [1;34mfield[0m[34m: backup_limit, [1;34msql[0m[34m: DEFINE FIELD OVERWRITE `backup_limit` ON TABLE `tabSystem_Settings` TYPE none | int PERMISSIONS FULL;[0m
    [2;3mat[0m crates\spotledger-db\src\schema.rs:741

  [2m2026-04-19T18:15:43.280200Z[0m [34mDEBUG[0m [1;34mspotledger_db::schema[0m[34m: [34msync_user: field DDL ok, [1;34mdoctype[0m[34m: System Settings, [1;34mfield[0m[34m: backup_limit[0m
    [2;3mat[0m crates\spotledger-db\src\schema.rs:746

  [2m2026-04-19T18:15:43.280635Z[0m [34mDEBUG[0m [1;34mspotledger_db::schema[0m[34m: [34msync_user: executing field DDL, [1;34mdoctype[0m[34m: System Settings, [1;34mfield[0m[34m: setup_complete, [1;34msql[0m[34m: DEFINE FIELD OVERWRITE `setup_complete` ON TABLE `tabSystem_Settings` TYPE none | int PERMISSIONS FULL DEFAULT 0;[0m
    [2;3mat[0m crates\spotledger-db\src\schema.rs:741

  [2m2026-04-19T18:15:43.284053Z[0m [34mDEBUG[0m [1;34mspotledger_db::schema[0m[34m: [34msync_user: field DDL ok, [1;34mdoctype[0m[34m: System Settings, [1;34mfield[0m[34m: setup_complete[0m
    [2;3mat[0m crates\spotledger-db\src\schema.rs:746

  [2m2026-04-19T18:15:43.288470Z[0m [34mDEBUG[0m [1;34mspotledger_db::schema[0m[34m: [34msync_user: schema synced, [1;34mdoctype[0m[34m: System Settings[0m
    [2;3mat[0m crates\spotledger-db\src\schema.rs:762

  [2m2026-04-19T18:15:43.325516Z[0m [34mDEBUG[0m [1;34mspotledger_db::schema[0m[34m: [34msync_user: fields loaded, [1;34mdoctype[0m[34m: Tag, [1;34mfield_count[0m[34m: 1[0m
    [2;3mat[0m crates\spotledger-db\src\schema.rs:689

  [2m2026-04-19T18:15:43.326153Z[0m [34mDEBUG[0m [1;34mspotledger_db::schema[0m[34m: [34msync_user: executing field DDL, [1;34mdoctype[0m[34m: Tag, [1;34mfield[0m[34m: name, [1;34msql[0m[34m: DEFINE FIELD OVERWRITE `name` ON TABLE `tabTag` TYPE option<string> PERMISSIONS FULL;[0m
    [2;3mat[0m crates\spotledger-db\src\schema.rs:741

  [2m2026-04-19T18:15:43.329778Z[0m [34mDEBUG[0m [1;34mspotledger_db::schema[0m[34m: [34msync_user: field DDL ok, [1;34mdoctype[0m[34m: Tag, [1;34mfield[0m[34m: name[0m
    [2;3mat[0m crates\spotledger-db\src\schema.rs:746

  [2m2026-04-19T18:15:43.333467Z[0m [34mDEBUG[0m [1;34mspotledger_db::schema[0m[34m: [34msync_user: schema synced, [1;34mdoctype[0m[34m: Tag[0m
    [2;3mat[0m crates\spotledger-db\src\schema.rs:762

  [2m2026-04-19T18:15:43.375864Z[0m [34mDEBUG[0m [1;34mspotledger_db::schema[0m[34m: [34msync_user: fields loaded, [1;34mdoctype[0m[34m: Timezone, [1;34mfield_count[0m[34m: 2[0m
    [2;3mat[0m crates\spotledger-db\src\schema.rs:689

  [2m2026-04-19T18:15:43.376327Z[0m [34mDEBUG[0m [1;34mspotledger_db::schema[0m[34m: [34msync_user: executing field DDL, [1;34mdoctype[0m[34m: Timezone, [1;34mfield[0m[34m: name, [1;34msql[0m[34m: DEFINE FIELD OVERWRITE `name` ON TABLE `tabTimezone` TYPE option<string> PERMISSIONS FULL;[0m
    [2;3mat[0m crates\spotledger-db\src\schema.rs:741

  [2m2026-04-19T18:15:43.379414Z[0m [34mDEBUG[0m [1;34mspotledger_db::schema[0m[34m: [34msync_user: field DDL ok, [1;34mdoctype[0m[34m: Timezone, [1;34mfield[0m[34m: name[0m
    [2;3mat[0m crates\spotledger-db\src\schema.rs:746

  [2m2026-04-19T18:15:43.379888Z[0m [34mDEBUG[0m [1;34mspotledger_db::schema[0m[34m: [34msync_user: executing field DDL, [1;34mdoctype[0m[34m: Timezone, [1;34mfield[0m[34m: utc_offset, [1;34msql[0m[34m: DEFINE FIELD OVERWRITE `utc_offset` ON TABLE `tabTimezone` TYPE option<string> PERMISSIONS FULL;[0m
    [2;3mat[0m crates\spotledger-db\src\schema.rs:741

  [2m2026-04-19T18:15:43.383119Z[0m [34mDEBUG[0m [1;34mspotledger_db::schema[0m[34m: [34msync_user: field DDL ok, [1;34mdoctype[0m[34m: Timezone, [1;34mfield[0m[34m: utc_offset[0m
    [2;3mat[0m crates\spotledger-db\src\schema.rs:746

  [2m2026-04-19T18:15:43.386361Z[0m [34mDEBUG[0m [1;34mspotledger_db::schema[0m[34m: [34msync_user: schema synced, [1;34mdoctype[0m[34m: Timezone[0m
    [2;3mat[0m crates\spotledger-db\src\schema.rs:762

  [2m2026-04-19T18:15:43.423603Z[0m [34mDEBUG[0m [1;34mspotledger_db::schema[0m[34m: [34msync_user: fields loaded, [1;34mdoctype[0m[34m: UTM Campaign, [1;34mfield_count[0m[34m: 2[0m
    [2;3mat[0m crates\spotledger-db\src\schema.rs:689

  [2m2026-04-19T18:15:43.424304Z[0m [34mDEBUG[0m [1;34mspotledger_db::schema[0m[34m: [34msync_user: executing field DDL, [1;34mdoctype[0m[34m: UTM Campaign, [1;34mfield[0m[34m: campaign_description, [1;34msql[0m[34m: DEFINE FIELD OVERWRITE `campaign_description` ON TABLE `tabUTM_Campaign` TYPE option<string> PERMISSIONS FULL;[0m
    [2;3mat[0m crates\spotledger-db\src\schema.rs:741

  [2m2026-04-19T18:15:43.427523Z[0m [34mDEBUG[0m [1;34mspotledger_db::schema[0m[34m: [34msync_user: field DDL ok, [1;34mdoctype[0m[34m: UTM Campaign, [1;34mfield[0m[34m: campaign_description[0m
    [2;3mat[0m crates\spotledger-db\src\schema.rs:746

  [2m2026-04-19T18:15:43.427899Z[0m [34mDEBUG[0m [1;34mspotledger_db::schema[0m[34m: [34msync_user: executing field DDL, [1;34mdoctype[0m[34m: UTM Campaign, [1;34mfield[0m[34m: slug, [1;34msql[0m[34m: DEFINE FIELD OVERWRITE `slug` ON TABLE `tabUTM_Campaign` TYPE option<string> PERMISSIONS FULL;[0m
    [2;3mat[0m crates\spotledger-db\src\schema.rs:741

  [2m2026-04-19T18:15:43.431392Z[0m [34mDEBUG[0m [1;34mspotledger_db::schema[0m[34m: [34msync_user: field DDL ok, [1;34mdoctype[0m[34m: UTM Campaign, [1;34mfield[0m[34m: slug[0m
    [2;3mat[0m crates\spotledger-db\src\schema.rs:746

  [2m2026-04-19T18:15:43.434205Z[0m [34mDEBUG[0m [1;34mspotledger_db::schema[0m[34m: [34msync_user: schema synced, [1;34mdoctype[0m[34m: UTM Campaign[0m
    [2;3mat[0m crates\spotledger-db\src\schema.rs:762

  [2m2026-04-19T18:15:43.471691Z[0m [34mDEBUG[0m [1;34mspotledger_db::schema[0m[34m: [34msync_user: fields loaded, [1;34mdoctype[0m[34m: UTM Medium, [1;34mfield_count[0m[34m: 2[0m
    [2;3mat[0m crates\spotledger-db\src\schema.rs:689

  [2m2026-04-19T18:15:43.472357Z[0m [34mDEBUG[0m [1;34mspotledger_db::schema[0m[34m: [34msync_user: executing field DDL, [1;34mdoctype[0m[34m: UTM Medium, [1;34mfield[0m[34m: description, [1;34msql[0m[34m: DEFINE FIELD OVERWRITE `description` ON TABLE `tabUTM_Medium` TYPE option<string> PERMISSIONS FULL;[0m
    [2;3mat[0m crates\spotledger-db\src\schema.rs:741

  [2m2026-04-19T18:15:43.475631Z[0m [34mDEBUG[0m [1;34mspotledger_db::schema[0m[34m: [34msync_user: field DDL ok, [1;34mdoctype[0m[34m: UTM Medium, [1;34mfield[0m[34m: description[0m
    [2;3mat[0m crates\spotledger-db\src\schema.rs:746

  [2m2026-04-19T18:15:43.476227Z[0m [34mDEBUG[0m [1;34mspotledger_db::schema[0m[34m: [34msync_user: executing field DDL, [1;34mdoctype[0m[34m: UTM Medium, [1;34mfield[0m[34m: slug, [1;34msql[0m[34m: DEFINE FIELD OVERWRITE `slug` ON TABLE `tabUTM_Medium` TYPE option<string> PERMISSIONS FULL;[0m
    [2;3mat[0m crates\spotledger-db\src\schema.rs:741

  [2m2026-04-19T18:15:43.480438Z[0m [34mDEBUG[0m [1;34mspotledger_db::schema[0m[34m: [34msync_user: field DDL ok, [1;34mdoctype[0m[34m: UTM Medium, [1;34mfield[0m[34m: slug[0m
    [2;3mat[0m crates\spotledger-db\src\schema.rs:746

  [2m2026-04-19T18:15:43.482999Z[0m [34mDEBUG[0m [1;34mspotledger_db::schema[0m[34m: [34msync_user: schema synced, [1;34mdoctype[0m[34m: UTM Medium[0m
    [2;3mat[0m crates\spotledger-db\src\schema.rs:762

  [2m2026-04-19T18:15:43.518070Z[0m [34mDEBUG[0m [1;34mspotledger_db::schema[0m[34m: [34msync_user: fields loaded, [1;34mdoctype[0m[34m: UTM Source, [1;34mfield_count[0m[34m: 2[0m
    [2;3mat[0m crates\spotledger-db\src\schema.rs:689

  [2m2026-04-19T18:15:43.518721Z[0m [34mDEBUG[0m [1;34mspotledger_db::schema[0m[34m: [34msync_user: executing field DDL, [1;34mdoctype[0m[34m: UTM Source, [1;34mfield[0m[34m: description, [1;34msql[0m[34m: DEFINE FIELD OVERWRITE `description` ON TABLE `tabUTM_Source` TYPE option<string> PERMISSIONS FULL;[0m
    [2;3mat[0m crates\spotledger-db\src\schema.rs:741

  [2m2026-04-19T18:15:43.522492Z[0m [34mDEBUG[0m [1;34mspotledger_db::schema[0m[34m: [34msync_user: field DDL ok, [1;34mdoctype[0m[34m: UTM Source, [1;34mfield[0m[34m: description[0m
    [2;3mat[0m crates\spotledger-db\src\schema.rs:746

  [2m2026-04-19T18:15:43.523070Z[0m [34mDEBUG[0m [1;34mspotledger_db::schema[0m[34m: [34msync_user: executing field DDL, [1;34mdoctype[0m[34m: UTM Source, [1;34mfield[0m[34m: slug, [1;34msql[0m[34m: DEFINE FIELD OVERWRITE `slug` ON TABLE `tabUTM_Source` TYPE option<string> PERMISSIONS FULL;[0m
    [2;3mat[0m crates\spotledger-db\src\schema.rs:741

  [2m2026-04-19T18:15:43.526317Z[0m [34mDEBUG[0m [1;34mspotledger_db::schema[0m[34m: [34msync_user: field DDL ok, [1;34mdoctype[0m[34m: UTM Source, [1;34mfield[0m[34m: slug[0m
    [2;3mat[0m crates\spotledger-db\src\schema.rs:746

  [2m2026-04-19T18:15:43.529240Z[0m [34mDEBUG[0m [1;34mspotledger_db::schema[0m[34m: [34msync_user: schema synced, [1;34mdoctype[0m[34m: UTM Source[0m
    [2;3mat[0m crates\spotledger-db\src\schema.rs:762

  [2m2026-04-19T18:15:43.563845Z[0m [34mDEBUG[0m [1;34mspotledger_db::schema[0m[34m: [34msync_user: fields loaded, [1;34mdoctype[0m[34m: Webhook, [1;34mfield_count[0m[34m: 13[0m
    [2;3mat[0m crates\spotledger-db\src\schema.rs:689

  [2m2026-04-19T18:15:43.564364Z[0m [34mDEBUG[0m [1;34mspotledger_db::schema[0m[34m: [34msync_user: executing field DDL, [1;34mdoctype[0m[34m: Webhook, [1;34mfield[0m[34m: name, [1;34msql[0m[34m: DEFINE FIELD OVERWRITE `name` ON TABLE `tabWebhook` TYPE option<string> PERMISSIONS FULL;[0m
    [2;3mat[0m crates\spotledger-db\src\schema.rs:741

  [2m2026-04-19T18:15:43.567586Z[0m [34mDEBUG[0m [1;34mspotledger_db::schema[0m[34m: [34msync_user: field DDL ok, [1;34mdoctype[0m[34m: Webhook, [1;34mfield[0m[34m: name[0m
    [2;3mat[0m crates\spotledger-db\src\schema.rs:746

  [2m2026-04-19T18:15:43.568038Z[0m [34mDEBUG[0m [1;34mspotledger_db::schema[0m[34m: [34msync_user: executing field DDL, [1;34mdoctype[0m[34m: Webhook, [1;34mfield[0m[34m: webhook_doctype, [1;34msql[0m[34m: DEFINE FIELD OVERWRITE `webhook_doctype` ON TABLE `tabWebhook` TYPE option<string> PERMISSIONS FULL;[0m
    [2;3mat[0m crates\spotledger-db\src\schema.rs:741

  [2m2026-04-19T18:15:43.572530Z[0m [34mDEBUG[0m [1;34mspotledger_db::schema[0m[34m: [34msync_user: field DDL ok, [1;34mdoctype[0m[34m: Webhook, [1;34mfield[0m[34m: webhook_doctype[0m
    [2;3mat[0m crates\spotledger-db\src\schema.rs:746

  [2m2026-04-19T18:15:43.573044Z[0m [34mDEBUG[0m [1;34mspotledger_db::schema[0m[34m: [34msync_user: executing field DDL, [1;34mdoctype[0m[34m: Webhook, [1;34mfield[0m[34m: webhook_docevent, [1;34msql[0m[34m: DEFINE FIELD OVERWRITE `webhook_docevent` ON TABLE `tabWebhook` TYPE option<string> PERMISSIONS FULL;[0m
    [2;3mat[0m crates\spotledger-db\src\schema.rs:741

  [2m2026-04-19T18:15:43.576170Z[0m [34mDEBUG[0m [1;34mspotledger_db::schema[0m[34m: [34msync_user: field DDL ok, [1;34mdoctype[0m[34m: Webhook, [1;34mfield[0m[34m: webhook_docevent[0m
    [2;3mat[0m crates\spotledger-db\src\schema.rs:746

  [2m2026-04-19T18:15:43.576709Z[0m [34mDEBUG[0m [1;34mspotledger_db::schema[0m[34m: [34msync_user: executing field DDL, [1;34mdoctype[0m[34m: Webhook, [1;34mfield[0m[34m: enabled, [1;34msql[0m[34m: DEFINE FIELD OVERWRITE `enabled` ON TABLE `tabWebhook` TYPE none | int PERMISSIONS FULL DEFAULT 0;[0m
    [2;3mat[0m crates\spotledger-db\src\schema.rs:741

  [2m2026-04-19T18:15:43.580306Z[0m [34mDEBUG[0m [1;34mspotledger_db::schema[0m[34m: [34msync_user: field DDL ok, [1;34mdoctype[0m[34m: Webhook, [1;34mfield[0m[34m: enabled[0m
    [2;3mat[0m crates\spotledger-db\src\schema.rs:746

  [2m2026-04-19T18:15:43.580717Z[0m [34mDEBUG[0m [1;34mspotledger_db::schema[0m[34m: [34msync_user: executing field DDL, [1;34mdoctype[0m[34m: Webhook, [1;34mfield[0m[34m: request_url, [1;34msql[0m[34m: DEFINE FIELD OVERWRITE `request_url` ON TABLE `tabWebhook` TYPE option<string> PERMISSIONS FULL;[0m
    [2;3mat[0m crates\spotledger-db\src\schema.rs:741

  [2m2026-04-19T18:15:43.584514Z[0m [34mDEBUG[0m [1;34mspotledger_db::schema[0m[34m: [34msync_user: field DDL ok, [1;34mdoctype[0m[34m: Webhook, [1;34mfield[0m[34m: request_url[0m
    [2;3mat[0m crates\spotledger-db\src\schema.rs:746

  [2m2026-04-19T18:15:43.585079Z[0m [34mDEBUG[0m [1;34mspotledger_db::schema[0m[34m: [34msync_user: executing field DDL, [1;34mdoctype[0m[34m: Webhook, [1;34mfield[0m[34m: request_method, [1;34msql[0m[34m: DEFINE FIELD OVERWRITE `request_method` ON TABLE `tabWebhook` TYPE option<string> PERMISSIONS FULL;[0m
    [2;3mat[0m crates\spotledger-db\src\schema.rs:741

  [2m2026-04-19T18:15:43.588768Z[0m [34mDEBUG[0m [1;34mspotledger_db::schema[0m[34m: [34msync_user: field DDL ok, [1;34mdoctype[0m[34m: Webhook, [1;34mfield[0m[34m: request_method[0m
    [2;3mat[0m crates\spotledger-db\src\schema.rs:746

  [2m2026-04-19T18:15:43.589182Z[0m [34mDEBUG[0m [1;34mspotledger_db::schema[0m[34m: [34msync_user: executing field DDL, [1;34mdoctype[0m[34m: Webhook, [1;34mfield[0m[34m: webhook_headers, [1;34msql[0m[34m: DEFINE FIELD OVERWRITE `webhook_headers` ON TABLE `tabWebhook` TYPE any PERMISSIONS FULL;[0m
    [2;3mat[0m crates\spotledger-db\src\schema.rs:741

  [2m2026-04-19T18:15:43.592801Z[0m [34mDEBUG[0m [1;34mspotledger_db::schema[0m[34m: [34msync_user: field DDL ok, [1;34mdoctype[0m[34m: Webhook, [1;34mfield[0m[34m: webhook_headers[0m
    [2;3mat[0m crates\spotledger-db\src\schema.rs:746

  [2m2026-04-19T18:15:43.593396Z[0m [34mDEBUG[0m [1;34mspotledger_db::schema[0m[34m: [34msync_user: executing field DDL, [1;34mdoctype[0m[34m: Webhook, [1;34mfield[0m[34m: webhook_data, [1;34msql[0m[34m: DEFINE FIELD OVERWRITE `webhook_data` ON TABLE `tabWebhook` TYPE any PERMISSIONS FULL;[0m
    [2;3mat[0m crates\spotledger-db\src\schema.rs:741

  [2m2026-04-19T18:15:43.596708Z[0m [34mDEBUG[0m [1;34mspotledger_db::schema[0m[34m: [34msync_user: field DDL ok, [1;34mdoctype[0m[34m: Webhook, [1;34mfield[0m[34m: webhook_data[0m
    [2;3mat[0m crates\spotledger-db\src\schema.rs:746

  [2m2026-04-19T18:15:43.597110Z[0m [34mDEBUG[0m [1;34mspotledger_db::schema[0m[34m: [34msync_user: executing field DDL, [1;34mdoctype[0m[34m: Webhook, [1;34mfield[0m[34m: condition, [1;34msql[0m[34m: DEFINE FIELD OVERWRITE `condition` ON TABLE `tabWebhook` TYPE option<string> PERMISSIONS FULL;[0m
    [2;3mat[0m crates\spotledger-db\src\schema.rs:741

  [2m2026-04-19T18:15:43.600372Z[0m [34mDEBUG[0m [1;34mspotledger_db::schema[0m[34m: [34msync_user: field DDL ok, [1;34mdoctype[0m[34m: Webhook, [1;34mfield[0m[34m: condition[0m
    [2;3mat[0m crates\spotledger-db\src\schema.rs:746

  [2m2026-04-19T18:15:43.600888Z[0m [34mDEBUG[0m [1;34mspotledger_db::schema[0m[34m: [34msync_user: executing field DDL, [1;34mdoctype[0m[34m: Webhook, [1;34mfield[0m[34m: meet_condition, [1;34msql[0m[34m: DEFINE FIELD OVERWRITE `meet_condition` ON TABLE `tabWebhook` TYPE option<string> PERMISSIONS FULL;[0m
    [2;3mat[0m crates\spotledger-db\src\schema.rs:741

  [2m2026-04-19T18:15:43.604380Z[0m [34mDEBUG[0m [1;34mspotledger_db::schema[0m[34m: [34msync_user: field DDL ok, [1;34mdoctype[0m[34m: Webhook, [1;34mfield[0m[34m: meet_condition[0m
    [2;3mat[0m crates\spotledger-db\src\schema.rs:746

  [2m2026-04-19T18:15:43.604772Z[0m [34mDEBUG[0m [1;34mspotledger_db::schema[0m[34m: [34msync_user: executing field DDL, [1;34mdoctype[0m[34m: Webhook, [1;34mfield[0m[34m: webhook_json, [1;34msql[0m[34m: DEFINE FIELD OVERWRITE `webhook_json` ON TABLE `tabWebhook` TYPE option<string> PERMISSIONS FULL;[0m
    [2;3mat[0m crates\spotledger-db\src\schema.rs:741

  [2m2026-04-19T18:15:43.607968Z[0m [34mDEBUG[0m [1;34mspotledger_db::schema[0m[34m: [34msync_user: field DDL ok, [1;34mdoctype[0m[34m: Webhook, [1;34mfield[0m[34m: webhook_json[0m
    [2;3mat[0m crates\spotledger-db\src\schema.rs:746

  [2m2026-04-19T18:15:43.608409Z[0m [34mDEBUG[0m [1;34mspotledger_db::schema[0m[34m: [34msync_user: executing field DDL, [1;34mdoctype[0m[34m: Webhook, [1;34mfield[0m[34m: enable_security, [1;34msql[0m[34m: DEFINE FIELD OVERWRITE `enable_security` ON TABLE `tabWebhook` TYPE none | int PERMISSIONS FULL DEFAULT 0;[0m
    [2;3mat[0m crates\spotledger-db\src\schema.rs:741

  [2m2026-04-19T18:15:43.612218Z[0m [34mDEBUG[0m [1;34mspotledger_db::schema[0m[34m: [34msync_user: field DDL ok, [1;34mdoctype[0m[34m: Webhook, [1;34mfield[0m[34m: enable_security[0m
    [2;3mat[0m crates\spotledger-db\src\schema.rs:746

  [2m2026-04-19T18:15:43.612741Z[0m [34mDEBUG[0m [1;34mspotledger_db::schema[0m[34m: [34msync_user: executing field DDL, [1;34mdoctype[0m[34m: Webhook, [1;34mfield[0m[34m: webhook_secret, [1;34msql[0m[34m: DEFINE FIELD OVERWRITE `webhook_secret` ON TABLE `tabWebhook` TYPE option<string> PERMISSIONS FULL;[0m
    [2;3mat[0m crates\spotledger-db\src\schema.rs:741

  [2m2026-04-19T18:15:43.616194Z[0m [34mDEBUG[0m [1;34mspotledger_db::schema[0m[34m: [34msync_user: field DDL ok, [1;34mdoctype[0m[34m: Webhook, [1;34mfield[0m[34m: webhook_secret[0m
    [2;3mat[0m crates\spotledger-db\src\schema.rs:746

  [2m2026-04-19T18:15:43.618825Z[0m [34mDEBUG[0m [1;34mspotledger_db::schema[0m[34m: [34msync_user: schema synced, [1;34mdoctype[0m[34m: Webhook[0m
    [2;3mat[0m crates\spotledger-db\src\schema.rs:762

  [2m2026-04-19T18:15:43.654652Z[0m [34mDEBUG[0m [1;34mspotledger_db::schema[0m[34m: [34msync_user: fields loaded, [1;34mdoctype[0m[34m: Workspace, [1;34mfield_count[0m[34m: 17[0m
    [2;3mat[0m crates\spotledger-db\src\schema.rs:689

  [2m2026-04-19T18:15:43.655898Z[0m [34mDEBUG[0m [1;34mspotledger_db::schema[0m[34m: [34msync_user: executing field DDL, [1;34mdoctype[0m[34m: Workspace, [1;34mfield[0m[34m: name, [1;34msql[0m[34m: DEFINE FIELD OVERWRITE `name` ON TABLE `tabWorkspace` TYPE option<string> PERMISSIONS FULL;[0m
    [2;3mat[0m crates\spotledger-db\src\schema.rs:741

  [2m2026-04-19T18:15:43.659539Z[0m [34mDEBUG[0m [1;34mspotledger_db::schema[0m[34m: [34msync_user: field DDL ok, [1;34mdoctype[0m[34m: Workspace, [1;34mfield[0m[34m: name[0m
    [2;3mat[0m crates\spotledger-db\src\schema.rs:746

  [2m2026-04-19T18:15:43.660039Z[0m [34mDEBUG[0m [1;34mspotledger_db::schema[0m[34m: [34msync_user: executing field DDL, [1;34mdoctype[0m[34m: Workspace, [1;34mfield[0m[34m: title, [1;34msql[0m[34m: DEFINE FIELD OVERWRITE `title` ON TABLE `tabWorkspace` TYPE option<string> PERMISSIONS FULL;[0m
    [2;3mat[0m crates\spotledger-db\src\schema.rs:741

  [2m2026-04-19T18:15:43.663751Z[0m [34mDEBUG[0m [1;34mspotledger_db::schema[0m[34m: [34msync_user: field DDL ok, [1;34mdoctype[0m[34m: Workspace, [1;34mfield[0m[34m: title[0m
    [2;3mat[0m crates\spotledger-db\src\schema.rs:746

  [2m2026-04-19T18:15:43.664277Z[0m [34mDEBUG[0m [1;34mspotledger_db::schema[0m[34m: [34msync_user: executing field DDL, [1;34mdoctype[0m[34m: Workspace, [1;34mfield[0m[34m: module, [1;34msql[0m[34m: DEFINE FIELD OVERWRITE `module` ON TABLE `tabWorkspace` TYPE option<string> PERMISSIONS FULL;[0m
    [2;3mat[0m crates\spotledger-db\src\schema.rs:741

  [2m2026-04-19T18:15:43.668091Z[0m [34mDEBUG[0m [1;34mspotledger_db::schema[0m[34m: [34msync_user: field DDL ok, [1;34mdoctype[0m[34m: Workspace, [1;34mfield[0m[34m: module[0m
    [2;3mat[0m crates\spotledger-db\src\schema.rs:746

  [2m2026-04-19T18:15:43.668675Z[0m [34mDEBUG[0m [1;34mspotledger_db::schema[0m[34m: [34msync_user: executing field DDL, [1;34mdoctype[0m[34m: Workspace, [1;34mfield[0m[34m: icon, [1;34msql[0m[34m: DEFINE FIELD OVERWRITE `icon` ON TABLE `tabWorkspace` TYPE option<string> PERMISSIONS FULL;[0m
    [2;3mat[0m crates\spotledger-db\src\schema.rs:741

  [2m2026-04-19T18:15:43.673876Z[0m [34mDEBUG[0m [1;34mspotledger_db::schema[0m[34m: [34msync_user: field DDL ok, [1;34mdoctype[0m[34m: Workspace, [1;34mfield[0m[34m: icon[0m
    [2;3mat[0m crates\spotledger-db\src\schema.rs:746

  [2m2026-04-19T18:15:43.674436Z[0m [34mDEBUG[0m [1;34mspotledger_db::schema[0m[34m: [34msync_user: executing field DDL, [1;34mdoctype[0m[34m: Workspace, [1;34mfield[0m[34m: indicator_color, [1;34msql[0m[34m: DEFINE FIELD OVERWRITE `indicator_color` ON TABLE `tabWorkspace` TYPE option<string> PERMISSIONS FULL;[0m
    [2;3mat[0m crates\spotledger-db\src\schema.rs:741

  [2m2026-04-19T18:15:43.677815Z[0m [34mDEBUG[0m [1;34mspotledger_db::schema[0m[34m: [34msync_user: field DDL ok, [1;34mdoctype[0m[34m: Workspace, [1;34mfield[0m[34m: indicator_color[0m
    [2;3mat[0m crates\spotledger-db\src\schema.rs:746

  [2m2026-04-19T18:15:43.678373Z[0m [34mDEBUG[0m [1;34mspotledger_db::schema[0m[34m: [34msync_user: executing field DDL, [1;34mdoctype[0m[34m: Workspace, [1;34mfield[0m[34m: is_standard, [1;34msql[0m[34m: DEFINE FIELD OVERWRITE `is_standard` ON TABLE `tabWorkspace` TYPE none | int PERMISSIONS FULL DEFAULT 0;[0m
    [2;3mat[0m crates\spotledger-db\src\schema.rs:741

  [2m2026-04-19T18:15:43.681981Z[0m [34mDEBUG[0m [1;34mspotledger_db::schema[0m[34m: [34msync_user: field DDL ok, [1;34mdoctype[0m[34m: Workspace, [1;34mfield[0m[34m: is_standard[0m
    [2;3mat[0m crates\spotledger-db\src\schema.rs:746

  [2m2026-04-19T18:15:43.682565Z[0m [34mDEBUG[0m [1;34mspotledger_db::schema[0m[34m: [34msync_user: executing field DDL, [1;34mdoctype[0m[34m: Workspace, [1;34mfield[0m[34m: public, [1;34msql[0m[34m: DEFINE FIELD OVERWRITE `public` ON TABLE `tabWorkspace` TYPE none | int PERMISSIONS FULL DEFAULT 0;[0m
    [2;3mat[0m crates\spotledger-db\src\schema.rs:741

  [2m2026-04-19T18:15:43.688045Z[0m [34mDEBUG[0m [1;34mspotledger_db::schema[0m[34m: [34msync_user: field DDL ok, [1;34mdoctype[0m[34m: Workspace, [1;34mfield[0m[34m: public[0m
    [2;3mat[0m crates\spotledger-db\src\schema.rs:746

  [2m2026-04-19T18:15:43.688787Z[0m [34mDEBUG[0m [1;34mspotledger_db::schema[0m[34m: [34msync_user: executing field DDL, [1;34mdoctype[0m[34m: Workspace, [1;34mfield[0m[34m: roles, [1;34msql[0m[34m: DEFINE FIELD OVERWRITE `roles` ON TABLE `tabWorkspace` TYPE any PERMISSIONS FULL;[0m
    [2;3mat[0m crates\spotledger-db\src\schema.rs:741

  [2m2026-04-19T18:15:43.692162Z[0m [34mDEBUG[0m [1;34mspotledger_db::schema[0m[34m: [34msync_user: field DDL ok, [1;34mdoctype[0m[34m: Workspace, [1;34mfield[0m[34m: roles[0m
    [2;3mat[0m crates\spotledger-db\src\schema.rs:746

  [2m2026-04-19T18:15:43.692663Z[0m [34mDEBUG[0m [1;34mspotledger_db::schema[0m[34m: [34msync_user: executing field DDL, [1;34mdoctype[0m[34m: Workspace, [1;34mfield[0m[34m: shortcuts, [1;34msql[0m[34m: DEFINE FIELD OVERWRITE `shortcuts` ON TABLE `tabWorkspace` TYPE any PERMISSIONS FULL;[0m
    [2;3mat[0m crates\spotledger-db\src\schema.rs:741

  [2m2026-04-19T18:15:43.696251Z[0m [34mDEBUG[0m [1;34mspotledger_db::schema[0m[34m: [34msync_user: field DDL ok, [1;34mdoctype[0m[34m: Workspace, [1;34mfield[0m[34m: shortcuts[0m
    [2;3mat[0m crates\spotledger-db\src\schema.rs:746

  [2m2026-04-19T18:15:43.696637Z[0m [34mDEBUG[0m [1;34mspotledger_db::schema[0m[34m: [34msync_user: executing field DDL, [1;34mdoctype[0m[34m: Workspace, [1;34mfield[0m[34m: links, [1;34msql[0m[34m: DEFINE FIELD OVERWRITE `links` ON TABLE `tabWorkspace` TYPE any PERMISSIONS FULL;[0m
    [2;3mat[0m crates\spotledger-db\src\schema.rs:741

  [2m2026-04-19T18:15:43.699983Z[0m [34mDEBUG[0m [1;34mspotledger_db::schema[0m[34m: [34msync_user: field DDL ok, [1;34mdoctype[0m[34m: Workspace, [1;34mfield[0m[34m: links[0m
    [2;3mat[0m crates\spotledger-db\src\schema.rs:746

  [2m2026-04-19T18:15:43.700577Z[0m [34mDEBUG[0m [1;34mspotledger_db::schema[0m[34m: [34msync_user: executing field DDL, [1;34mdoctype[0m[34m: Workspace, [1;34mfield[0m[34m: onboarding, [1;34msql[0m[34m: DEFINE FIELD OVERWRITE `onboarding` ON TABLE `tabWorkspace` TYPE option<string> PERMISSIONS FULL;[0m
    [2;3mat[0m crates\spotledger-db\src\schema.rs:741

  [2m2026-04-19T18:15:43.705039Z[0m [34mDEBUG[0m [1;34mspotledger_db::schema[0m[34m: [34msync_user: field DDL ok, [1;34mdoctype[0m[34m: Workspace, [1;34mfield[0m[34m: onboarding[0m
    [2;3mat[0m crates\spotledger-db\src\schema.rs:746

  [2m2026-04-19T18:15:43.705803Z[0m [34mDEBUG[0m [1;34mspotledger_db::schema[0m[34m: [34msync_user: executing field DDL, [1;34mdoctype[0m[34m: Workspace, [1;34mfield[0m[34m: charts, [1;34msql[0m[34m: DEFINE FIELD OVERWRITE `charts` ON TABLE `tabWorkspace` TYPE any PERMISSIONS FULL;[0m
    [2;3mat[0m crates\spotledger-db\src\schema.rs:741

  [2m2026-04-19T18:15:43.709134Z[0m [34mDEBUG[0m [1;34mspotledger_db::schema[0m[34m: [34msync_user: field DDL ok, [1;34mdoctype[0m[34m: Workspace, [1;34mfield[0m[34m: charts[0m
    [2;3mat[0m crates\spotledger-db\src\schema.rs:746

  [2m2026-04-19T18:15:43.709654Z[0m [34mDEBUG[0m [1;34mspotledger_db::schema[0m[34m: [34msync_user: executing field DDL, [1;34mdoctype[0m[34m: Workspace, [1;34mfield[0m[34m: cards, [1;34msql[0m[34m: DEFINE FIELD OVERWRITE `cards` ON TABLE `tabWorkspace` TYPE any PERMISSIONS FULL;[0m
    [2;3mat[0m crates\spotledger-db\src\schema.rs:741

  [2m2026-04-19T18:15:43.713107Z[0m [34mDEBUG[0m [1;34mspotledger_db::schema[0m[34m: [34msync_user: field DDL ok, [1;34mdoctype[0m[34m: Workspace, [1;34mfield[0m[34m: cards[0m
    [2;3mat[0m crates\spotledger-db\src\schema.rs:746

  [2m2026-04-19T18:15:43.713634Z[0m [34mDEBUG[0m [1;34mspotledger_db::schema[0m[34m: [34msync_user: executing field DDL, [1;34mdoctype[0m[34m: Workspace, [1;34mfield[0m[34m: sequence_id, [1;34msql[0m[34m: DEFINE FIELD OVERWRITE `sequence_id` ON TABLE `tabWorkspace` TYPE none | int PERMISSIONS FULL;[0m
    [2;3mat[0m crates\spotledger-db\src\schema.rs:741

  [2m2026-04-19T18:15:43.717249Z[0m [34mDEBUG[0m [1;34mspotledger_db::schema[0m[34m: [34msync_user: field DDL ok, [1;34mdoctype[0m[34m: Workspace, [1;34mfield[0m[34m: sequence_id[0m
    [2;3mat[0m crates\spotledger-db\src\schema.rs:746

  [2m2026-04-19T18:15:43.717887Z[0m [34mDEBUG[0m [1;34mspotledger_db::schema[0m[34m: [34msync_user: executing field DDL, [1;34mdoctype[0m[34m: Workspace, [1;34mfield[0m[34m: parent_page, [1;34msql[0m[34m: DEFINE FIELD OVERWRITE `parent_page` ON TABLE `tabWorkspace` TYPE option<string> PERMISSIONS FULL;[0m
    [2;3mat[0m crates\spotledger-db\src\schema.rs:741

  [2m2026-04-19T18:15:43.722299Z[0m [34mDEBUG[0m [1;34mspotledger_db::schema[0m[34m: [34msync_user: field DDL ok, [1;34mdoctype[0m[34m: Workspace, [1;34mfield[0m[34m: parent_page[0m
    [2;3mat[0m crates\spotledger-db\src\schema.rs:746

  [2m2026-04-19T18:15:43.722721Z[0m [34mDEBUG[0m [1;34mspotledger_db::schema[0m[34m: [34msync_user: executing field DDL, [1;34mdoctype[0m[34m: Workspace, [1;34mfield[0m[34m: extends_another_page, [1;34msql[0m[34m: DEFINE FIELD OVERWRITE `extends_another_page` ON TABLE `tabWorkspace` TYPE none | int PERMISSIONS FULL DEFAULT 0;[0m
    [2;3mat[0m crates\spotledger-db\src\schema.rs:741

  [2m2026-04-19T18:15:43.726198Z[0m [34mDEBUG[0m [1;34mspotledger_db::schema[0m[34m: [34msync_user: field DDL ok, [1;34mdoctype[0m[34m: Workspace, [1;34mfield[0m[34m: extends_another_page[0m
    [2;3mat[0m crates\spotledger-db\src\schema.rs:746

  [2m2026-04-19T18:15:43.726896Z[0m [34mDEBUG[0m [1;34mspotledger_db::schema[0m[34m: [34msync_user: executing field DDL, [1;34mdoctype[0m[34m: Workspace, [1;34mfield[0m[34m: extends, [1;34msql[0m[34m: DEFINE FIELD OVERWRITE `extends` ON TABLE `tabWorkspace` TYPE option<string> PERMISSIONS FULL;[0m
    [2;3mat[0m crates\spotledger-db\src\schema.rs:741

  [2m2026-04-19T18:15:43.730571Z[0m [34mDEBUG[0m [1;34mspotledger_db::schema[0m[34m: [34msync_user: field DDL ok, [1;34mdoctype[0m[34m: Workspace, [1;34mfield[0m[34m: extends[0m
    [2;3mat[0m crates\spotledger-db\src\schema.rs:746

  [2m2026-04-19T18:15:43.733920Z[0m [34mDEBUG[0m [1;34mspotledger_db::schema[0m[34m: [34msync_user: schema synced, [1;34mdoctype[0m[34m: Workspace[0m
    [2;3mat[0m crates\spotledger-db\src\schema.rs:762

  [2m2026-04-19T18:15:43.734421Z[0m [32m INFO[0m [1;32mspotledger_db::schema[0m[32m: [32mUser doctype schema sync complete, [1;32msynced[0m[32m: 51, [1;32merrors[0m[32m: 0[0m
    [2;3mat[0m crates\spotledger-db\src\schema.rs:765

  [2m2026-04-19T18:15:43.745488Z[0m [34mDEBUG[0m [1;34mspotledger_db::schema[0m[34m: [34mNaming functions applied[0m
    [2;3mat[0m crates\spotledger-db\src\schema.rs:785

  [2m2026-04-19T18:15:43.756840Z[0m [34mDEBUG[0m [1;34mspotledger_db::schema[0m[34m: [34mPermission functions applied[0m
    [2;3mat[0m crates\spotledger-db\src\schema.rs:805

  [2m2026-04-19T18:15:43.759126Z[0m [34mDEBUG[0m [1;34mspotledger_db::migrations[0m[34m: [34mNo pending migrations.[0m
    [2;3mat[0m crates\spotledger-db\src\migrations.rs:134

  [2m2026-04-19T18:15:43.759777Z[0m [34mDEBUG[0m [1;34mspotledger_http::server[0m[34m: [34mNo pending migrations, [1;34msite[0m[34m: spotledger[0m
    [2;3mat[0m crates\spotledger-http\src\server.rs:251

  [2m2026-04-19T18:15:43.761176Z[0m [32m INFO[0m [1;32mspotledger_http::server[0m[32m: [32mSite ready, [1;32msite[0m[32m: spotledger[0m
    [2;3mat[0m crates\spotledger-http\src\server.rs:257

  [2m2026-04-19T18:15:43.775566Z[0m [32m INFO[0m [1;32mspotledger_http::server[0m[32m: [32mLoading site, [1;32msite[0m[32m: verify_install_only[0m
    [2;3mat[0m crates\spotledger-http\src\server.rs:222

  [2m2026-04-19T18:15:43.776161Z[0m [34mDEBUG[0m [1;34mspotledger_db::adapter[0m[34m: [34mConnecting to SurrealDB, [1;34mendpoint[0m[34m: 127.0.0.1:8000[0m
    [2;3mat[0m crates\spotledger-db\src\adapter.rs:43

  [2m2026-04-19T18:15:43.778332Z[0m [34mDEBUG[0m [1;34mtungstenite::handshake::client[0m[34m: [34mClient handshake done.[0m
    [2;3mat[0m C:\Users\Ehsen\.cargo\registry\src\index.crates.io-1949cf8c6b5b557f\tungstenite-0.28.0\src\handshake\client.rs:102

  [2m2026-04-19T18:15:43.840217Z[0m [32m INFO[0m [1;32mspotledger_db::adapter[0m[32m: [32mSurrealDB ready, [1;32mns[0m[32m: verify_install_only, [1;32mdb[0m[32m: verify_install_only[0m
    [2;3mat[0m crates\spotledger-db\src\adapter.rs:69

  [2m2026-04-19T18:15:43.840908Z[0m [32m INFO[0m [1;32mspotledger_db::schema[0m[32m: [32mSyncing schemas for compiled DocTypes, [1;32mcount[0m[32m: 19[0m
    [2;3mat[0m crates\spotledger-db\src\schema.rs:258

  [2m2026-04-19T18:15:43.844105Z[0m [34mDEBUG[0m [1;34mspotledger_db::schema[0m[34m: [34mDEFINE TABLE done, [1;34mdoctype[0m[34m: Error Log[0m
    [2;3mat[0m crates\spotledger-db\src\schema.rs:111

  [2m2026-04-19T18:15:43.894171Z[0m [32m INFO[0m [1;32mspotledger_db::schema[0m[32m: [32mSchema DDL synced (Phase 1), [1;32mdoctype[0m[32m: Error Log, [1;32mtable[0m[32m: tabError_Log[0m
    [2;3mat[0m crates\spotledger-db\src\schema.rs:208

  [2m2026-04-19T18:15:43.945780Z[0m [33m WARN[0m [1;33mspotledger_db::schema[0m[33m: [33mCould not upsert tabDocType row — boot info may not list this doctype, [1;33mdoctype[0m[33m: Error Log, [1;33merror[0m[33m: SurrealDB error: Couldn't coerce value for field `docstatus` of `tabDocType:`Error Log``: Expected `int` but found `NONE`[0m
    [2;3mat[0m crates\spotledger-db\src\schema.rs:546

  [2m2026-04-19T18:15:43.946359Z[0m [34mDEBUG[0m [1;34mspotledger_db::schema[0m[34m: [34mGraph meta records ensured (Phase 2), [1;34mdoctype[0m[34m: Error Log[0m
    [2;3mat[0m crates\spotledger-db\src\schema.rs:551

  [2m2026-04-19T18:15:43.948887Z[0m [34mDEBUG[0m [1;34mspotledger_db::schema[0m[34m: [34mDEFINE TABLE done, [1;34mdoctype[0m[34m: DocField[0m
    [2;3mat[0m crates\spotledger-db\src\schema.rs:111

  [2m2026-04-19T18:15:44.223936Z[0m [32m INFO[0m [1;32mspotledger_db::schema[0m[32m: [32mSchema DDL synced (Phase 1), [1;32mdoctype[0m[32m: DocField, [1;32mtable[0m[32m: tabDocField[0m
    [2;3mat[0m crates\spotledger-db\src\schema.rs:208

  [2m2026-04-19T18:15:44.715323Z[0m [33m WARN[0m [1;33mspotledger_db::schema[0m[33m: [33mCould not upsert tabDocType row — boot info may not list this doctype, [1;33mdoctype[0m[33m: DocField, [1;33merror[0m[33m: SurrealDB error: Couldn't coerce value for field `docstatus` of `tabDocType:DocField`: Expected `int` but found `NONE`[0m
    [2;3mat[0m crates\spotledger-db\src\schema.rs:546

  [2m2026-04-19T18:15:44.715723Z[0m [34mDEBUG[0m [1;34mspotledger_db::schema[0m[34m: [34mGraph meta records ensured (Phase 2), [1;34mdoctype[0m[34m: DocField[0m
    [2;3mat[0m crates\spotledger-db\src\schema.rs:551

  [2m2026-04-19T18:15:44.719125Z[0m [34mDEBUG[0m [1;34mspotledger_db::schema[0m[34m: [34mDEFINE TABLE done, [1;34mdoctype[0m[34m: DocPerm[0m
    [2;3mat[0m crates\spotledger-db\src\schema.rs:111

  [2m2026-04-19T18:15:44.815137Z[0m [32m INFO[0m [1;32mspotledger_db::schema[0m[32m: [32mSchema DDL synced (Phase 1), [1;32mdoctype[0m[32m: DocPerm, [1;32mtable[0m[32m: tabDocPerm[0m
    [2;3mat[0m crates\spotledger-db\src\schema.rs:208

  [2m2026-04-19T18:15:44.950522Z[0m [33m WARN[0m [1;33mspotledger_db::schema[0m[33m: [33mCould not upsert tabDocType row — boot info may not list this doctype, [1;33mdoctype[0m[33m: DocPerm, [1;33merror[0m[33m: SurrealDB error: Couldn't coerce value for field `docstatus` of `tabDocType:DocPerm`: Expected `int` but found `NONE`[0m
    [2;3mat[0m crates\spotledger-db\src\schema.rs:546

  [2m2026-04-19T18:15:44.951455Z[0m [34mDEBUG[0m [1;34mspotledger_db::schema[0m[34m: [34mGraph meta records ensured (Phase 2), [1;34mdoctype[0m[34m: DocPerm[0m
    [2;3mat[0m crates\spotledger-db\src\schema.rs:551

  [2m2026-04-19T18:15:44.955760Z[0m [34mDEBUG[0m [1;34mspotledger_db::schema[0m[34m: [34mDEFINE TABLE done, [1;34mdoctype[0m[34m: PropertySetter[0m
    [2;3mat[0m crates\spotledger-db\src\schema.rs:111

  [2m2026-04-19T18:15:45.000172Z[0m [32m INFO[0m [1;32mspotledger_db::schema[0m[32m: [32mSchema DDL synced (Phase 1), [1;32mdoctype[0m[32m: PropertySetter, [1;32mtable[0m[32m: tabPropertySetter[0m
    [2;3mat[0m crates\spotledger-db\src\schema.rs:208

  [2m2026-04-19T18:15:45.042352Z[0m [33m WARN[0m [1;33mspotledger_db::schema[0m[33m: [33mCould not upsert tabDocType row — boot info may not list this doctype, [1;33mdoctype[0m[33m: PropertySetter, [1;33merror[0m[33m: SurrealDB error: Couldn't coerce value for field `docstatus` of `tabDocType:PropertySetter`: Expected `int` but found `NONE`[0m
    [2;3mat[0m crates\spotledger-db\src\schema.rs:546

  [2m2026-04-19T18:15:45.042758Z[0m [34mDEBUG[0m [1;34mspotledger_db::schema[0m[34m: [34mGraph meta records ensured (Phase 2), [1;34mdoctype[0m[34m: PropertySetter[0m
    [2;3mat[0m crates\spotledger-db\src\schema.rs:551

  [2m2026-04-19T18:15:45.045229Z[0m [34mDEBUG[0m [1;34mspotledger_db::schema[0m[34m: [34mDEFINE TABLE done, [1;34mdoctype[0m[34m: DocType[0m
    [2;3mat[0m crates\spotledger-db\src\schema.rs:111

  [2m2026-04-19T18:15:45.183580Z[0m [32m INFO[0m [1;32mspotledger_db::schema[0m[32m: [32mSchema DDL synced (Phase 1), [1;32mdoctype[0m[32m: DocType, [1;32mtable[0m[32m: tabDocType[0m
    [2;3mat[0m crates\spotledger-db\src\schema.rs:208

  [2m2026-04-19T18:15:45.389099Z[0m [34mDEBUG[0m [1;34mspotledger_db::schema[0m[34m: [34mGraph meta records ensured (Phase 2), [1;34mdoctype[0m[34m: DocType[0m
    [2;3mat[0m crates\spotledger-db\src\schema.rs:551

  [2m2026-04-19T18:15:45.392725Z[0m [34mDEBUG[0m [1;34mspotledger_db::schema[0m[34m: [34mDEFINE TABLE done, [1;34mdoctype[0m[34m: CustomField[0m
    [2;3mat[0m crates\spotledger-db\src\schema.rs:111

  [2m2026-04-19T18:15:45.452999Z[0m [32m INFO[0m [1;32mspotledger_db::schema[0m[32m: [32mSchema DDL synced (Phase 1), [1;32mdoctype[0m[32m: CustomField, [1;32mtable[0m[32m: tabCustomField[0m
    [2;3mat[0m crates\spotledger-db\src\schema.rs:208

  [2m2026-04-19T18:15:45.532684Z[0m [34mDEBUG[0m [1;34mspotledger_db::schema[0m[34m: [34mGraph meta records ensured (Phase 2), [1;34mdoctype[0m[34m: CustomField[0m
    [2;3mat[0m crates\spotledger-db\src\schema.rs:551

  [2m2026-04-19T18:15:45.536396Z[0m [34mDEBUG[0m [1;34mspotledger_db::schema[0m[34m: [34mDEFINE TABLE done, [1;34mdoctype[0m[34m: Module Def[0m
    [2;3mat[0m crates\spotledger-db\src\schema.rs:111

  [2m2026-04-19T18:15:45.590100Z[0m [32m INFO[0m [1;32mspotledger_db::schema[0m[32m: [32mSchema DDL synced (Phase 1), [1;32mdoctype[0m[32m: Module Def, [1;32mtable[0m[32m: tabModule_Def[0m
    [2;3mat[0m crates\spotledger-db\src\schema.rs:208

  [2m2026-04-19T18:15:45.645845Z[0m [34mDEBUG[0m [1;34mspotledger_db::schema[0m[34m: [34mGraph meta records ensured (Phase 2), [1;34mdoctype[0m[34m: Module Def[0m
    [2;3mat[0m crates\spotledger-db\src\schema.rs:551

  [2m2026-04-19T18:15:45.648835Z[0m [34mDEBUG[0m [1;34mspotledger_db::schema[0m[34m: [34mDEFINE TABLE done, [1;34mdoctype[0m[34m: UserModule[0m
    [2;3mat[0m crates\spotledger-db\src\schema.rs:111

  [2m2026-04-19T18:15:45.694913Z[0m [32m INFO[0m [1;32mspotledger_db::schema[0m[32m: [32mSchema DDL synced (Phase 1), [1;32mdoctype[0m[32m: UserModule, [1;32mtable[0m[32m: tabUserModule[0m
    [2;3mat[0m crates\spotledger-db\src\schema.rs:208

  [2m2026-04-19T18:15:45.731622Z[0m [34mDEBUG[0m [1;34mspotledger_db::schema[0m[34m: [34mGraph meta records ensured (Phase 2), [1;34mdoctype[0m[34m: UserModule[0m
    [2;3mat[0m crates\spotledger-db\src\schema.rs:551

  [2m2026-04-19T18:15:45.735324Z[0m [34mDEBUG[0m [1;34mspotledger_db::schema[0m[34m: [34mDEFINE TABLE done, [1;34mdoctype[0m[34m: DefaultValue[0m
    [2;3mat[0m crates\spotledger-db\src\schema.rs:111

  [2m2026-04-19T18:15:45.783148Z[0m [32m INFO[0m [1;32mspotledger_db::schema[0m[32m: [32mSchema DDL synced (Phase 1), [1;32mdoctype[0m[32m: DefaultValue, [1;32mtable[0m[32m: tabDefaultValue[0m
    [2;3mat[0m crates\spotledger-db\src\schema.rs:208

  [2m2026-04-19T18:15:45.827111Z[0m [34mDEBUG[0m [1;34mspotledger_db::schema[0m[34m: [34mGraph meta records ensured (Phase 2), [1;34mdoctype[0m[34m: DefaultValue[0m
    [2;3mat[0m crates\spotledger-db\src\schema.rs:551

  [2m2026-04-19T18:15:45.830210Z[0m [34mDEBUG[0m [1;34mspotledger_db::schema[0m[34m: [34mDEFINE TABLE done, [1;34mdoctype[0m[34m: SystemSettings[0m
    [2;3mat[0m crates\spotledger-db\src\schema.rs:111

  [2m2026-04-19T18:15:45.921266Z[0m [32m INFO[0m [1;32mspotledger_db::schema[0m[32m: [32mSchema DDL synced (Phase 1), [1;32mdoctype[0m[32m: SystemSettings, [1;32mtable[0m[32m: tabSystemSettings[0m
    [2;3mat[0m crates\spotledger-db\src\schema.rs:208

  [2m2026-04-19T18:15:46.061183Z[0m [34mDEBUG[0m [1;34mspotledger_db::schema[0m[34m: [34mGraph meta records ensured (Phase 2), [1;34mdoctype[0m[34m: SystemSettings[0m
    [2;3mat[0m crates\spotledger-db\src\schema.rs:551

  [2m2026-04-19T18:15:46.064092Z[0m [34mDEBUG[0m [1;34mspotledger_db::schema[0m[34m: [34mDEFINE TABLE done, [1;34mdoctype[0m[34m: DocumentNamingSettings[0m
    [2;3mat[0m crates\spotledger-db\src\schema.rs:111

  [2m2026-04-19T18:15:46.103801Z[0m [32m INFO[0m [1;32mspotledger_db::schema[0m[32m: [32mSchema DDL synced (Phase 1), [1;32mdoctype[0m[32m: DocumentNamingSettings, [1;32mtable[0m[32m: tabDocumentNamingSettings[0m
    [2;3mat[0m crates\spotledger-db\src\schema.rs:208

  [2m2026-04-19T18:15:46.136071Z[0m [34mDEBUG[0m [1;34mspotledger_db::schema[0m[34m: [34mGraph meta records ensured (Phase 2), [1;34mdoctype[0m[34m: DocumentNamingSettings[0m
    [2;3mat[0m crates\spotledger-db\src\schema.rs:551

  [2m2026-04-19T18:15:46.140543Z[0m [34mDEBUG[0m [1;34mspotledger_db::schema[0m[34m: [34mDEFINE TABLE done, [1;34mdoctype[0m[34m: DocumentNamingRule[0m
    [2;3mat[0m crates\spotledger-db\src\schema.rs:111

  [2m2026-04-19T18:15:46.187188Z[0m [32m INFO[0m [1;32mspotledger_db::schema[0m[32m: [32mSchema DDL synced (Phase 1), [1;32mdoctype[0m[32m: DocumentNamingRule, [1;32mtable[0m[32m: tabDocumentNamingRule[0m
    [2;3mat[0m crates\spotledger-db\src\schema.rs:208

  [2m2026-04-19T18:15:46.219872Z[0m [34mDEBUG[0m [1;34mspotledger_db::schema[0m[34m: [34mGraph meta records ensured (Phase 2), [1;34mdoctype[0m[34m: DocumentNamingRule[0m
    [2;3mat[0m crates\spotledger-db\src\schema.rs:551

  [2m2026-04-19T18:15:46.222727Z[0m [34mDEBUG[0m [1;34mspotledger_db::schema[0m[34m: [34mDEFINE TABLE done, [1;34mdoctype[0m[34m: User[0m
    [2;3mat[0m crates\spotledger-db\src\schema.rs:111

  [2m2026-04-19T18:15:46.302520Z[0m [32m INFO[0m [1;32mspotledger_db::schema[0m[32m: [32mSchema DDL synced (Phase 1), [1;32mdoctype[0m[32m: User, [1;32mtable[0m[32m: tabUser[0m
    [2;3mat[0m crates\spotledger-db\src\schema.rs:208

  [2m2026-04-19T18:15:46.418690Z[0m [34mDEBUG[0m [1;34mspotledger_db::schema[0m[34m: [34mGraph meta records ensured (Phase 2), [1;34mdoctype[0m[34m: User[0m
    [2;3mat[0m crates\spotledger-db\src\schema.rs:551

  [2m2026-04-19T18:15:46.421900Z[0m [34mDEBUG[0m [1;34mspotledger_db::schema[0m[34m: [34mDEFINE TABLE done, [1;34mdoctype[0m[34m: UserPermission[0m
    [2;3mat[0m crates\spotledger-db\src\schema.rs:111

  [2m2026-04-19T18:15:46.476378Z[0m [32m INFO[0m [1;32mspotledger_db::schema[0m[32m: [32mSchema DDL synced (Phase 1), [1;32mdoctype[0m[32m: UserPermission, [1;32mtable[0m[32m: tabUserPermission[0m
    [2;3mat[0m crates\spotledger-db\src\schema.rs:208

  [2m2026-04-19T18:15:46.529389Z[0m [34mDEBUG[0m [1;34mspotledger_db::schema[0m[34m: [34mGraph meta records ensured (Phase 2), [1;34mdoctype[0m[34m: UserPermission[0m
    [2;3mat[0m crates\spotledger-db\src\schema.rs:551

  [2m2026-04-19T18:15:46.531849Z[0m [34mDEBUG[0m [1;34mspotledger_db::schema[0m[34m: [34mDEFINE TABLE done, [1;34mdoctype[0m[34m: UserType[0m
    [2;3mat[0m crates\spotledger-db\src\schema.rs:111

  [2m2026-04-19T18:15:46.566334Z[0m [32m INFO[0m [1;32mspotledger_db::schema[0m[32m: [32mSchema DDL synced (Phase 1), [1;32mdoctype[0m[32m: UserType, [1;32mtable[0m[32m: tabUserType[0m
    [2;3mat[0m crates\spotledger-db\src\schema.rs:208

  [2m2026-04-19T18:15:46.592923Z[0m [34mDEBUG[0m [1;34mspotledger_db::schema[0m[34m: [34mGraph meta records ensured (Phase 2), [1;34mdoctype[0m[34m: UserType[0m
    [2;3mat[0m crates\spotledger-db\src\schema.rs:551

  [2m2026-04-19T18:15:46.595557Z[0m [34mDEBUG[0m [1;34mspotledger_db::schema[0m[34m: [34mDEFINE TABLE done, [1;34mdoctype[0m[34m: UserGroup[0m
    [2;3mat[0m crates\spotledger-db\src\schema.rs:111

  [2m2026-04-19T18:15:46.629599Z[0m [32m INFO[0m [1;32mspotledger_db::schema[0m[32m: [32mSchema DDL synced (Phase 1), [1;32mdoctype[0m[32m: UserGroup, [1;32mtable[0m[32m: tabUserGroup[0m
    [2;3mat[0m crates\spotledger-db\src\schema.rs:208

  [2m2026-04-19T18:15:46.653681Z[0m [34mDEBUG[0m [1;34mspotledger_db::schema[0m[34m: [34mGraph meta records ensured (Phase 2), [1;34mdoctype[0m[34m: UserGroup[0m
    [2;3mat[0m crates\spotledger-db\src\schema.rs:551

  [2m2026-04-19T18:15:46.656370Z[0m [34mDEBUG[0m [1;34mspotledger_db::schema[0m[34m: [34mDEFINE TABLE done, [1;34mdoctype[0m[34m: UserGroupMember[0m
    [2;3mat[0m crates\spotledger-db\src\schema.rs:111

  [2m2026-04-19T18:15:46.700484Z[0m [32m INFO[0m [1;32mspotledger_db::schema[0m[32m: [32mSchema DDL synced (Phase 1), [1;32mdoctype[0m[32m: UserGroupMember, [1;32mtable[0m[32m: tabUserGroupMember[0m
    [2;3mat[0m crates\spotledger-db\src\schema.rs:208

  [2m2026-04-19T18:15:46.734740Z[0m [34mDEBUG[0m [1;34mspotledger_db::schema[0m[34m: [34mGraph meta records ensured (Phase 2), [1;34mdoctype[0m[34m: UserGroupMember[0m
    [2;3mat[0m crates\spotledger-db\src\schema.rs:551

  [2m2026-04-19T18:15:46.737820Z[0m [34mDEBUG[0m [1;34mspotledger_db::schema[0m[34m: [34mDEFINE TABLE done, [1;34mdoctype[0m[34m: Role[0m
    [2;3mat[0m crates\spotledger-db\src\schema.rs:111

  [2m2026-04-19T18:15:46.779802Z[0m [32m INFO[0m [1;32mspotledger_db::schema[0m[32m: [32mSchema DDL synced (Phase 1), [1;32mdoctype[0m[32m: Role, [1;32mtable[0m[32m: tabRole[0m
    [2;3mat[0m crates\spotledger-db\src\schema.rs:208

  [2m2026-04-19T18:15:46.816026Z[0m [34mDEBUG[0m [1;34mspotledger_db::schema[0m[34m: [34mGraph meta records ensured (Phase 2), [1;34mdoctype[0m[34m: Role[0m
    [2;3mat[0m crates\spotledger-db\src\schema.rs:551

  [2m2026-04-19T18:15:46.820021Z[0m [34mDEBUG[0m [1;34mspotledger_db::schema[0m[34m: [34mDEFINE TABLE done, [1;34mdoctype[0m[34m: HasRole[0m
    [2;3mat[0m crates\spotledger-db\src\schema.rs:111

  [2m2026-04-19T18:15:46.864289Z[0m [32m INFO[0m [1;32mspotledger_db::schema[0m[32m: [32mSchema DDL synced (Phase 1), [1;32mdoctype[0m[32m: HasRole, [1;32mtable[0m[32m: tabHasRole[0m
    [2;3mat[0m crates\spotledger-db\src\schema.rs:208

  [2m2026-04-19T18:15:46.900381Z[0m [34mDEBUG[0m [1;34mspotledger_db::schema[0m[34m: [34mGraph meta records ensured (Phase 2), [1;34mdoctype[0m[34m: HasRole[0m
    [2;3mat[0m crates\spotledger-db\src\schema.rs:551

  [2m2026-04-19T18:15:46.901228Z[0m [32m INFO[0m [1;32mspotledger_http::server[0m[32m: [32mSchema sync complete, [1;32msite[0m[32m: verify_install_only[0m
    [2;3mat[0m crates\spotledger-http\src\server.rs:231

  [2m2026-04-19T18:15:46.938636Z[0m [34mDEBUG[0m [1;34mspotledger_db::schema[0m[34m: [34msync_user: fields loaded, [1;34mdoctype[0m[34m: Address, [1;34mfield_count[0m[34m: 16[0m
    [2;3mat[0m crates\spotledger-db\src\schema.rs:689

  [2m2026-04-19T18:15:46.939055Z[0m [34mDEBUG[0m [1;34mspotledger_db::schema[0m[34m: [34msync_user: executing field DDL, [1;34mdoctype[0m[34m: Address, [1;34mfield[0m[34m: address_title, [1;34msql[0m[34m: DEFINE FIELD OVERWRITE `address_title` ON TABLE `tabAddress` TYPE option<string> PERMISSIONS FULL;[0m
    [2;3mat[0m crates\spotledger-db\src\schema.rs:741

  [2m2026-04-19T18:15:46.942248Z[0m [34mDEBUG[0m [1;34mspotledger_db::schema[0m[34m: [34msync_user: field DDL ok, [1;34mdoctype[0m[34m: Address, [1;34mfield[0m[34m: address_title[0m
    [2;3mat[0m crates\spotledger-db\src\schema.rs:746

  [2m2026-04-19T18:15:46.942721Z[0m [34mDEBUG[0m [1;34mspotledger_db::schema[0m[34m: [34msync_user: executing field DDL, [1;34mdoctype[0m[34m: Address, [1;34mfield[0m[34m: address_type, [1;34msql[0m[34m: DEFINE FIELD OVERWRITE `address_type` ON TABLE `tabAddress` TYPE option<string> PERMISSIONS FULL;[0m
    [2;3mat[0m crates\spotledger-db\src\schema.rs:741

  [2m2026-04-19T18:15:46.945618Z[0m [34mDEBUG[0m [1;34mspotledger_db::schema[0m[34m: [34msync_user: field DDL ok, [1;34mdoctype[0m[34m: Address, [1;34mfield[0m[34m: address_type[0m
    [2;3mat[0m crates\spotledger-db\src\schema.rs:746

  [2m2026-04-19T18:15:46.946080Z[0m [34mDEBUG[0m [1;34mspotledger_db::schema[0m[34m: [34msync_user: executing field DDL, [1;34mdoctype[0m[34m: Address, [1;34mfield[0m[34m: address_line1, [1;34msql[0m[34m: DEFINE FIELD OVERWRITE `address_line1` ON TABLE `tabAddress` TYPE option<string> PERMISSIONS FULL;[0m
    [2;3mat[0m crates\spotledger-db\src\schema.rs:741

  [2m2026-04-19T18:15:46.949085Z[0m [34mDEBUG[0m [1;34mspotledger_db::schema[0m[34m: [34msync_user: field DDL ok, [1;34mdoctype[0m[34m: Address, [1;34mfield[0m[34m: address_line1[0m
    [2;3mat[0m crates\spotledger-db\src\schema.rs:746

  [2m2026-04-19T18:15:46.951293Z[0m [34mDEBUG[0m [1;34mspotledger_db::schema[0m[34m: [34msync_user: executing field DDL, [1;34mdoctype[0m[34m: Address, [1;34mfield[0m[34m: address_line2, [1;34msql[0m[34m: DEFINE FIELD OVERWRITE `address_line2` ON TABLE `tabAddress` TYPE option<string> PERMISSIONS FULL;[0m
    [2;3mat[0m crates\spotledger-db\src\schema.rs:741

  [2m2026-04-19T18:15:46.955782Z[0m [34mDEBUG[0m [1;34mspotledger_db::schema[0m[34m: [34msync_user: field DDL ok, [1;34mdoctype[0m[34m: Address, [1;34mfield[0m[34m: address_line2[0m
    [2;3mat[0m crates\spotledger-db\src\schema.rs:746

  [2m2026-04-19T18:15:46.956316Z[0m [34mDEBUG[0m [1;34mspotledger_db::schema[0m[34m: [34msync_user: executing field DDL, [1;34mdoctype[0m[34m: Address, [1;34mfield[0m[34m: city, [1;34msql[0m[34m: DEFINE FIELD OVERWRITE `city` ON TABLE `tabAddress` TYPE option<string> PERMISSIONS FULL;[0m
    [2;3mat[0m crates\spotledger-db\src\schema.rs:741

  [2m2026-04-19T18:15:46.959214Z[0m [34mDEBUG[0m [1;34mspotledger_db::schema[0m[34m: [34msync_user: field DDL ok, [1;34mdoctype[0m[34m: Address, [1;34mfield[0m[34m: city[0m
    [2;3mat[0m crates\spotledger-db\src\schema.rs:746

  [2m2026-04-19T18:15:46.959783Z[0m [34mDEBUG[0m [1;34mspotledger_db::schema[0m[34m: [34msync_user: executing field DDL, [1;34mdoctype[0m[34m: Address, [1;34mfield[0m[34m: county, [1;34msql[0m[34m: DEFINE FIELD OVERWRITE `county` ON TABLE `tabAddress` TYPE option<string> PERMISSIONS FULL;[0m
    [2;3mat[0m crates\spotledger-db\src\schema.rs:741

  [2m2026-04-19T18:15:46.962712Z[0m [34mDEBUG[0m [1;34mspotledger_db::schema[0m[34m: [34msync_user: field DDL ok, [1;34mdoctype[0m[34m: Address, [1;34mfield[0m[34m: county[0m
    [2;3mat[0m crates\spotledger-db\src\schema.rs:746

  [2m2026-04-19T18:15:46.963049Z[0m [34mDEBUG[0m [1;34mspotledger_db::schema[0m[34m: [34msync_user: executing field DDL, [1;34mdoctype[0m[34m: Address, [1;34mfield[0m[34m: state, [1;34msql[0m[34m: DEFINE FIELD OVERWRITE `state` ON TABLE `tabAddress` TYPE option<string> PERMISSIONS FULL;[0m
    [2;3mat[0m crates\spotledger-db\src\schema.rs:741

  [2m2026-04-19T18:15:46.967815Z[0m [34mDEBUG[0m [1;34mspotledger_db::schema[0m[34m: [34msync_user: field DDL ok, [1;34mdoctype[0m[34m: Address, [1;34mfield[0m[34m: state[0m
    [2;3mat[0m crates\spotledger-db\src\schema.rs:746

  [2m2026-04-19T18:15:46.968723Z[0m [34mDEBUG[0m [1;34mspotledger_db::schema[0m[34m: [34msync_user: executing field DDL, [1;34mdoctype[0m[34m: Address, [1;34mfield[0m[34m: country, [1;34msql[0m[34m: DEFINE FIELD OVERWRITE `country` ON TABLE `tabAddress` TYPE option<string> PERMISSIONS FULL;[0m
    [2;3mat[0m crates\spotledger-db\src\schema.rs:741

  [2m2026-04-19T18:15:46.971976Z[0m [34mDEBUG[0m [1;34mspotledger_db::schema[0m[34m: [34msync_user: field DDL ok, [1;34mdoctype[0m[34m: Address, [1;34mfield[0m[34m: country[0m
    [2;3mat[0m crates\spotledger-db\src\schema.rs:746

  [2m2026-04-19T18:15:46.972360Z[0m [34mDEBUG[0m [1;34mspotledger_db::schema[0m[34m: [34msync_user: executing field DDL, [1;34mdoctype[0m[34m: Address, [1;34mfield[0m[34m: pincode, [1;34msql[0m[34m: DEFINE FIELD OVERWRITE `pincode` ON TABLE `tabAddress` TYPE option<string> PERMISSIONS FULL;[0m
    [2;3mat[0m crates\spotledger-db\src\schema.rs:741

  [2m2026-04-19T18:15:46.975454Z[0m [34mDEBUG[0m [1;34mspotledger_db::schema[0m[34m: [34msync_user: field DDL ok, [1;34mdoctype[0m[34m: Address, [1;34mfield[0m[34m: pincode[0m
    [2;3mat[0m crates\spotledger-db\src\schema.rs:746

  [2m2026-04-19T18:15:46.975956Z[0m [34mDEBUG[0m [1;34mspotledger_db::schema[0m[34m: [34msync_user: executing field DDL, [1;34mdoctype[0m[34m: Address, [1;34mfield[0m[34m: email_id, [1;34msql[0m[34m: DEFINE FIELD OVERWRITE `email_id` ON TABLE `tabAddress` TYPE option<string> PERMISSIONS FULL;[0m
    [2;3mat[0m crates\spotledger-db\src\schema.rs:741

  [2m2026-04-19T18:15:46.979072Z[0m [34mDEBUG[0m [1;34mspotledger_db::schema[0m[34m: [34msync_user: field DDL ok, [1;34mdoctype[0m[34m: Address, [1;34mfield[0m[34m: email_id[0m
    [2;3mat[0m crates\spotledger-db\src\schema.rs:746

  [2m2026-04-19T18:15:46.979460Z[0m [34mDEBUG[0m [1;34mspotledger_db::schema[0m[34m: [34msync_user: executing field DDL, [1;34mdoctype[0m[34m: Address, [1;34mfield[0m[34m: phone, [1;34msql[0m[34m: DEFINE FIELD OVERWRITE `phone` ON TABLE `tabAddress` TYPE option<string> PERMISSIONS FULL;[0m
    [2;3mat[0m crates\spotledger-db\src\schema.rs:741

  [2m2026-04-19T18:15:46.983532Z[0m [34mDEBUG[0m [1;34mspotledger_db::schema[0m[34m: [34msync_user: field DDL ok, [1;34mdoctype[0m[34m: Address, [1;34mfield[0m[34m: phone[0m
    [2;3mat[0m crates\spotledger-db\src\schema.rs:746

  [2m2026-04-19T18:15:46.984851Z[0m [34mDEBUG[0m [1;34mspotledger_db::schema[0m[34m: [34msync_user: executing field DDL, [1;34mdoctype[0m[34m: Address, [1;34mfield[0m[34m: fax, [1;34msql[0m[34m: DEFINE FIELD OVERWRITE `fax` ON TABLE `tabAddress` TYPE option<string> PERMISSIONS FULL;[0m
    [2;3mat[0m crates\spotledger-db\src\schema.rs:741

  [2m2026-04-19T18:15:46.988095Z[0m [34mDEBUG[0m [1;34mspotledger_db::schema[0m[34m: [34msync_user: field DDL ok, [1;34mdoctype[0m[34m: Address, [1;34mfield[0m[34m: fax[0m
    [2;3mat[0m crates\spotledger-db\src\schema.rs:746

  [2m2026-04-19T18:15:46.988512Z[0m [34mDEBUG[0m [1;34mspotledger_db::schema[0m[34m: [34msync_user: executing field DDL, [1;34mdoctype[0m[34m: Address, [1;34mfield[0m[34m: is_primary_address, [1;34msql[0m[34m: DEFINE FIELD OVERWRITE `is_primary_address` ON TABLE `tabAddress` TYPE none | int PERMISSIONS FULL DEFAULT 0;[0m
    [2;3mat[0m crates\spotledger-db\src\schema.rs:741

  [2m2026-04-19T18:15:46.991384Z[0m [34mDEBUG[0m [1;34mspotledger_db::schema[0m[34m: [34msync_user: field DDL ok, [1;34mdoctype[0m[34m: Address, [1;34mfield[0m[34m: is_primary_address[0m
    [2;3mat[0m crates\spotledger-db\src\schema.rs:746

  [2m2026-04-19T18:15:46.991845Z[0m [34mDEBUG[0m [1;34mspotledger_db::schema[0m[34m: [34msync_user: executing field DDL, [1;34mdoctype[0m[34m: Address, [1;34mfield[0m[34m: is_shipping_address, [1;34msql[0m[34m: DEFINE FIELD OVERWRITE `is_shipping_address` ON TABLE `tabAddress` TYPE none | int PERMISSIONS FULL DEFAULT 0;[0m
    [2;3mat[0m crates\spotledger-db\src\schema.rs:741

  [2m2026-04-19T18:15:46.994633Z[0m [34mDEBUG[0m [1;34mspotledger_db::schema[0m[34m: [34msync_user: field DDL ok, [1;34mdoctype[0m[34m: Address, [1;34mfield[0m[34m: is_shipping_address[0m
    [2;3mat[0m crates\spotledger-db\src\schema.rs:746

  [2m2026-04-19T18:15:46.995174Z[0m [34mDEBUG[0m [1;34mspotledger_db::schema[0m[34m: [34msync_user: executing field DDL, [1;34mdoctype[0m[34m: Address, [1;34mfield[0m[34m: disabled, [1;34msql[0m[34m: DEFINE FIELD OVERWRITE `disabled` ON TABLE `tabAddress` TYPE none | int PERMISSIONS FULL DEFAULT 0;[0m
    [2;3mat[0m crates\spotledger-db\src\schema.rs:741

  [2m2026-04-19T18:15:46.998603Z[0m [34mDEBUG[0m [1;34mspotledger_db::schema[0m[34m: [34msync_user: field DDL ok, [1;34mdoctype[0m[34m: Address, [1;34mfield[0m[34m: disabled[0m
    [2;3mat[0m crates\spotledger-db\src\schema.rs:746

  [2m2026-04-19T18:15:46.999032Z[0m [34mDEBUG[0m [1;34mspotledger_db::schema[0m[34m: [34msync_user: executing field DDL, [1;34mdoctype[0m[34m: Address, [1;34mfield[0m[34m: links, [1;34msql[0m[34m: DEFINE FIELD OVERWRITE `links` ON TABLE `tabAddress` TYPE array<any> PERMISSIONS FULL;[0m
    [2;3mat[0m crates\spotledger-db\src\schema.rs:741

  [2m2026-04-19T18:15:47.003599Z[0m [34mDEBUG[0m [1;34mspotledger_db::schema[0m[34m: [34msync_user: field DDL ok, [1;34mdoctype[0m[34m: Address, [1;34mfield[0m[34m: links[0m
    [2;3mat[0m crates\spotledger-db\src\schema.rs:746

  [2m2026-04-19T18:15:47.006350Z[0m [34mDEBUG[0m [1;34mspotledger_db::schema[0m[34m: [34msync_user: schema synced, [1;34mdoctype[0m[34m: Address[0m
    [2;3mat[0m crates\spotledger-db\src\schema.rs:762

  [2m2026-04-19T18:15:47.040060Z[0m [34mDEBUG[0m [1;34mspotledger_db::schema[0m[34m: [34msync_user: fields loaded, [1;34mdoctype[0m[34m: Auto Repeat, [1;34mfield_count[0m[34m: 18[0m
    [2;3mat[0m crates\spotledger-db\src\schema.rs:689

  [2m2026-04-19T18:15:47.040590Z[0m [34mDEBUG[0m [1;34mspotledger_db::schema[0m[34m: [34msync_user: executing field DDL, [1;34mdoctype[0m[34m: Auto Repeat, [1;34mfield[0m[34m: reference_doctype, [1;34msql[0m[34m: DEFINE FIELD OVERWRITE `reference_doctype` ON TABLE `tabAuto_Repeat` TYPE option<string> PERMISSIONS FULL;[0m
    [2;3mat[0m crates\spotledger-db\src\schema.rs:741

  [2m2026-04-19T18:15:47.043486Z[0m [34mDEBUG[0m [1;34mspotledger_db::schema[0m[34m: [34msync_user: field DDL ok, [1;34mdoctype[0m[34m: Auto Repeat, [1;34mfield[0m[34m: reference_doctype[0m
    [2;3mat[0m crates\spotledger-db\src\schema.rs:746

  [2m2026-04-19T18:15:47.043891Z[0m [34mDEBUG[0m [1;34mspotledger_db::schema[0m[34m: [34msync_user: executing field DDL, [1;34mdoctype[0m[34m: Auto Repeat, [1;34mfield[0m[34m: reference_document, [1;34msql[0m[34m: DEFINE FIELD OVERWRITE `reference_document` ON TABLE `tabAuto_Repeat` TYPE option<string> PERMISSIONS FULL;[0m
    [2;3mat[0m crates\spotledger-db\src\schema.rs:741

  [2m2026-04-19T18:15:47.046952Z[0m [34mDEBUG[0m [1;34mspotledger_db::schema[0m[34m: [34msync_user: field DDL ok, [1;34mdoctype[0m[34m: Auto Repeat, [1;34mfield[0m[34m: reference_document[0m
    [2;3mat[0m crates\spotledger-db\src\schema.rs:746

  [2m2026-04-19T18:15:47.047412Z[0m [34mDEBUG[0m [1;34mspotledger_db::schema[0m[34m: [34msync_user: executing field DDL, [1;34mdoctype[0m[34m: Auto Repeat, [1;34mfield[0m[34m: submit_on_creation, [1;34msql[0m[34m: DEFINE FIELD OVERWRITE `submit_on_creation` ON TABLE `tabAuto_Repeat` TYPE none | int PERMISSIONS FULL DEFAULT 0;[0m
    [2;3mat[0m crates\spotledger-db\src\schema.rs:741

  [2m2026-04-19T18:15:47.051762Z[0m [34mDEBUG[0m [1;34mspotledger_db::schema[0m[34m: [34msync_user: field DDL ok, [1;34mdoctype[0m[34m: Auto Repeat, [1;34mfield[0m[34m: submit_on_creation[0m
    [2;3mat[0m crates\spotledger-db\src\schema.rs:746

  [2m2026-04-19T18:15:47.052342Z[0m [34mDEBUG[0m [1;34mspotledger_db::schema[0m[34m: [34msync_user: executing field DDL, [1;34mdoctype[0m[34m: Auto Repeat, [1;34mfield[0m[34m: start_date, [1;34msql[0m[34m: DEFINE FIELD OVERWRITE `start_date` ON TABLE `tabAuto_Repeat` TYPE option<string> PERMISSIONS FULL;[0m
    [2;3mat[0m crates\spotledger-db\src\schema.rs:741

  [2m2026-04-19T18:15:47.055901Z[0m [34mDEBUG[0m [1;34mspotledger_db::schema[0m[34m: [34msync_user: field DDL ok, [1;34mdoctype[0m[34m: Auto Repeat, [1;34mfield[0m[34m: start_date[0m
    [2;3mat[0m crates\spotledger-db\src\schema.rs:746

  [2m2026-04-19T18:15:47.056411Z[0m [34mDEBUG[0m [1;34mspotledger_db::schema[0m[34m: [34msync_user: executing field DDL, [1;34mdoctype[0m[34m: Auto Repeat, [1;34mfield[0m[34m: end_date, [1;34msql[0m[34m: DEFINE FIELD OVERWRITE `end_date` ON TABLE `tabAuto_Repeat` TYPE option<string> PERMISSIONS FULL;[0m
    [2;3mat[0m crates\spotledger-db\src\schema.rs:741

  [2m2026-04-19T18:15:47.059220Z[0m [34mDEBUG[0m [1;34mspotledger_db::schema[0m[34m: [34msync_user: field DDL ok, [1;34mdoctype[0m[34m: Auto Repeat, [1;34mfield[0m[34m: end_date[0m
    [2;3mat[0m crates\spotledger-db\src\schema.rs:746

  [2m2026-04-19T18:15:47.059632Z[0m [34mDEBUG[0m [1;34mspotledger_db::schema[0m[34m: [34msync_user: executing field DDL, [1;34mdoctype[0m[34m: Auto Repeat, [1;34mfield[0m[34m: disabled, [1;34msql[0m[34m: DEFINE FIELD OVERWRITE `disabled` ON TABLE `tabAuto_Repeat` TYPE none | int PERMISSIONS FULL DEFAULT 0;[0m
    [2;3mat[0m crates\spotledger-db\src\schema.rs:741

  [2m2026-04-19T18:15:47.062882Z[0m [34mDEBUG[0m [1;34mspotledger_db::schema[0m[34m: [34msync_user: field DDL ok, [1;34mdoctype[0m[34m: Auto Repeat, [1;34mfield[0m[34m: disabled[0m
    [2;3mat[0m crates\spotledger-db\src\schema.rs:746

  [2m2026-04-19T18:15:47.063291Z[0m [34mDEBUG[0m [1;34mspotledger_db::schema[0m[34m: [34msync_user: executing field DDL, [1;34mdoctype[0m[34m: Auto Repeat, [1;34mfield[0m[34m: frequency, [1;34msql[0m[34m: DEFINE FIELD OVERWRITE `frequency` ON TABLE `tabAuto_Repeat` TYPE option<string> PERMISSIONS FULL;[0m
    [2;3mat[0m crates\spotledger-db\src\schema.rs:741

  [2m2026-04-19T18:15:47.067191Z[0m [34mDEBUG[0m [1;34mspotledger_db::schema[0m[34m: [34msync_user: field DDL ok, [1;34mdoctype[0m[34m: Auto Repeat, [1;34mfield[0m[34m: frequency[0m
    [2;3mat[0m crates\spotledger-db\src\schema.rs:746

  [2m2026-04-19T18:15:47.068291Z[0m [34mDEBUG[0m [1;34mspotledger_db::schema[0m[34m: [34msync_user: executing field DDL, [1;34mdoctype[0m[34m: Auto Repeat, [1;34mfield[0m[34m: repeat_on_day, [1;34msql[0m[34m: DEFINE FIELD OVERWRITE `repeat_on_day` ON TABLE `tabAuto_Repeat` TYPE none | int PERMISSIONS FULL;[0m
    [2;3mat[0m crates\spotledger-db\src\schema.rs:741

  [2m2026-04-19T18:15:47.072057Z[0m [34mDEBUG[0m [1;34mspotledger_db::schema[0m[34m: [34msync_user: field DDL ok, [1;34mdoctype[0m[34m: Auto Repeat, [1;34mfield[0m[34m: repeat_on_day[0m
    [2;3mat[0m crates\spotledger-db\src\schema.rs:746

  [2m2026-04-19T18:15:47.072478Z[0m [34mDEBUG[0m [1;34mspotledger_db::schema[0m[34m: [34msync_user: executing field DDL, [1;34mdoctype[0m[34m: Auto Repeat, [1;34mfield[0m[34m: repeat_on_last_day, [1;34msql[0m[34m: DEFINE FIELD OVERWRITE `repeat_on_last_day` ON TABLE `tabAuto_Repeat` TYPE none | int PERMISSIONS FULL DEFAULT 0;[0m
    [2;3mat[0m crates\spotledger-db\src\schema.rs:741

  [2m2026-04-19T18:15:47.075405Z[0m [34mDEBUG[0m [1;34mspotledger_db::schema[0m[34m: [34msync_user: field DDL ok, [1;34mdoctype[0m[34m: Auto Repeat, [1;34mfield[0m[34m: repeat_on_last_day[0m
    [2;3mat[0m crates\spotledger-db\src\schema.rs:746

  [2m2026-04-19T18:15:47.075936Z[0m [34mDEBUG[0m [1;34mspotledger_db::schema[0m[34m: [34msync_user: executing field DDL, [1;34mdoctype[0m[34m: Auto Repeat, [1;34mfield[0m[34m: next_schedule_date, [1;34msql[0m[34m: DEFINE FIELD OVERWRITE `next_schedule_date` ON TABLE `tabAuto_Repeat` TYPE option<string> PERMISSIONS FULL;[0m
    [2;3mat[0m crates\spotledger-db\src\schema.rs:741

  [2m2026-04-19T18:15:47.079432Z[0m [34mDEBUG[0m [1;34mspotledger_db::schema[0m[34m: [34msync_user: field DDL ok, [1;34mdoctype[0m[34m: Auto Repeat, [1;34mfield[0m[34m: next_schedule_date[0m
    [2;3mat[0m crates\spotledger-db\src\schema.rs:746

  [2m2026-04-19T18:15:47.079878Z[0m [34mDEBUG[0m [1;34mspotledger_db::schema[0m[34m: [34msync_user: executing field DDL, [1;34mdoctype[0m[34m: Auto Repeat, [1;34mfield[0m[34m: notify_by_email, [1;34msql[0m[34m: DEFINE FIELD OVERWRITE `notify_by_email` ON TABLE `tabAuto_Repeat` TYPE none | int PERMISSIONS FULL DEFAULT 0;[0m
    [2;3mat[0m crates\spotledger-db\src\schema.rs:741

  [2m2026-04-19T18:15:47.083635Z[0m [34mDEBUG[0m [1;34mspotledger_db::schema[0m[34m: [34msync_user: field DDL ok, [1;34mdoctype[0m[34m: Auto Repeat, [1;34mfield[0m[34m: notify_by_email[0m
    [2;3mat[0m crates\spotledger-db\src\schema.rs:746

  [2m2026-04-19T18:15:47.084306Z[0m [34mDEBUG[0m [1;34mspotledger_db::schema[0m[34m: [34msync_user: executing field DDL, [1;34mdoctype[0m[34m: Auto Repeat, [1;34mfield[0m[34m: recipients, [1;34msql[0m[34m: DEFINE FIELD OVERWRITE `recipients` ON TABLE `tabAuto_Repeat` TYPE option<string> PERMISSIONS FULL;[0m
    [2;3mat[0m crates\spotledger-db\src\schema.rs:741

  [2m2026-04-19T18:15:47.087855Z[0m [34mDEBUG[0m [1;34mspotledger_db::schema[0m[34m: [34msync_user: field DDL ok, [1;34mdoctype[0m[34m: Auto Repeat, [1;34mfield[0m[34m: recipients[0m
    [2;3mat[0m crates\spotledger-db\src\schema.rs:746

  [2m2026-04-19T18:15:47.088337Z[0m [34mDEBUG[0m [1;34mspotledger_db::schema[0m[34m: [34msync_user: executing field DDL, [1;34mdoctype[0m[34m: Auto Repeat, [1;34mfield[0m[34m: template, [1;34msql[0m[34m: DEFINE FIELD OVERWRITE `template` ON TABLE `tabAuto_Repeat` TYPE option<string> PERMISSIONS FULL;[0m
    [2;3mat[0m crates\spotledger-db\src\schema.rs:741

  [2m2026-04-19T18:15:47.091424Z[0m [34mDEBUG[0m [1;34mspotledger_db::schema[0m[34m: [34msync_user: field DDL ok, [1;34mdoctype[0m[34m: Auto Repeat, [1;34mfield[0m[34m: template[0m
    [2;3mat[0m crates\spotledger-db\src\schema.rs:746

  [2m2026-04-19T18:15:47.091820Z[0m [34mDEBUG[0m [1;34mspotledger_db::schema[0m[34m: [34msync_user: executing field DDL, [1;34mdoctype[0m[34m: Auto Repeat, [1;34mfield[0m[34m: subject, [1;34msql[0m[34m: DEFINE FIELD OVERWRITE `subject` ON TABLE `tabAuto_Repeat` TYPE option<string> PERMISSIONS FULL;[0m
    [2;3mat[0m crates\spotledger-db\src\schema.rs:741

  [2m2026-04-19T18:15:47.095239Z[0m [34mDEBUG[0m [1;34mspotledger_db::schema[0m[34m: [34msync_user: field DDL ok, [1;34mdoctype[0m[34m: Auto Repeat, [1;34mfield[0m[34m: subject[0m
    [2;3mat[0m crates\spotledger-db\src\schema.rs:746

  [2m2026-04-19T18:15:47.095961Z[0m [34mDEBUG[0m [1;34mspotledger_db::schema[0m[34m: [34msync_user: executing field DDL, [1;34mdoctype[0m[34m: Auto Repeat, [1;34mfield[0m[34m: message, [1;34msql[0m[34m: DEFINE FIELD OVERWRITE `message` ON TABLE `tabAuto_Repeat` TYPE option<string> PERMISSIONS FULL;[0m
    [2;3mat[0m crates\spotledger-db\src\schema.rs:741

  [2m2026-04-19T18:15:47.098990Z[0m [34mDEBUG[0m [1;34mspotledger_db::schema[0m[34m: [34msync_user: field DDL ok, [1;34mdoctype[0m[34m: Auto Repeat, [1;34mfield[0m[34m: message[0m
    [2;3mat[0m crates\spotledger-db\src\schema.rs:746

  [2m2026-04-19T18:15:47.100996Z[0m [34mDEBUG[0m [1;34mspotledger_db::schema[0m[34m: [34msync_user: executing field DDL, [1;34mdoctype[0m[34m: Auto Repeat, [1;34mfield[0m[34m: print_format, [1;34msql[0m[34m: DEFINE FIELD OVERWRITE `print_format` ON TABLE `tabAuto_Repeat` TYPE option<string> PERMISSIONS FULL;[0m
    [2;3mat[0m crates\spotledger-db\src\schema.rs:741

  [2m2026-04-19T18:15:47.104848Z[0m [34mDEBUG[0m [1;34mspotledger_db::schema[0m[34m: [34msync_user: field DDL ok, [1;34mdoctype[0m[34m: Auto Repeat, [1;34mfield[0m[34m: print_format[0m
    [2;3mat[0m crates\spotledger-db\src\schema.rs:746

  [2m2026-04-19T18:15:47.105362Z[0m [34mDEBUG[0m [1;34mspotledger_db::schema[0m[34m: [34msync_user: executing field DDL, [1;34mdoctype[0m[34m: Auto Repeat, [1;34mfield[0m[34m: status, [1;34msql[0m[34m: DEFINE FIELD OVERWRITE `status` ON TABLE `tabAuto_Repeat` TYPE option<string> PERMISSIONS FULL;[0m
    [2;3mat[0m crates\spotledger-db\src\schema.rs:741

  [2m2026-04-19T18:15:47.108408Z[0m [34mDEBUG[0m [1;34mspotledger_db::schema[0m[34m: [34msync_user: field DDL ok, [1;34mdoctype[0m[34m: Auto Repeat, [1;34mfield[0m[34m: status[0m
    [2;3mat[0m crates\spotledger-db\src\schema.rs:746

  [2m2026-04-19T18:15:47.109101Z[0m [34mDEBUG[0m [1;34mspotledger_db::schema[0m[34m: [34msync_user: executing field DDL, [1;34mdoctype[0m[34m: Auto Repeat, [1;34mfield[0m[34m: repeat_on_days, [1;34msql[0m[34m: DEFINE FIELD OVERWRITE `repeat_on_days` ON TABLE `tabAuto_Repeat` TYPE array<any> PERMISSIONS FULL;[0m
    [2;3mat[0m crates\spotledger-db\src\schema.rs:741

  [2m2026-04-19T18:15:47.113007Z[0m [34mDEBUG[0m [1;34mspotledger_db::schema[0m[34m: [34msync_user: field DDL ok, [1;34mdoctype[0m[34m: Auto Repeat, [1;34mfield[0m[34m: repeat_on_days[0m
    [2;3mat[0m crates\spotledger-db\src\schema.rs:746

  [2m2026-04-19T18:15:47.115530Z[0m [34mDEBUG[0m [1;34mspotledger_db::schema[0m[34m: [34msync_user: schema synced, [1;34mdoctype[0m[34m: Auto Repeat[0m
    [2;3mat[0m crates\spotledger-db\src\schema.rs:762

  [2m2026-04-19T18:15:47.149011Z[0m [34mDEBUG[0m [1;34mspotledger_db::schema[0m[34m: [34msync_user: fields loaded, [1;34mdoctype[0m[34m: Contact, [1;34mfield_count[0m[34m: 20[0m
    [2;3mat[0m crates\spotledger-db\src\schema.rs:689

  [2m2026-04-19T18:15:47.150791Z[0m [34mDEBUG[0m [1;34mspotledger_db::schema[0m[34m: [34msync_user: executing field DDL, [1;34mdoctype[0m[34m: Contact, [1;34mfield[0m[34m: first_name, [1;34msql[0m[34m: DEFINE FIELD OVERWRITE `first_name` ON TABLE `tabContact` TYPE option<string> PERMISSIONS FULL;[0m
    [2;3mat[0m crates\spotledger-db\src\schema.rs:741

  [2m2026-04-19T18:15:47.154550Z[0m [34mDEBUG[0m [1;34mspotledger_db::schema[0m[34m: [34msync_user: field DDL ok, [1;34mdoctype[0m[34m: Contact, [1;34mfield[0m[34m: first_name[0m
    [2;3mat[0m crates\spotledger-db\src\schema.rs:746

  [2m2026-04-19T18:15:47.155044Z[0m [34mDEBUG[0m [1;34mspotledger_db::schema[0m[34m: [34msync_user: executing field DDL, [1;34mdoctype[0m[34m: Contact, [1;34mfield[0m[34m: middle_name, [1;34msql[0m[34m: DEFINE FIELD OVERWRITE `middle_name` ON TABLE `tabContact` TYPE option<string> PERMISSIONS FULL;[0m
    [2;3mat[0m crates\spotledger-db\src\schema.rs:741

  [2m2026-04-19T18:15:47.158828Z[0m [34mDEBUG[0m [1;34mspotledger_db::schema[0m[34m: [34msync_user: field DDL ok, [1;34mdoctype[0m[34m: Contact, [1;34mfield[0m[34m: middle_name[0m
    [2;3mat[0m crates\spotledger-db\src\schema.rs:746

  [2m2026-04-19T18:15:47.159351Z[0m [34mDEBUG[0m [1;34mspotledger_db::schema[0m[34m: [34msync_user: executing field DDL, [1;34mdoctype[0m[34m: Contact, [1;34mfield[0m[34m: last_name, [1;34msql[0m[34m: DEFINE FIELD OVERWRITE `last_name` ON TABLE `tabContact` TYPE option<string> PERMISSIONS FULL;[0m
    [2;3mat[0m crates\spotledger-db\src\schema.rs:741

  [2m2026-04-19T18:15:47.162464Z[0m [34mDEBUG[0m [1;34mspotledger_db::schema[0m[34m: [34msync_user: field DDL ok, [1;34mdoctype[0m[34m: Contact, [1;34mfield[0m[34m: last_name[0m
    [2;3mat[0m crates\spotledger-db\src\schema.rs:746

  [2m2026-04-19T18:15:47.163045Z[0m [34mDEBUG[0m [1;34mspotledger_db::schema[0m[34m: [34msync_user: executing field DDL, [1;34mdoctype[0m[34m: Contact, [1;34mfield[0m[34m: full_name, [1;34msql[0m[34m: DEFINE FIELD OVERWRITE `full_name` ON TABLE `tabContact` TYPE option<string> PERMISSIONS FULL;[0m
    [2;3mat[0m crates\spotledger-db\src\schema.rs:741

  [2m2026-04-19T18:15:47.166857Z[0m [34mDEBUG[0m [1;34mspotledger_db::schema[0m[34m: [34msync_user: field DDL ok, [1;34mdoctype[0m[34m: Contact, [1;34mfield[0m[34m: full_name[0m
    [2;3mat[0m crates\spotledger-db\src\schema.rs:746

  [2m2026-04-19T18:15:47.167752Z[0m [34mDEBUG[0m [1;34mspotledger_db::schema[0m[34m: [34msync_user: executing field DDL, [1;34mdoctype[0m[34m: Contact, [1;34mfield[0m[34m: email_id, [1;34msql[0m[34m: DEFINE FIELD OVERWRITE `email_id` ON TABLE `tabContact` TYPE option<string> PERMISSIONS FULL;[0m
    [2;3mat[0m crates\spotledger-db\src\schema.rs:741

  [2m2026-04-19T18:15:47.171373Z[0m [34mDEBUG[0m [1;34mspotledger_db::schema[0m[34m: [34msync_user: field DDL ok, [1;34mdoctype[0m[34m: Contact, [1;34mfield[0m[34m: email_id[0m
    [2;3mat[0m crates\spotledger-db\src\schema.rs:746

  [2m2026-04-19T18:15:47.171776Z[0m [34mDEBUG[0m [1;34mspotledger_db::schema[0m[34m: [34msync_user: executing field DDL, [1;34mdoctype[0m[34m: Contact, [1;34mfield[0m[34m: user, [1;34msql[0m[34m: DEFINE FIELD OVERWRITE `user` ON TABLE `tabContact` TYPE option<string> PERMISSIONS FULL;[0m
    [2;3mat[0m crates\spotledger-db\src\schema.rs:741

  [2m2026-04-19T18:15:47.175439Z[0m [34mDEBUG[0m [1;34mspotledger_db::schema[0m[34m: [34msync_user: field DDL ok, [1;34mdoctype[0m[34m: Contact, [1;34mfield[0m[34m: user[0m
    [2;3mat[0m crates\spotledger-db\src\schema.rs:746

  [2m2026-04-19T18:15:47.175966Z[0m [34mDEBUG[0m [1;34mspotledger_db::schema[0m[34m: [34msync_user: executing field DDL, [1;34mdoctype[0m[34m: Contact, [1;34mfield[0m[34m: address, [1;34msql[0m[34m: DEFINE FIELD OVERWRITE `address` ON TABLE `tabContact` TYPE option<string> PERMISSIONS FULL;[0m
    [2;3mat[0m crates\spotledger-db\src\schema.rs:741

  [2m2026-04-19T18:15:47.179006Z[0m [34mDEBUG[0m [1;34mspotledger_db::schema[0m[34m: [34msync_user: field DDL ok, [1;34mdoctype[0m[34m: Contact, [1;34mfield[0m[34m: address[0m
    [2;3mat[0m crates\spotledger-db\src\schema.rs:746

  [2m2026-04-19T18:15:47.179430Z[0m [34mDEBUG[0m [1;34mspotledger_db::schema[0m[34m: [34msync_user: executing field DDL, [1;34mdoctype[0m[34m: Contact, [1;34mfield[0m[34m: status, [1;34msql[0m[34m: DEFINE FIELD OVERWRITE `status` ON TABLE `tabContact` TYPE option<string> PERMISSIONS FULL;[0m
    [2;3mat[0m crates\spotledger-db\src\schema.rs:741

  [2m2026-04-19T18:15:47.183406Z[0m [34mDEBUG[0m [1;34mspotledger_db::schema[0m[34m: [34msync_user: field DDL ok, [1;34mdoctype[0m[34m: Contact, [1;34mfield[0m[34m: status[0m
    [2;3mat[0m crates\spotledger-db\src\schema.rs:746

  [2m2026-04-19T18:15:47.184080Z[0m [34mDEBUG[0m [1;34mspotledger_db::schema[0m[34m: [34msync_user: executing field DDL, [1;34mdoctype[0m[34m: Contact, [1;34mfield[0m[34m: salutation, [1;34msql[0m[34m: DEFINE FIELD OVERWRITE `salutation` ON TABLE `tabContact` TYPE option<string> PERMISSIONS FULL;[0m
    [2;3mat[0m crates\spotledger-db\src\schema.rs:741

  [2m2026-04-19T18:15:47.187862Z[0m [34mDEBUG[0m [1;34mspotledger_db::schema[0m[34m: [34msync_user: field DDL ok, [1;34mdoctype[0m[34m: Contact, [1;34mfield[0m[34m: salutation[0m
    [2;3mat[0m crates\spotledger-db\src\schema.rs:746

  [2m2026-04-19T18:15:47.188293Z[0m [34mDEBUG[0m [1;34mspotledger_db::schema[0m[34m: [34msync_user: executing field DDL, [1;34mdoctype[0m[34m: Contact, [1;34mfield[0m[34m: gender, [1;34msql[0m[34m: DEFINE FIELD OVERWRITE `gender` ON TABLE `tabContact` TYPE option<string> PERMISSIONS FULL;[0m
    [2;3mat[0m crates\spotledger-db\src\schema.rs:741

  [2m2026-04-19T18:15:47.192314Z[0m [34mDEBUG[0m [1;34mspotledger_db::schema[0m[34m: [34msync_user: field DDL ok, [1;34mdoctype[0m[34m: Contact, [1;34mfield[0m[34m: gender[0m
    [2;3mat[0m crates\spotledger-db\src\schema.rs:746

  [2m2026-04-19T18:15:47.192901Z[0m [34mDEBUG[0m [1;34mspotledger_db::schema[0m[34m: [34msync_user: executing field DDL, [1;34mdoctype[0m[34m: Contact, [1;34mfield[0m[34m: phone, [1;34msql[0m[34m: DEFINE FIELD OVERWRITE `phone` ON TABLE `tabContact` TYPE option<string> PERMISSIONS FULL;[0m
    [2;3mat[0m crates\spotledger-db\src\schema.rs:741

  [2m2026-04-19T18:15:47.196128Z[0m [34mDEBUG[0m [1;34mspotledger_db::schema[0m[34m: [34msync_user: field DDL ok, [1;34mdoctype[0m[34m: Contact, [1;34mfield[0m[34m: phone[0m
    [2;3mat[0m crates\spotledger-db\src\schema.rs:746

  [2m2026-04-19T18:15:47.196620Z[0m [34mDEBUG[0m [1;34mspotledger_db::schema[0m[34m: [34msync_user: executing field DDL, [1;34mdoctype[0m[34m: Contact, [1;34mfield[0m[34m: mobile_no, [1;34msql[0m[34m: DEFINE FIELD OVERWRITE `mobile_no` ON TABLE `tabContact` TYPE option<string> PERMISSIONS FULL;[0m
    [2;3mat[0m crates\spotledger-db\src\schema.rs:741

  [2m2026-04-19T18:15:47.200137Z[0m [34mDEBUG[0m [1;34mspotledger_db::schema[0m[34m: [34msync_user: field DDL ok, [1;34mdoctype[0m[34m: Contact, [1;34mfield[0m[34m: mobile_no[0m
    [2;3mat[0m crates\spotledger-db\src\schema.rs:746

  [2m2026-04-19T18:15:47.200947Z[0m [34mDEBUG[0m [1;34mspotledger_db::schema[0m[34m: [34msync_user: executing field DDL, [1;34mdoctype[0m[34m: Contact, [1;34mfield[0m[34m: company_name, [1;34msql[0m[34m: DEFINE FIELD OVERWRITE `company_name` ON TABLE `tabContact` TYPE option<string> PERMISSIONS FULL;[0m
    [2;3mat[0m crates\spotledger-db\src\schema.rs:741

  [2m2026-04-19T18:15:47.204550Z[0m [34mDEBUG[0m [1;34mspotledger_db::schema[0m[34m: [34msync_user: field DDL ok, [1;34mdoctype[0m[34m: Contact, [1;34mfield[0m[34m: company_name[0m
    [2;3mat[0m crates\spotledger-db\src\schema.rs:746

  [2m2026-04-19T18:15:47.205284Z[0m [34mDEBUG[0m [1;34mspotledger_db::schema[0m[34m: [34msync_user: executing field DDL, [1;34mdoctype[0m[34m: Contact, [1;34mfield[0m[34m: designation, [1;34msql[0m[34m: DEFINE FIELD OVERWRITE `designation` ON TABLE `tabContact` TYPE option<string> PERMISSIONS FULL;[0m
    [2;3mat[0m crates\spotledger-db\src\schema.rs:741

  [2m2026-04-19T18:15:47.209094Z[0m [34mDEBUG[0m [1;34mspotledger_db::schema[0m[34m: [34msync_user: field DDL ok, [1;34mdoctype[0m[34m: Contact, [1;34mfield[0m[34m: designation[0m
    [2;3mat[0m crates\spotledger-db\src\schema.rs:746

  [2m2026-04-19T18:15:47.209674Z[0m [34mDEBUG[0m [1;34mspotledger_db::schema[0m[34m: [34msync_user: executing field DDL, [1;34mdoctype[0m[34m: Contact, [1;34mfield[0m[34m: department, [1;34msql[0m[34m: DEFINE FIELD OVERWRITE `department` ON TABLE `tabContact` TYPE option<string> PERMISSIONS FULL;[0m
    [2;3mat[0m crates\spotledger-db\src\schema.rs:741

  [2m2026-04-19T18:15:47.212998Z[0m [34mDEBUG[0m [1;34mspotledger_db::schema[0m[34m: [34msync_user: field DDL ok, [1;34mdoctype[0m[34m: Contact, [1;34mfield[0m[34m: department[0m
    [2;3mat[0m crates\spotledger-db\src\schema.rs:746

  [2m2026-04-19T18:15:47.213468Z[0m [34mDEBUG[0m [1;34mspotledger_db::schema[0m[34m: [34msync_user: executing field DDL, [1;34mdoctype[0m[34m: Contact, [1;34mfield[0m[34m: is_primary_contact, [1;34msql[0m[34m: DEFINE FIELD OVERWRITE `is_primary_contact` ON TABLE `tabContact` TYPE none | int PERMISSIONS FULL DEFAULT 0;[0m
    [2;3mat[0m crates\spotledger-db\src\schema.rs:741

  [2m2026-04-19T18:15:47.217604Z[0m [34mDEBUG[0m [1;34mspotledger_db::schema[0m[34m: [34msync_user: field DDL ok, [1;34mdoctype[0m[34m: Contact, [1;34mfield[0m[34m: is_primary_contact[0m
    [2;3mat[0m crates\spotledger-db\src\schema.rs:746

  [2m2026-04-19T18:15:47.218185Z[0m [34mDEBUG[0m [1;34mspotledger_db::schema[0m[34m: [34msync_user: executing field DDL, [1;34mdoctype[0m[34m: Contact, [1;34mfield[0m[34m: unsubscribed, [1;34msql[0m[34m: DEFINE FIELD OVERWRITE `unsubscribed` ON TABLE `tabContact` TYPE none | int PERMISSIONS FULL DEFAULT 0;[0m
    [2;3mat[0m crates\spotledger-db\src\schema.rs:741

  [2m2026-04-19T18:15:47.221776Z[0m [34mDEBUG[0m [1;34mspotledger_db::schema[0m[34m: [34msync_user: field DDL ok, [1;34mdoctype[0m[34m: Contact, [1;34mfield[0m[34m: unsubscribed[0m
    [2;3mat[0m crates\spotledger-db\src\schema.rs:746

  [2m2026-04-19T18:15:47.222268Z[0m [34mDEBUG[0m [1;34mspotledger_db::schema[0m[34m: [34msync_user: executing field DDL, [1;34mdoctype[0m[34m: Contact, [1;34mfield[0m[34m: email_ids, [1;34msql[0m[34m: DEFINE FIELD OVERWRITE `email_ids` ON TABLE `tabContact` TYPE array<any> PERMISSIONS FULL;[0m
    [2;3mat[0m crates\spotledger-db\src\schema.rs:741

  [2m2026-04-19T18:15:47.225676Z[0m [34mDEBUG[0m [1;34mspotledger_db::schema[0m[34m: [34msync_user: field DDL ok, [1;34mdoctype[0m[34m: Contact, [1;34mfield[0m[34m: email_ids[0m
    [2;3mat[0m crates\spotledger-db\src\schema.rs:746

  [2m2026-04-19T18:15:47.226400Z[0m [34mDEBUG[0m [1;34mspotledger_db::schema[0m[34m: [34msync_user: executing field DDL, [1;34mdoctype[0m[34m: Contact, [1;34mfield[0m[34m: phone_nos, [1;34msql[0m[34m: DEFINE FIELD OVERWRITE `phone_nos` ON TABLE `tabContact` TYPE array<any> PERMISSIONS FULL;[0m
    [2;3mat[0m crates\spotledger-db\src\schema.rs:741

  [2m2026-04-19T18:15:47.229612Z[0m [34mDEBUG[0m [1;34mspotledger_db::schema[0m[34m: [34msync_user: field DDL ok, [1;34mdoctype[0m[34m: Contact, [1;34mfield[0m[34m: phone_nos[0m
    [2;3mat[0m crates\spotledger-db\src\schema.rs:746

  [2m2026-04-19T18:15:47.230014Z[0m [34mDEBUG[0m [1;34mspotledger_db::schema[0m[34m: [34msync_user: executing field DDL, [1;34mdoctype[0m[34m: Contact, [1;34mfield[0m[34m: links, [1;34msql[0m[34m: DEFINE FIELD OVERWRITE `links` ON TABLE `tabContact` TYPE array<any> PERMISSIONS FULL;[0m
    [2;3mat[0m crates\spotledger-db\src\schema.rs:741

  [2m2026-04-19T18:15:47.233993Z[0m [34mDEBUG[0m [1;34mspotledger_db::schema[0m[34m: [34msync_user: field DDL ok, [1;34mdoctype[0m[34m: Contact, [1;34mfield[0m[34m: links[0m
    [2;3mat[0m crates\spotledger-db\src\schema.rs:746

  [2m2026-04-19T18:15:47.237717Z[0m [34mDEBUG[0m [1;34mspotledger_db::schema[0m[34m: [34msync_user: schema synced, [1;34mdoctype[0m[34m: Contact[0m
    [2;3mat[0m crates\spotledger-db\src\schema.rs:762

  [2m2026-04-19T18:15:47.271070Z[0m [34mDEBUG[0m [1;34mspotledger_db::schema[0m[34m: [34msync_user: fields loaded, [1;34mdoctype[0m[34m: Country, [1;34mfield_count[0m[34m: 5[0m
    [2;3mat[0m crates\spotledger-db\src\schema.rs:689

  [2m2026-04-19T18:15:47.271592Z[0m [34mDEBUG[0m [1;34mspotledger_db::schema[0m[34m: [34msync_user: executing field DDL, [1;34mdoctype[0m[34m: Country, [1;34mfield[0m[34m: country_name, [1;34msql[0m[34m: DEFINE FIELD OVERWRITE `country_name` ON TABLE `tabCountry` TYPE option<string> PERMISSIONS FULL;[0m
    [2;3mat[0m crates\spotledger-db\src\schema.rs:741

  [2m2026-04-19T18:15:47.274781Z[0m [34mDEBUG[0m [1;34mspotledger_db::schema[0m[34m: [34msync_user: field DDL ok, [1;34mdoctype[0m[34m: Country, [1;34mfield[0m[34m: country_name[0m
    [2;3mat[0m crates\spotledger-db\src\schema.rs:746

  [2m2026-04-19T18:15:47.275268Z[0m [34mDEBUG[0m [1;34mspotledger_db::schema[0m[34m: [34msync_user: executing field DDL, [1;34mdoctype[0m[34m: Country, [1;34mfield[0m[34m: code, [1;34msql[0m[34m: DEFINE FIELD OVERWRITE `code` ON TABLE `tabCountry` TYPE option<string> PERMISSIONS FULL;[0m
    [2;3mat[0m crates\spotledger-db\src\schema.rs:741

  [2m2026-04-19T18:15:47.278161Z[0m [34mDEBUG[0m [1;34mspotledger_db::schema[0m[34m: [34msync_user: field DDL ok, [1;34mdoctype[0m[34m: Country, [1;34mfield[0m[34m: code[0m
    [2;3mat[0m crates\spotledger-db\src\schema.rs:746

  [2m2026-04-19T18:15:47.278681Z[0m [34mDEBUG[0m [1;34mspotledger_db::schema[0m[34m: [34msync_user: executing field DDL, [1;34mdoctype[0m[34m: Country, [1;34mfield[0m[34m: date_format, [1;34msql[0m[34m: DEFINE FIELD OVERWRITE `date_format` ON TABLE `tabCountry` TYPE option<string> PERMISSIONS FULL;[0m
    [2;3mat[0m crates\spotledger-db\src\schema.rs:741

  [2m2026-04-19T18:15:47.281491Z[0m [34mDEBUG[0m [1;34mspotledger_db::schema[0m[34m: [34msync_user: field DDL ok, [1;34mdoctype[0m[34m: Country, [1;34mfield[0m[34m: date_format[0m
    [2;3mat[0m crates\spotledger-db\src\schema.rs:746

  [2m2026-04-19T18:15:47.281891Z[0m [34mDEBUG[0m [1;34mspotledger_db::schema[0m[34m: [34msync_user: executing field DDL, [1;34mdoctype[0m[34m: Country, [1;34mfield[0m[34m: time_format, [1;34msql[0m[34m: DEFINE FIELD OVERWRITE `time_format` ON TABLE `tabCountry` TYPE option<string> PERMISSIONS FULL;[0m
    [2;3mat[0m crates\spotledger-db\src\schema.rs:741

  [2m2026-04-19T18:15:47.286024Z[0m [34mDEBUG[0m [1;34mspotledger_db::schema[0m[34m: [34msync_user: field DDL ok, [1;34mdoctype[0m[34m: Country, [1;34mfield[0m[34m: time_format[0m
    [2;3mat[0m crates\spotledger-db\src\schema.rs:746

  [2m2026-04-19T18:15:47.286807Z[0m [34mDEBUG[0m [1;34mspotledger_db::schema[0m[34m: [34msync_user: executing field DDL, [1;34mdoctype[0m[34m: Country, [1;34mfield[0m[34m: time_zones, [1;34msql[0m[34m: DEFINE FIELD OVERWRITE `time_zones` ON TABLE `tabCountry` TYPE option<string> PERMISSIONS FULL;[0m
    [2;3mat[0m crates\spotledger-db\src\schema.rs:741

  [2m2026-04-19T18:15:47.289893Z[0m [34mDEBUG[0m [1;34mspotledger_db::schema[0m[34m: [34msync_user: field DDL ok, [1;34mdoctype[0m[34m: Country, [1;34mfield[0m[34m: time_zones[0m
    [2;3mat[0m crates\spotledger-db\src\schema.rs:746

  [2m2026-04-19T18:15:47.292710Z[0m [34mDEBUG[0m [1;34mspotledger_db::schema[0m[34m: [34msync_user: schema synced, [1;34mdoctype[0m[34m: Country[0m
    [2;3mat[0m crates\spotledger-db\src\schema.rs:762

  [2m2026-04-19T18:15:47.325393Z[0m [34mDEBUG[0m [1;34mspotledger_db::schema[0m[34m: [34msync_user: fields loaded, [1;34mdoctype[0m[34m: Currency, [1;34mfield_count[0m[34m: 8[0m
    [2;3mat[0m crates\spotledger-db\src\schema.rs:689

  [2m2026-04-19T18:15:47.325974Z[0m [34mDEBUG[0m [1;34mspotledger_db::schema[0m[34m: [34msync_user: executing field DDL, [1;34mdoctype[0m[34m: Currency, [1;34mfield[0m[34m: currency_name, [1;34msql[0m[34m: DEFINE FIELD OVERWRITE `currency_name` ON TABLE `tabCurrency` TYPE option<string> PERMISSIONS FULL;[0m
    [2;3mat[0m crates\spotledger-db\src\schema.rs:741

  [2m2026-04-19T18:15:47.329126Z[0m [34mDEBUG[0m [1;34mspotledger_db::schema[0m[34m: [34msync_user: field DDL ok, [1;34mdoctype[0m[34m: Currency, [1;34mfield[0m[34m: currency_name[0m
    [2;3mat[0m crates\spotledger-db\src\schema.rs:746

  [2m2026-04-19T18:15:47.329557Z[0m [34mDEBUG[0m [1;34mspotledger_db::schema[0m[34m: [34msync_user: executing field DDL, [1;34mdoctype[0m[34m: Currency, [1;34mfield[0m[34m: enabled, [1;34msql[0m[34m: DEFINE FIELD OVERWRITE `enabled` ON TABLE `tabCurrency` TYPE none | int PERMISSIONS FULL DEFAULT 0;[0m
    [2;3mat[0m crates\spotledger-db\src\schema.rs:741

  [2m2026-04-19T18:15:47.334451Z[0m [34mDEBUG[0m [1;34mspotledger_db::schema[0m[34m: [34msync_user: field DDL ok, [1;34mdoctype[0m[34m: Currency, [1;34mfield[0m[34m: enabled[0m
    [2;3mat[0m crates\spotledger-db\src\schema.rs:746

  [2m2026-04-19T18:15:47.335013Z[0m [34mDEBUG[0m [1;34mspotledger_db::schema[0m[34m: [34msync_user: executing field DDL, [1;34mdoctype[0m[34m: Currency, [1;34mfield[0m[34m: fraction, [1;34msql[0m[34m: DEFINE FIELD OVERWRITE `fraction` ON TABLE `tabCurrency` TYPE option<string> PERMISSIONS FULL;[0m
    [2;3mat[0m crates\spotledger-db\src\schema.rs:741

  [2m2026-04-19T18:15:47.338793Z[0m [34mDEBUG[0m [1;34mspotledger_db::schema[0m[34m: [34msync_user: field DDL ok, [1;34mdoctype[0m[34m: Currency, [1;34mfield[0m[34m: fraction[0m
    [2;3mat[0m crates\spotledger-db\src\schema.rs:746

  [2m2026-04-19T18:15:47.339238Z[0m [34mDEBUG[0m [1;34mspotledger_db::schema[0m[34m: [34msync_user: executing field DDL, [1;34mdoctype[0m[34m: Currency, [1;34mfield[0m[34m: fraction_units, [1;34msql[0m[34m: DEFINE FIELD OVERWRITE `fraction_units` ON TABLE `tabCurrency` TYPE none | int PERMISSIONS FULL;[0m
    [2;3mat[0m crates\spotledger-db\src\schema.rs:741

  [2m2026-04-19T18:15:47.342282Z[0m [34mDEBUG[0m [1;34mspotledger_db::schema[0m[34m: [34msync_user: field DDL ok, [1;34mdoctype[0m[34m: Currency, [1;34mfield[0m[34m: fraction_units[0m
    [2;3mat[0m crates\spotledger-db\src\schema.rs:746

  [2m2026-04-19T18:15:47.342829Z[0m [34mDEBUG[0m [1;34mspotledger_db::schema[0m[34m: [34msync_user: executing field DDL, [1;34mdoctype[0m[34m: Currency, [1;34mfield[0m[34m: smallest_currency_fraction_value, [1;34msql[0m[34m: DEFINE FIELD OVERWRITE `smallest_currency_fraction_value` ON TABLE `tabCurrency` TYPE float PERMISSIONS FULL;[0m
    [2;3mat[0m crates\spotledger-db\src\schema.rs:741

  [2m2026-04-19T18:15:47.346235Z[0m [34mDEBUG[0m [1;34mspotledger_db::schema[0m[34m: [34msync_user: field DDL ok, [1;34mdoctype[0m[34m: Currency, [1;34mfield[0m[34m: smallest_currency_fraction_value[0m
    [2;3mat[0m crates\spotledger-db\src\schema.rs:746

  [2m2026-04-19T18:15:47.346756Z[0m [34mDEBUG[0m [1;34mspotledger_db::schema[0m[34m: [34msync_user: executing field DDL, [1;34mdoctype[0m[34m: Currency, [1;34mfield[0m[34m: symbol, [1;34msql[0m[34m: DEFINE FIELD OVERWRITE `symbol` ON TABLE `tabCurrency` TYPE option<string> PERMISSIONS FULL;[0m
    [2;3mat[0m crates\spotledger-db\src\schema.rs:741

  [2m2026-04-19T18:15:47.351503Z[0m [34mDEBUG[0m [1;34mspotledger_db::schema[0m[34m: [34msync_user: field DDL ok, [1;34mdoctype[0m[34m: Currency, [1;34mfield[0m[34m: symbol[0m
    [2;3mat[0m crates\spotledger-db\src\schema.rs:746

  [2m2026-04-19T18:15:47.352114Z[0m [34mDEBUG[0m [1;34mspotledger_db::schema[0m[34m: [34msync_user: executing field DDL, [1;34mdoctype[0m[34m: Currency, [1;34mfield[0m[34m: symbol_on_right, [1;34msql[0m[34m: DEFINE FIELD OVERWRITE `symbol_on_right` ON TABLE `tabCurrency` TYPE none | int PERMISSIONS FULL DEFAULT 0;[0m
    [2;3mat[0m crates\spotledger-db\src\schema.rs:741

  [2m2026-04-19T18:15:47.355738Z[0m [34mDEBUG[0m [1;34mspotledger_db::schema[0m[34m: [34msync_user: field DDL ok, [1;34mdoctype[0m[34m: Currency, [1;34mfield[0m[34m: symbol_on_right[0m
    [2;3mat[0m crates\spotledger-db\src\schema.rs:746

  [2m2026-04-19T18:15:47.356174Z[0m [34mDEBUG[0m [1;34mspotledger_db::schema[0m[34m: [34msync_user: executing field DDL, [1;34mdoctype[0m[34m: Currency, [1;34mfield[0m[34m: number_format, [1;34msql[0m[34m: DEFINE FIELD OVERWRITE `number_format` ON TABLE `tabCurrency` TYPE option<string> PERMISSIONS FULL;[0m
    [2;3mat[0m crates\spotledger-db\src\schema.rs:741

  [2m2026-04-19T18:15:47.359251Z[0m [34mDEBUG[0m [1;34mspotledger_db::schema[0m[34m: [34msync_user: field DDL ok, [1;34mdoctype[0m[34m: Currency, [1;34mfield[0m[34m: number_format[0m
    [2;3mat[0m crates\spotledger-db\src\schema.rs:746

  [2m2026-04-19T18:15:47.361920Z[0m [34mDEBUG[0m [1;34mspotledger_db::schema[0m[34m: [34msync_user: schema synced, [1;34mdoctype[0m[34m: Currency[0m
    [2;3mat[0m crates\spotledger-db\src\schema.rs:762

  [2m2026-04-19T18:15:47.402039Z[0m [34mDEBUG[0m [1;34mspotledger_db::schema[0m[34m: [34msync_user: fields loaded, [1;34mdoctype[0m[34m: Email Account, [1;34mfield_count[0m[34m: 26[0m
    [2;3mat[0m crates\spotledger-db\src\schema.rs:689

  [2m2026-04-19T18:15:47.402574Z[0m [34mDEBUG[0m [1;34mspotledger_db::schema[0m[34m: [34msync_user: executing field DDL, [1;34mdoctype[0m[34m: Email Account, [1;34mfield[0m[34m: email_id, [1;34msql[0m[34m: DEFINE FIELD OVERWRITE `email_id` ON TABLE `tabEmail_Account` TYPE option<string> PERMISSIONS FULL;[0m
    [2;3mat[0m crates\spotledger-db\src\schema.rs:741

  [2m2026-04-19T18:15:47.406180Z[0m [34mDEBUG[0m [1;34mspotledger_db::schema[0m[34m: [34msync_user: field DDL ok, [1;34mdoctype[0m[34m: Email Account, [1;34mfield[0m[34m: email_id[0m
    [2;3mat[0m crates\spotledger-db\src\schema.rs:746

  [2m2026-04-19T18:15:47.406752Z[0m [34mDEBUG[0m [1;34mspotledger_db::schema[0m[34m: [34msync_user: executing field DDL, [1;34mdoctype[0m[34m: Email Account, [1;34mfield[0m[34m: email_account_name, [1;34msql[0m[34m: DEFINE FIELD OVERWRITE `email_account_name` ON TABLE `tabEmail_Account` TYPE option<string> PERMISSIONS FULL;[0m
    [2;3mat[0m crates\spotledger-db\src\schema.rs:741

  [2m2026-04-19T18:15:47.410082Z[0m [34mDEBUG[0m [1;34mspotledger_db::schema[0m[34m: [34msync_user: field DDL ok, [1;34mdoctype[0m[34m: Email Account, [1;34mfield[0m[34m: email_account_name[0m
    [2;3mat[0m crates\spotledger-db\src\schema.rs:746

  [2m2026-04-19T18:15:47.410554Z[0m [34mDEBUG[0m [1;34mspotledger_db::schema[0m[34m: [34msync_user: executing field DDL, [1;34mdoctype[0m[34m: Email Account, [1;34mfield[0m[34m: service, [1;34msql[0m[34m: DEFINE FIELD OVERWRITE `service` ON TABLE `tabEmail_Account` TYPE option<string> PERMISSIONS FULL;[0m
    [2;3mat[0m crates\spotledger-db\src\schema.rs:741

  [2m2026-04-19T18:15:47.413873Z[0m [34mDEBUG[0m [1;34mspotledger_db::schema[0m[34m: [34msync_user: field DDL ok, [1;34mdoctype[0m[34m: Email Account, [1;34mfield[0m[34m: service[0m
    [2;3mat[0m crates\spotledger-db\src\schema.rs:746

  [2m2026-04-19T18:15:47.414414Z[0m [34mDEBUG[0m [1;34mspotledger_db::schema[0m[34m: [34msync_user: executing field DDL, [1;34mdoctype[0m[34m: Email Account, [1;34mfield[0m[34m: domain, [1;34msql[0m[34m: DEFINE FIELD OVERWRITE `domain` ON TABLE `tabEmail_Account` TYPE option<string> PERMISSIONS FULL;[0m
    [2;3mat[0m crates\spotledger-db\src\schema.rs:741

  [2m2026-04-19T18:15:47.418657Z[0m [34mDEBUG[0m [1;34mspotledger_db::schema[0m[34m: [34msync_user: field DDL ok, [1;34mdoctype[0m[34m: Email Account, [1;34mfield[0m[34m: domain[0m
    [2;3mat[0m crates\spotledger-db\src\schema.rs:746

  [2m2026-04-19T18:15:47.419383Z[0m [34mDEBUG[0m [1;34mspotledger_db::schema[0m[34m: [34msync_user: executing field DDL, [1;34mdoctype[0m[34m: Email Account, [1;34mfield[0m[34m: login_id, [1;34msql[0m[34m: DEFINE FIELD OVERWRITE `login_id` ON TABLE `tabEmail_Account` TYPE option<string> PERMISSIONS FULL;[0m
    [2;3mat[0m crates\spotledger-db\src\schema.rs:741

  [2m2026-04-19T18:15:47.423000Z[0m [34mDEBUG[0m [1;34mspotledger_db::schema[0m[34m: [34msync_user: field DDL ok, [1;34mdoctype[0m[34m: Email Account, [1;34mfield[0m[34m: login_id[0m
    [2;3mat[0m crates\spotledger-db\src\schema.rs:746

  [2m2026-04-19T18:15:47.423378Z[0m [34mDEBUG[0m [1;34mspotledger_db::schema[0m[34m: [34msync_user: executing field DDL, [1;34mdoctype[0m[34m: Email Account, [1;34mfield[0m[34m: password, [1;34msql[0m[34m: DEFINE FIELD OVERWRITE `password` ON TABLE `tabEmail_Account` TYPE option<string> PERMISSIONS FULL;[0m
    [2;3mat[0m crates\spotledger-db\src\schema.rs:741

  [2m2026-04-19T18:15:47.426491Z[0m [34mDEBUG[0m [1;34mspotledger_db::schema[0m[34m: [34msync_user: field DDL ok, [1;34mdoctype[0m[34m: Email Account, [1;34mfield[0m[34m: password[0m
    [2;3mat[0m crates\spotledger-db\src\schema.rs:746

  [2m2026-04-19T18:15:47.427202Z[0m [34mDEBUG[0m [1;34mspotledger_db::schema[0m[34m: [34msync_user: executing field DDL, [1;34mdoctype[0m[34m: Email Account, [1;34mfield[0m[34m: enable_incoming, [1;34msql[0m[34m: DEFINE FIELD OVERWRITE `enable_incoming` ON TABLE `tabEmail_Account` TYPE none | int PERMISSIONS FULL DEFAULT 0;[0m
    [2;3mat[0m crates\spotledger-db\src\schema.rs:741

  [2m2026-04-19T18:15:47.430643Z[0m [34mDEBUG[0m [1;34mspotledger_db::schema[0m[34m: [34msync_user: field DDL ok, [1;34mdoctype[0m[34m: Email Account, [1;34mfield[0m[34m: enable_incoming[0m
    [2;3mat[0m crates\spotledger-db\src\schema.rs:746

  [2m2026-04-19T18:15:47.431138Z[0m [34mDEBUG[0m [1;34mspotledger_db::schema[0m[34m: [34msync_user: executing field DDL, [1;34mdoctype[0m[34m: Email Account, [1;34mfield[0m[34m: email_server, [1;34msql[0m[34m: DEFINE FIELD OVERWRITE `email_server` ON TABLE `tabEmail_Account` TYPE option<string> PERMISSIONS FULL;[0m
    [2;3mat[0m crates\spotledger-db\src\schema.rs:741

  [2m2026-04-19T18:15:47.435820Z[0m [34mDEBUG[0m [1;34mspotledger_db::schema[0m[34m: [34msync_user: field DDL ok, [1;34mdoctype[0m[34m: Email Account, [1;34mfield[0m[34m: email_server[0m
    [2;3mat[0m crates\spotledger-db\src\schema.rs:746

  [2m2026-04-19T18:15:47.436389Z[0m [34mDEBUG[0m [1;34mspotledger_db::schema[0m[34m: [34msync_user: executing field DDL, [1;34mdoctype[0m[34m: Email Account, [1;34mfield[0m[34m: use_imap, [1;34msql[0m[34m: DEFINE FIELD OVERWRITE `use_imap` ON TABLE `tabEmail_Account` TYPE none | int PERMISSIONS FULL DEFAULT 0;[0m
    [2;3mat[0m crates\spotledger-db\src\schema.rs:741

  [2m2026-04-19T18:15:47.439831Z[0m [34mDEBUG[0m [1;34mspotledger_db::schema[0m[34m: [34msync_user: field DDL ok, [1;34mdoctype[0m[34m: Email Account, [1;34mfield[0m[34m: use_imap[0m
    [2;3mat[0m crates\spotledger-db\src\schema.rs:746

  [2m2026-04-19T18:15:47.440301Z[0m [34mDEBUG[0m [1;34mspotledger_db::schema[0m[34m: [34msync_user: executing field DDL, [1;34mdoctype[0m[34m: Email Account, [1;34mfield[0m[34m: use_ssl, [1;34msql[0m[34m: DEFINE FIELD OVERWRITE `use_ssl` ON TABLE `tabEmail_Account` TYPE none | int PERMISSIONS FULL DEFAULT 0;[0m
    [2;3mat[0m crates\spotledger-db\src\schema.rs:741

  [2m2026-04-19T18:15:47.443600Z[0m [34mDEBUG[0m [1;34mspotledger_db::schema[0m[34m: [34msync_user: field DDL ok, [1;34mdoctype[0m[34m: Email Account, [1;34mfield[0m[34m: use_ssl[0m
    [2;3mat[0m crates\spotledger-db\src\schema.rs:746

  [2m2026-04-19T18:15:47.444009Z[0m [34mDEBUG[0m [1;34mspotledger_db::schema[0m[34m: [34msync_user: executing field DDL, [1;34mdoctype[0m[34m: Email Account, [1;34mfield[0m[34m: append_to, [1;34msql[0m[34m: DEFINE FIELD OVERWRITE `append_to` ON TABLE `tabEmail_Account` TYPE option<string> PERMISSIONS FULL;[0m
    [2;3mat[0m crates\spotledger-db\src\schema.rs:741

  [2m2026-04-19T18:15:47.447430Z[0m [34mDEBUG[0m [1;34mspotledger_db::schema[0m[34m: [34msync_user: field DDL ok, [1;34mdoctype[0m[34m: Email Account, [1;34mfield[0m[34m: append_to[0m
    [2;3mat[0m crates\spotledger-db\src\schema.rs:746

  [2m2026-04-19T18:15:47.447974Z[0m [34mDEBUG[0m [1;34mspotledger_db::schema[0m[34m: [34msync_user: executing field DDL, [1;34mdoctype[0m[34m: Email Account, [1;34mfield[0m[34m: default_incoming, [1;34msql[0m[34m: DEFINE FIELD OVERWRITE `default_incoming` ON TABLE `tabEmail_Account` TYPE none | int PERMISSIONS FULL DEFAULT 0;[0m
    [2;3mat[0m crates\spotledger-db\src\schema.rs:741

  [2m2026-04-19T18:15:47.453321Z[0m [34mDEBUG[0m [1;34mspotledger_db::schema[0m[34m: [34msync_user: field DDL ok, [1;34mdoctype[0m[34m: Email Account, [1;34mfield[0m[34m: default_incoming[0m
    [2;3mat[0m crates\spotledger-db\src\schema.rs:746

  [2m2026-04-19T18:15:47.453711Z[0m [34mDEBUG[0m [1;34mspotledger_db::schema[0m[34m: [34msync_user: executing field DDL, [1;34mdoctype[0m[34m: Email Account, [1;34mfield[0m[34m: enable_outgoing, [1;34msql[0m[34m: DEFINE FIELD OVERWRITE `enable_outgoing` ON TABLE `tabEmail_Account` TYPE none | int PERMISSIONS FULL DEFAULT 0;[0m
    [2;3mat[0m crates\spotledger-db\src\schema.rs:741

  [2m2026-04-19T18:15:47.456815Z[0m [34mDEBUG[0m [1;34mspotledger_db::schema[0m[34m: [34msync_user: field DDL ok, [1;34mdoctype[0m[34m: Email Account, [1;34mfield[0m[34m: enable_outgoing[0m
    [2;3mat[0m crates\spotledger-db\src\schema.rs:746

  [2m2026-04-19T18:15:47.457197Z[0m [34mDEBUG[0m [1;34mspotledger_db::schema[0m[34m: [34msync_user: executing field DDL, [1;34mdoctype[0m[34m: Email Account, [1;34mfield[0m[34m: smtp_server, [1;34msql[0m[34m: DEFINE FIELD OVERWRITE `smtp_server` ON TABLE `tabEmail_Account` TYPE option<string> PERMISSIONS FULL;[0m
    [2;3mat[0m crates\spotledger-db\src\schema.rs:741

  [2m2026-04-19T18:15:47.461041Z[0m [34mDEBUG[0m [1;34mspotledger_db::schema[0m[34m: [34msync_user: field DDL ok, [1;34mdoctype[0m[34m: Email Account, [1;34mfield[0m[34m: smtp_server[0m
    [2;3mat[0m crates\spotledger-db\src\schema.rs:746

  [2m2026-04-19T18:15:47.461511Z[0m [34mDEBUG[0m [1;34mspotledger_db::schema[0m[34m: [34msync_user: executing field DDL, [1;34mdoctype[0m[34m: Email Account, [1;34mfield[0m[34m: use_tls, [1;34msql[0m[34m: DEFINE FIELD OVERWRITE `use_tls` ON TABLE `tabEmail_Account` TYPE none | int PERMISSIONS FULL DEFAULT 0;[0m
    [2;3mat[0m crates\spotledger-db\src\schema.rs:741

  [2m2026-04-19T18:15:47.464689Z[0m [34mDEBUG[0m [1;34mspotledger_db::schema[0m[34m: [34msync_user: field DDL ok, [1;34mdoctype[0m[34m: Email Account, [1;34mfield[0m[34m: use_tls[0m
    [2;3mat[0m crates\spotledger-db\src\schema.rs:746

  [2m2026-04-19T18:15:47.465140Z[0m [34mDEBUG[0m [1;34mspotledger_db::schema[0m[34m: [34msync_user: executing field DDL, [1;34mdoctype[0m[34m: Email Account, [1;34mfield[0m[34m: smtp_port, [1;34msql[0m[34m: DEFINE FIELD OVERWRITE `smtp_port` ON TABLE `tabEmail_Account` TYPE option<string> PERMISSIONS FULL;[0m
    [2;3mat[0m crates\spotledger-db\src\schema.rs:741

  [2m2026-04-19T18:15:47.469902Z[0m [34mDEBUG[0m [1;34mspotledger_db::schema[0m[34m: [34msync_user: field DDL ok, [1;34mdoctype[0m[34m: Email Account, [1;34mfield[0m[34m: smtp_port[0m
    [2;3mat[0m crates\spotledger-db\src\schema.rs:746

  [2m2026-04-19T18:15:47.470471Z[0m [34mDEBUG[0m [1;34mspotledger_db::schema[0m[34m: [34msync_user: executing field DDL, [1;34mdoctype[0m[34m: Email Account, [1;34mfield[0m[34m: default_outgoing, [1;34msql[0m[34m: DEFINE FIELD OVERWRITE `default_outgoing` ON TABLE `tabEmail_Account` TYPE none | int PERMISSIONS FULL DEFAULT 0;[0m
    [2;3mat[0m crates\spotledger-db\src\schema.rs:741

  [2m2026-04-19T18:15:47.474543Z[0m [34mDEBUG[0m [1;34mspotledger_db::schema[0m[34m: [34msync_user: field DDL ok, [1;34mdoctype[0m[34m: Email Account, [1;34mfield[0m[34m: default_outgoing[0m
    [2;3mat[0m crates\spotledger-db\src\schema.rs:746

  [2m2026-04-19T18:15:47.475075Z[0m [34mDEBUG[0m [1;34mspotledger_db::schema[0m[34m: [34msync_user: executing field DDL, [1;34mdoctype[0m[34m: Email Account, [1;34mfield[0m[34m: send_unsubscribe_message, [1;34msql[0m[34m: DEFINE FIELD OVERWRITE `send_unsubscribe_message` ON TABLE `tabEmail_Account` TYPE none | int PERMISSIONS FULL DEFAULT 0;[0m
    [2;3mat[0m crates\spotledger-db\src\schema.rs:741

  [2m2026-04-19T18:15:47.478307Z[0m [34mDEBUG[0m [1;34mspotledger_db::schema[0m[34m: [34msync_user: field DDL ok, [1;34mdoctype[0m[34m: Email Account, [1;34mfield[0m[34m: send_unsubscribe_message[0m
    [2;3mat[0m crates\spotledger-db\src\schema.rs:746

  [2m2026-04-19T18:15:47.478729Z[0m [34mDEBUG[0m [1;34mspotledger_db::schema[0m[34m: [34msync_user: executing field DDL, [1;34mdoctype[0m[34m: Email Account, [1;34mfield[0m[34m: track_email_status, [1;34msql[0m[34m: DEFINE FIELD OVERWRITE `track_email_status` ON TABLE `tabEmail_Account` TYPE none | int PERMISSIONS FULL DEFAULT 0;[0m
    [2;3mat[0m crates\spotledger-db\src\schema.rs:741

  [2m2026-04-19T18:15:47.482294Z[0m [34mDEBUG[0m [1;34mspotledger_db::schema[0m[34m: [34msync_user: field DDL ok, [1;34mdoctype[0m[34m: Email Account, [1;34mfield[0m[34m: track_email_status[0m
    [2;3mat[0m crates\spotledger-db\src\schema.rs:746

  [2m2026-04-19T18:15:47.483909Z[0m [34mDEBUG[0m [1;34mspotledger_db::schema[0m[34m: [34msync_user: executing field DDL, [1;34mdoctype[0m[34m: Email Account, [1;34mfield[0m[34m: add_signature, [1;34msql[0m[34m: DEFINE FIELD OVERWRITE `add_signature` ON TABLE `tabEmail_Account` TYPE none | int PERMISSIONS FULL DEFAULT 0;[0m
    [2;3mat[0m crates\spotledger-db\src\schema.rs:741

  [2m2026-04-19T18:15:47.487588Z[0m [34mDEBUG[0m [1;34mspotledger_db::schema[0m[34m: [34msync_user: field DDL ok, [1;34mdoctype[0m[34m: Email Account, [1;34mfield[0m[34m: add_signature[0m
    [2;3mat[0m crates\spotledger-db\src\schema.rs:746

  [2m2026-04-19T18:15:47.488032Z[0m [34mDEBUG[0m [1;34mspotledger_db::schema[0m[34m: [34msync_user: executing field DDL, [1;34mdoctype[0m[34m: Email Account, [1;34mfield[0m[34m: signature, [1;34msql[0m[34m: DEFINE FIELD OVERWRITE `signature` ON TABLE `tabEmail_Account` TYPE option<string> PERMISSIONS FULL;[0m
    [2;3mat[0m crates\spotledger-db\src\schema.rs:741

  [2m2026-04-19T18:15:47.491604Z[0m [34mDEBUG[0m [1;34mspotledger_db::schema[0m[34m: [34msync_user: field DDL ok, [1;34mdoctype[0m[34m: Email Account, [1;34mfield[0m[34m: signature[0m
    [2;3mat[0m crates\spotledger-db\src\schema.rs:746

  [2m2026-04-19T18:15:47.492096Z[0m [34mDEBUG[0m [1;34mspotledger_db::schema[0m[34m: [34msync_user: executing field DDL, [1;34mdoctype[0m[34m: Email Account, [1;34mfield[0m[34m: enable_auto_reply, [1;34msql[0m[34m: DEFINE FIELD OVERWRITE `enable_auto_reply` ON TABLE `tabEmail_Account` TYPE none | int PERMISSIONS FULL DEFAULT 0;[0m
    [2;3mat[0m crates\spotledger-db\src\schema.rs:741

  [2m2026-04-19T18:15:47.495768Z[0m [34mDEBUG[0m [1;34mspotledger_db::schema[0m[34m: [34msync_user: field DDL ok, [1;34mdoctype[0m[34m: Email Account, [1;34mfield[0m[34m: enable_auto_reply[0m
    [2;3mat[0m crates\spotledger-db\src\schema.rs:746

  [2m2026-04-19T18:15:47.496396Z[0m [34mDEBUG[0m [1;34mspotledger_db::schema[0m[34m: [34msync_user: executing field DDL, [1;34mdoctype[0m[34m: Email Account, [1;34mfield[0m[34m: auto_reply_message, [1;34msql[0m[34m: DEFINE FIELD OVERWRITE `auto_reply_message` ON TABLE `tabEmail_Account` TYPE option<string> PERMISSIONS FULL;[0m
    [2;3mat[0m crates\spotledger-db\src\schema.rs:741

  [2m2026-04-19T18:15:47.500658Z[0m [34mDEBUG[0m [1;34mspotledger_db::schema[0m[34m: [34msync_user: field DDL ok, [1;34mdoctype[0m[34m: Email Account, [1;34mfield[0m[34m: auto_reply_message[0m
    [2;3mat[0m crates\spotledger-db\src\schema.rs:746

  [2m2026-04-19T18:15:47.501585Z[0m [34mDEBUG[0m [1;34mspotledger_db::schema[0m[34m: [34msync_user: executing field DDL, [1;34mdoctype[0m[34m: Email Account, [1;34mfield[0m[34m: auth_method, [1;34msql[0m[34m: DEFINE FIELD OVERWRITE `auth_method` ON TABLE `tabEmail_Account` TYPE option<string> PERMISSIONS FULL;[0m
    [2;3mat[0m crates\spotledger-db\src\schema.rs:741

  [2m2026-04-19T18:15:47.505226Z[0m [34mDEBUG[0m [1;34mspotledger_db::schema[0m[34m: [34msync_user: field DDL ok, [1;34mdoctype[0m[34m: Email Account, [1;34mfield[0m[34m: auth_method[0m
    [2;3mat[0m crates\spotledger-db\src\schema.rs:746

  [2m2026-04-19T18:15:47.506017Z[0m [34mDEBUG[0m [1;34mspotledger_db::schema[0m[34m: [34msync_user: executing field DDL, [1;34mdoctype[0m[34m: Email Account, [1;34mfield[0m[34m: connected_app, [1;34msql[0m[34m: DEFINE FIELD OVERWRITE `connected_app` ON TABLE `tabEmail_Account` TYPE option<string> PERMISSIONS FULL;[0m
    [2;3mat[0m crates\spotledger-db\src\schema.rs:741

  [2m2026-04-19T18:15:47.509558Z[0m [34mDEBUG[0m [1;34mspotledger_db::schema[0m[34m: [34msync_user: field DDL ok, [1;34mdoctype[0m[34m: Email Account, [1;34mfield[0m[34m: connected_app[0m
    [2;3mat[0m crates\spotledger-db\src\schema.rs:746

  [2m2026-04-19T18:15:47.509942Z[0m [34mDEBUG[0m [1;34mspotledger_db::schema[0m[34m: [34msync_user: executing field DDL, [1;34mdoctype[0m[34m: Email Account, [1;34mfield[0m[34m: connected_user, [1;34msql[0m[34m: DEFINE FIELD OVERWRITE `connected_user` ON TABLE `tabEmail_Account` TYPE option<string> PERMISSIONS FULL;[0m
    [2;3mat[0m crates\spotledger-db\src\schema.rs:741

  [2m2026-04-19T18:15:47.513138Z[0m [34mDEBUG[0m [1;34mspotledger_db::schema[0m[34m: [34msync_user: field DDL ok, [1;34mdoctype[0m[34m: Email Account, [1;34mfield[0m[34m: connected_user[0m
    [2;3mat[0m crates\spotledger-db\src\schema.rs:746

  [2m2026-04-19T18:15:47.517190Z[0m [34mDEBUG[0m [1;34mspotledger_db::schema[0m[34m: [34msync_user: schema synced, [1;34mdoctype[0m[34m: Email Account[0m
    [2;3mat[0m crates\spotledger-db\src\schema.rs:762

  [2m2026-04-19T18:15:47.549695Z[0m [34mDEBUG[0m [1;34mspotledger_db::schema[0m[34m: [34msync_user: fields loaded, [1;34mdoctype[0m[34m: Email Template, [1;34mfield_count[0m[34m: 4[0m
    [2;3mat[0m crates\spotledger-db\src\schema.rs:689

  [2m2026-04-19T18:15:47.551298Z[0m [34mDEBUG[0m [1;34mspotledger_db::schema[0m[34m: [34msync_user: executing field DDL, [1;34mdoctype[0m[34m: Email Template, [1;34mfield[0m[34m: subject, [1;34msql[0m[34m: DEFINE FIELD OVERWRITE `subject` ON TABLE `tabEmail_Template` TYPE option<string> PERMISSIONS FULL;[0m
    [2;3mat[0m crates\spotledger-db\src\schema.rs:741

  [2m2026-04-19T18:15:47.554996Z[0m [34mDEBUG[0m [1;34mspotledger_db::schema[0m[34m: [34msync_user: field DDL ok, [1;34mdoctype[0m[34m: Email Template, [1;34mfield[0m[34m: subject[0m
    [2;3mat[0m crates\spotledger-db\src\schema.rs:746

  [2m2026-04-19T18:15:47.555422Z[0m [34mDEBUG[0m [1;34mspotledger_db::schema[0m[34m: [34msync_user: executing field DDL, [1;34mdoctype[0m[34m: Email Template, [1;34mfield[0m[34m: response, [1;34msql[0m[34m: DEFINE FIELD OVERWRITE `response` ON TABLE `tabEmail_Template` TYPE option<string> PERMISSIONS FULL;[0m
    [2;3mat[0m crates\spotledger-db\src\schema.rs:741

  [2m2026-04-19T18:15:47.558495Z[0m [34mDEBUG[0m [1;34mspotledger_db::schema[0m[34m: [34msync_user: field DDL ok, [1;34mdoctype[0m[34m: Email Template, [1;34mfield[0m[34m: response[0m
    [2;3mat[0m crates\spotledger-db\src\schema.rs:746

  [2m2026-04-19T18:15:47.559059Z[0m [34mDEBUG[0m [1;34mspotledger_db::schema[0m[34m: [34msync_user: executing field DDL, [1;34mdoctype[0m[34m: Email Template, [1;34mfield[0m[34m: use_html, [1;34msql[0m[34m: DEFINE FIELD OVERWRITE `use_html` ON TABLE `tabEmail_Template` TYPE none | int PERMISSIONS FULL DEFAULT 0;[0m
    [2;3mat[0m crates\spotledger-db\src\schema.rs:741

  [2m2026-04-19T18:15:47.562668Z[0m [34mDEBUG[0m [1;34mspotledger_db::schema[0m[34m: [34msync_user: field DDL ok, [1;34mdoctype[0m[34m: Email Template, [1;34mfield[0m[34m: use_html[0m
    [2;3mat[0m crates\spotledger-db\src\schema.rs:746

  [2m2026-04-19T18:15:47.563076Z[0m [34mDEBUG[0m [1;34mspotledger_db::schema[0m[34m: [34msync_user: executing field DDL, [1;34mdoctype[0m[34m: Email Template, [1;34mfield[0m[34m: response_html, [1;34msql[0m[34m: DEFINE FIELD OVERWRITE `response_html` ON TABLE `tabEmail_Template` TYPE option<string> PERMISSIONS FULL;[0m
    [2;3mat[0m crates\spotledger-db\src\schema.rs:741

  [2m2026-04-19T18:15:47.566679Z[0m [34mDEBUG[0m [1;34mspotledger_db::schema[0m[34m: [34msync_user: field DDL ok, [1;34mdoctype[0m[34m: Email Template, [1;34mfield[0m[34m: response_html[0m
    [2;3mat[0m crates\spotledger-db\src\schema.rs:746

  [2m2026-04-19T18:15:47.570524Z[0m [34mDEBUG[0m [1;34mspotledger_db::schema[0m[34m: [34msync_user: schema synced, [1;34mdoctype[0m[34m: Email Template[0m
    [2;3mat[0m crates\spotledger-db\src\schema.rs:762

  [2m2026-04-19T18:15:47.605108Z[0m [34mDEBUG[0m [1;34mspotledger_db::schema[0m[34m: [34msync_user: fields loaded, [1;34mdoctype[0m[34m: Event, [1;34mfield_count[0m[34m: 25[0m
    [2;3mat[0m crates\spotledger-db\src\schema.rs:689

  [2m2026-04-19T18:15:47.605542Z[0m [34mDEBUG[0m [1;34mspotledger_db::schema[0m[34m: [34msync_user: executing field DDL, [1;34mdoctype[0m[34m: Event, [1;34mfield[0m[34m: subject, [1;34msql[0m[34m: DEFINE FIELD OVERWRITE `subject` ON TABLE `tabEvent` TYPE option<string> PERMISSIONS FULL;[0m
    [2;3mat[0m crates\spotledger-db\src\schema.rs:741

  [2m2026-04-19T18:15:47.608890Z[0m [34mDEBUG[0m [1;34mspotledger_db::schema[0m[34m: [34msync_user: field DDL ok, [1;34mdoctype[0m[34m: Event, [1;34mfield[0m[34m: subject[0m
    [2;3mat[0m crates\spotledger-db\src\schema.rs:746

  [2m2026-04-19T18:15:47.609445Z[0m [34mDEBUG[0m [1;34mspotledger_db::schema[0m[34m: [34msync_user: executing field DDL, [1;34mdoctype[0m[34m: Event, [1;34mfield[0m[34m: event_category, [1;34msql[0m[34m: DEFINE FIELD OVERWRITE `event_category` ON TABLE `tabEvent` TYPE option<string> PERMISSIONS FULL;[0m
    [2;3mat[0m crates\spotledger-db\src\schema.rs:741

  [2m2026-04-19T18:15:47.612867Z[0m [34mDEBUG[0m [1;34mspotledger_db::schema[0m[34m: [34msync_user: field DDL ok, [1;34mdoctype[0m[34m: Event, [1;34mfield[0m[34m: event_category[0m
    [2;3mat[0m crates\spotledger-db\src\schema.rs:746

  [2m2026-04-19T18:15:47.613407Z[0m [34mDEBUG[0m [1;34mspotledger_db::schema[0m[34m: [34msync_user: executing field DDL, [1;34mdoctype[0m[34m: Event, [1;34mfield[0m[34m: event_type, [1;34msql[0m[34m: DEFINE FIELD OVERWRITE `event_type` ON TABLE `tabEvent` TYPE option<string> PERMISSIONS FULL;[0m
    [2;3mat[0m crates\spotledger-db\src\schema.rs:741

  [2m2026-04-19T18:15:47.618128Z[0m [34mDEBUG[0m [1;34mspotledger_db::schema[0m[34m: [34msync_user: field DDL ok, [1;34mdoctype[0m[34m: Event, [1;34mfield[0m[34m: event_type[0m
    [2;3mat[0m crates\spotledger-db\src\schema.rs:746

  [2m2026-04-19T18:15:47.618905Z[0m [34mDEBUG[0m [1;34mspotledger_db::schema[0m[34m: [34msync_user: executing field DDL, [1;34mdoctype[0m[34m: Event, [1;34mfield[0m[34m: starts_on, [1;34msql[0m[34m: DEFINE FIELD OVERWRITE `starts_on` ON TABLE `tabEvent` TYPE option<datetime> PERMISSIONS FULL;[0m
    [2;3mat[0m crates\spotledger-db\src\schema.rs:741

  [2m2026-04-19T18:15:47.622842Z[0m [34mDEBUG[0m [1;34mspotledger_db::schema[0m[34m: [34msync_user: field DDL ok, [1;34mdoctype[0m[34m: Event, [1;34mfield[0m[34m: starts_on[0m
    [2;3mat[0m crates\spotledger-db\src\schema.rs:746

  [2m2026-04-19T18:15:47.623391Z[0m [34mDEBUG[0m [1;34mspotledger_db::schema[0m[34m: [34msync_user: executing field DDL, [1;34mdoctype[0m[34m: Event, [1;34mfield[0m[34m: ends_on, [1;34msql[0m[34m: DEFINE FIELD OVERWRITE `ends_on` ON TABLE `tabEvent` TYPE option<datetime> PERMISSIONS FULL;[0m
    [2;3mat[0m crates\spotledger-db\src\schema.rs:741

  [2m2026-04-19T18:15:47.626719Z[0m [34mDEBUG[0m [1;34mspotledger_db::schema[0m[34m: [34msync_user: field DDL ok, [1;34mdoctype[0m[34m: Event, [1;34mfield[0m[34m: ends_on[0m
    [2;3mat[0m crates\spotledger-db\src\schema.rs:746

  [2m2026-04-19T18:15:47.627203Z[0m [34mDEBUG[0m [1;34mspotledger_db::schema[0m[34m: [34msync_user: executing field DDL, [1;34mdoctype[0m[34m: Event, [1;34mfield[0m[34m: all_day, [1;34msql[0m[34m: DEFINE FIELD OVERWRITE `all_day` ON TABLE `tabEvent` TYPE none | int PERMISSIONS FULL DEFAULT 0;[0m
    [2;3mat[0m crates\spotledger-db\src\schema.rs:741

  [2m2026-04-19T18:15:47.630347Z[0m [34mDEBUG[0m [1;34mspotledger_db::schema[0m[34m: [34msync_user: field DDL ok, [1;34mdoctype[0m[34m: Event, [1;34mfield[0m[34m: all_day[0m
    [2;3mat[0m crates\spotledger-db\src\schema.rs:746

  [2m2026-04-19T18:15:47.630910Z[0m [34mDEBUG[0m [1;34mspotledger_db::schema[0m[34m: [34msync_user: executing field DDL, [1;34mdoctype[0m[34m: Event, [1;34mfield[0m[34m: color, [1;34msql[0m[34m: DEFINE FIELD OVERWRITE `color` ON TABLE `tabEvent` TYPE option<string> PERMISSIONS FULL;[0m
    [2;3mat[0m crates\spotledger-db\src\schema.rs:741

  [2m2026-04-19T18:15:47.635650Z[0m [34mDEBUG[0m [1;34mspotledger_db::schema[0m[34m: [34msync_user: field DDL ok, [1;34mdoctype[0m[34m: Event, [1;34mfield[0m[34m: color[0m
    [2;3mat[0m crates\spotledger-db\src\schema.rs:746

  [2m2026-04-19T18:15:47.636131Z[0m [34mDEBUG[0m [1;34mspotledger_db::schema[0m[34m: [34msync_user: executing field DDL, [1;34mdoctype[0m[34m: Event, [1;34mfield[0m[34m: description, [1;34msql[0m[34m: DEFINE FIELD OVERWRITE `description` ON TABLE `tabEvent` TYPE option<string> PERMISSIONS FULL;[0m
    [2;3mat[0m crates\spotledger-db\src\schema.rs:741

  [2m2026-04-19T18:15:47.640125Z[0m [34mDEBUG[0m [1;34mspotledger_db::schema[0m[34m: [34msync_user: field DDL ok, [1;34mdoctype[0m[34m: Event, [1;34mfield[0m[34m: description[0m
    [2;3mat[0m crates\spotledger-db\src\schema.rs:746

  [2m2026-04-19T18:15:47.640510Z[0m [34mDEBUG[0m [1;34mspotledger_db::schema[0m[34m: [34msync_user: executing field DDL, [1;34mdoctype[0m[34m: Event, [1;34mfield[0m[34m: send_reminder, [1;34msql[0m[34m: DEFINE FIELD OVERWRITE `send_reminder` ON TABLE `tabEvent` TYPE none | int PERMISSIONS FULL DEFAULT 0;[0m
    [2;3mat[0m crates\spotledger-db\src\schema.rs:741

  [2m2026-04-19T18:15:47.644074Z[0m [34mDEBUG[0m [1;34mspotledger_db::schema[0m[34m: [34msync_user: field DDL ok, [1;34mdoctype[0m[34m: Event, [1;34mfield[0m[34m: send_reminder[0m
    [2;3mat[0m crates\spotledger-db\src\schema.rs:746

  [2m2026-04-19T18:15:47.644513Z[0m [34mDEBUG[0m [1;34mspotledger_db::schema[0m[34m: [34msync_user: executing field DDL, [1;34mdoctype[0m[34m: Event, [1;34mfield[0m[34m: status, [1;34msql[0m[34m: DEFINE FIELD OVERWRITE `status` ON TABLE `tabEvent` TYPE option<string> PERMISSIONS FULL;[0m
    [2;3mat[0m crates\spotledger-db\src\schema.rs:741

  [2m2026-04-19T18:15:47.648061Z[0m [34mDEBUG[0m [1;34mspotledger_db::schema[0m[34m: [34msync_user: field DDL ok, [1;34mdoctype[0m[34m: Event, [1;34mfield[0m[34m: status[0m
    [2;3mat[0m crates\spotledger-db\src\schema.rs:746

  [2m2026-04-19T18:15:47.650262Z[0m [34mDEBUG[0m [1;34mspotledger_db::schema[0m[34m: [34msync_user: executing field DDL, [1;34mdoctype[0m[34m: Event, [1;34mfield[0m[34m: repeat_this_event, [1;34msql[0m[34m: DEFINE FIELD OVERWRITE `repeat_this_event` ON TABLE `tabEvent` TYPE none | int PERMISSIONS FULL DEFAULT 0;[0m
    [2;3mat[0m crates\spotledger-db\src\schema.rs:741

  [2m2026-04-19T18:15:47.654879Z[0m [34mDEBUG[0m [1;34mspotledger_db::schema[0m[34m: [34msync_user: field DDL ok, [1;34mdoctype[0m[34m: Event, [1;34mfield[0m[34m: repeat_this_event[0m
    [2;3mat[0m crates\spotledger-db\src\schema.rs:746

  [2m2026-04-19T18:15:47.655384Z[0m [34mDEBUG[0m [1;34mspotledger_db::schema[0m[34m: [34msync_user: executing field DDL, [1;34mdoctype[0m[34m: Event, [1;34mfield[0m[34m: repeat_on, [1;34msql[0m[34m: DEFINE FIELD OVERWRITE `repeat_on` ON TABLE `tabEvent` TYPE option<string> PERMISSIONS FULL;[0m
    [2;3mat[0m crates\spotledger-db\src\schema.rs:741

  [2m2026-04-19T18:15:47.658997Z[0m [34mDEBUG[0m [1;34mspotledger_db::schema[0m[34m: [34msync_user: field DDL ok, [1;34mdoctype[0m[34m: Event, [1;34mfield[0m[34m: repeat_on[0m
    [2;3mat[0m crates\spotledger-db\src\schema.rs:746

  [2m2026-04-19T18:15:47.659481Z[0m [34mDEBUG[0m [1;34mspotledger_db::schema[0m[34m: [34msync_user: executing field DDL, [1;34mdoctype[0m[34m: Event, [1;34mfield[0m[34m: repeat_till, [1;34msql[0m[34m: DEFINE FIELD OVERWRITE `repeat_till` ON TABLE `tabEvent` TYPE option<string> PERMISSIONS FULL;[0m
    [2;3mat[0m crates\spotledger-db\src\schema.rs:741

  [2m2026-04-19T18:15:47.662793Z[0m [34mDEBUG[0m [1;34mspotledger_db::schema[0m[34m: [34msync_user: field DDL ok, [1;34mdoctype[0m[34m: Event, [1;34mfield[0m[34m: repeat_till[0m
    [2;3mat[0m crates\spotledger-db\src\schema.rs:746

  [2m2026-04-19T18:15:47.663289Z[0m [34mDEBUG[0m [1;34mspotledger_db::schema[0m[34m: [34msync_user: executing field DDL, [1;34mdoctype[0m[34m: Event, [1;34mfield[0m[34m: monday, [1;34msql[0m[34m: DEFINE FIELD OVERWRITE `monday` ON TABLE `tabEvent` TYPE none | int PERMISSIONS FULL DEFAULT 0;[0m
    [2;3mat[0m crates\spotledger-db\src\schema.rs:741

  [2m2026-04-19T18:15:47.667936Z[0m [34mDEBUG[0m [1;34mspotledger_db::schema[0m[34m: [34msync_user: field DDL ok, [1;34mdoctype[0m[34m: Event, [1;34mfield[0m[34m: monday[0m
    [2;3mat[0m crates\spotledger-db\src\schema.rs:746

  [2m2026-04-19T18:15:47.668577Z[0m [34mDEBUG[0m [1;34mspotledger_db::schema[0m[34m: [34msync_user: executing field DDL, [1;34mdoctype[0m[34m: Event, [1;34mfield[0m[34m: tuesday, [1;34msql[0m[34m: DEFINE FIELD OVERWRITE `tuesday` ON TABLE `tabEvent` TYPE none | int PERMISSIONS FULL DEFAULT 0;[0m
    [2;3mat[0m crates\spotledger-db\src\schema.rs:741

  [2m2026-04-19T18:15:47.672187Z[0m [34mDEBUG[0m [1;34mspotledger_db::schema[0m[34m: [34msync_user: field DDL ok, [1;34mdoctype[0m[34m: Event, [1;34mfield[0m[34m: tuesday[0m
    [2;3mat[0m crates\spotledger-db\src\schema.rs:746

  [2m2026-04-19T18:15:47.672631Z[0m [34mDEBUG[0m [1;34mspotledger_db::schema[0m[34m: [34msync_user: executing field DDL, [1;34mdoctype[0m[34m: Event, [1;34mfield[0m[34m: wednesday, [1;34msql[0m[34m: DEFINE FIELD OVERWRITE `wednesday` ON TABLE `tabEvent` TYPE none | int PERMISSIONS FULL DEFAULT 0;[0m
    [2;3mat[0m crates\spotledger-db\src\schema.rs:741

  [2m2026-04-19T18:15:47.676313Z[0m [34mDEBUG[0m [1;34mspotledger_db::schema[0m[34m: [34msync_user: field DDL ok, [1;34mdoctype[0m[34m: Event, [1;34mfield[0m[34m: wednesday[0m
    [2;3mat[0m crates\spotledger-db\src\schema.rs:746

  [2m2026-04-19T18:15:47.676765Z[0m [34mDEBUG[0m [1;34mspotledger_db::schema[0m[34m: [34msync_user: executing field DDL, [1;34mdoctype[0m[34m: Event, [1;34mfield[0m[34m: thursday, [1;34msql[0m[34m: DEFINE FIELD OVERWRITE `thursday` ON TABLE `tabEvent` TYPE none | int PERMISSIONS FULL DEFAULT 0;[0m
    [2;3mat[0m crates\spotledger-db\src\schema.rs:741

  [2m2026-04-19T18:15:47.680725Z[0m [34mDEBUG[0m [1;34mspotledger_db::schema[0m[34m: [34msync_user: field DDL ok, [1;34mdoctype[0m[34m: Event, [1;34mfield[0m[34m: thursday[0m
    [2;3mat[0m crates\spotledger-db\src\schema.rs:746

  [2m2026-04-19T18:15:47.681169Z[0m [34mDEBUG[0m [1;34mspotledger_db::schema[0m[34m: [34msync_user: executing field DDL, [1;34mdoctype[0m[34m: Event, [1;34mfield[0m[34m: friday, [1;34msql[0m[34m: DEFINE FIELD OVERWRITE `friday` ON TABLE `tabEvent` TYPE none | int PERMISSIONS FULL DEFAULT 0;[0m
    [2;3mat[0m crates\spotledger-db\src\schema.rs:741

  [2m2026-04-19T18:15:47.685980Z[0m [34mDEBUG[0m [1;34mspotledger_db::schema[0m[34m: [34msync_user: field DDL ok, [1;34mdoctype[0m[34m: Event, [1;34mfield[0m[34m: friday[0m
    [2;3mat[0m crates\spotledger-db\src\schema.rs:746

  [2m2026-04-19T18:15:47.686441Z[0m [34mDEBUG[0m [1;34mspotledger_db::schema[0m[34m: [34msync_user: executing field DDL, [1;34mdoctype[0m[34m: Event, [1;34mfield[0m[34m: saturday, [1;34msql[0m[34m: DEFINE FIELD OVERWRITE `saturday` ON TABLE `tabEvent` TYPE none | int PERMISSIONS FULL DEFAULT 0;[0m
    [2;3mat[0m crates\spotledger-db\src\schema.rs:741

  [2m2026-04-19T18:15:47.690230Z[0m [34mDEBUG[0m [1;34mspotledger_db::schema[0m[34m: [34msync_user: field DDL ok, [1;34mdoctype[0m[34m: Event, [1;34mfield[0m[34m: saturday[0m
    [2;3mat[0m crates\spotledger-db\src\schema.rs:746

  [2m2026-04-19T18:15:47.690654Z[0m [34mDEBUG[0m [1;34mspotledger_db::schema[0m[34m: [34msync_user: executing field DDL, [1;34mdoctype[0m[34m: Event, [1;34mfield[0m[34m: sunday, [1;34msql[0m[34m: DEFINE FIELD OVERWRITE `sunday` ON TABLE `tabEvent` TYPE none | int PERMISSIONS FULL DEFAULT 0;[0m
    [2;3mat[0m crates\spotledger-db\src\schema.rs:741

  [2m2026-04-19T18:15:47.694073Z[0m [34mDEBUG[0m [1;34mspotledger_db::schema[0m[34m: [34msync_user: field DDL ok, [1;34mdoctype[0m[34m: Event, [1;34mfield[0m[34m: sunday[0m
    [2;3mat[0m crates\spotledger-db\src\schema.rs:746

  [2m2026-04-19T18:15:47.694455Z[0m [34mDEBUG[0m [1;34mspotledger_db::schema[0m[34m: [34msync_user: executing field DDL, [1;34mdoctype[0m[34m: Event, [1;34mfield[0m[34m: event_participants, [1;34msql[0m[34m: DEFINE FIELD OVERWRITE `event_participants` ON TABLE `tabEvent` TYPE array<any> PERMISSIONS FULL;[0m
    [2;3mat[0m crates\spotledger-db\src\schema.rs:741

  [2m2026-04-19T18:15:47.698025Z[0m [34mDEBUG[0m [1;34mspotledger_db::schema[0m[34m: [34msync_user: field DDL ok, [1;34mdoctype[0m[34m: Event, [1;34mfield[0m[34m: event_participants[0m
    [2;3mat[0m crates\spotledger-db\src\schema.rs:746

  [2m2026-04-19T18:15:47.698383Z[0m [34mDEBUG[0m [1;34mspotledger_db::schema[0m[34m: [34msync_user: executing field DDL, [1;34mdoctype[0m[34m: Event, [1;34mfield[0m[34m: sync_with_google_calendar, [1;34msql[0m[34m: DEFINE FIELD OVERWRITE `sync_with_google_calendar` ON TABLE `tabEvent` TYPE none | int PERMISSIONS FULL DEFAULT 0;[0m
    [2;3mat[0m crates\spotledger-db\src\schema.rs:741

  [2m2026-04-19T18:15:47.702670Z[0m [34mDEBUG[0m [1;34mspotledger_db::schema[0m[34m: [34msync_user: field DDL ok, [1;34mdoctype[0m[34m: Event, [1;34mfield[0m[34m: sync_with_google_calendar[0m
    [2;3mat[0m crates\spotledger-db\src\schema.rs:746

  [2m2026-04-19T18:15:47.703109Z[0m [34mDEBUG[0m [1;34mspotledger_db::schema[0m[34m: [34msync_user: executing field DDL, [1;34mdoctype[0m[34m: Event, [1;34mfield[0m[34m: google_calendar, [1;34msql[0m[34m: DEFINE FIELD OVERWRITE `google_calendar` ON TABLE `tabEvent` TYPE option<string> PERMISSIONS FULL;[0m
    [2;3mat[0m crates\spotledger-db\src\schema.rs:741

  [2m2026-04-19T18:15:47.706601Z[0m [34mDEBUG[0m [1;34mspotledger_db::schema[0m[34m: [34msync_user: field DDL ok, [1;34mdoctype[0m[34m: Event, [1;34mfield[0m[34m: google_calendar[0m
    [2;3mat[0m crates\spotledger-db\src\schema.rs:746

  [2m2026-04-19T18:15:47.707007Z[0m [34mDEBUG[0m [1;34mspotledger_db::schema[0m[34m: [34msync_user: executing field DDL, [1;34mdoctype[0m[34m: Event, [1;34mfield[0m[34m: reference_doctype, [1;34msql[0m[34m: DEFINE FIELD OVERWRITE `reference_doctype` ON TABLE `tabEvent` TYPE option<string> PERMISSIONS FULL;[0m
    [2;3mat[0m crates\spotledger-db\src\schema.rs:741

  [2m2026-04-19T18:15:47.710254Z[0m [34mDEBUG[0m [1;34mspotledger_db::schema[0m[34m: [34msync_user: field DDL ok, [1;34mdoctype[0m[34m: Event, [1;34mfield[0m[34m: reference_doctype[0m
    [2;3mat[0m crates\spotledger-db\src\schema.rs:746

  [2m2026-04-19T18:15:47.710965Z[0m [34mDEBUG[0m [1;34mspotledger_db::schema[0m[34m: [34msync_user: executing field DDL, [1;34mdoctype[0m[34m: Event, [1;34mfield[0m[34m: reference_docname, [1;34msql[0m[34m: DEFINE FIELD OVERWRITE `reference_docname` ON TABLE `tabEvent` TYPE option<string> PERMISSIONS FULL;[0m
    [2;3mat[0m crates\spotledger-db\src\schema.rs:741

  [2m2026-04-19T18:15:47.714705Z[0m [34mDEBUG[0m [1;34mspotledger_db::schema[0m[34m: [34msync_user: field DDL ok, [1;34mdoctype[0m[34m: Event, [1;34mfield[0m[34m: reference_docname[0m
    [2;3mat[0m crates\spotledger-db\src\schema.rs:746

  [2m2026-04-19T18:15:47.718951Z[0m [34mDEBUG[0m [1;34mspotledger_db::schema[0m[34m: [34msync_user: schema synced, [1;34mdoctype[0m[34m: Event[0m
    [2;3mat[0m crates\spotledger-db\src\schema.rs:762

  [2m2026-04-19T18:15:47.752115Z[0m [34mDEBUG[0m [1;34mspotledger_db::schema[0m[34m: [34msync_user: fields loaded, [1;34mdoctype[0m[34m: Gender, [1;34mfield_count[0m[34m: 1[0m
    [2;3mat[0m crates\spotledger-db\src\schema.rs:689

  [2m2026-04-19T18:15:47.752651Z[0m [34mDEBUG[0m [1;34mspotledger_db::schema[0m[34m: [34msync_user: executing field DDL, [1;34mdoctype[0m[34m: Gender, [1;34mfield[0m[34m: gender, [1;34msql[0m[34m: DEFINE FIELD OVERWRITE `gender` ON TABLE `tabGender` TYPE option<string> PERMISSIONS FULL;[0m
    [2;3mat[0m crates\spotledger-db\src\schema.rs:741

  [2m2026-04-19T18:15:47.756023Z[0m [34mDEBUG[0m [1;34mspotledger_db::schema[0m[34m: [34msync_user: field DDL ok, [1;34mdoctype[0m[34m: Gender, [1;34mfield[0m[34m: gender[0m
    [2;3mat[0m crates\spotledger-db\src\schema.rs:746

  [2m2026-04-19T18:15:47.759037Z[0m [34mDEBUG[0m [1;34mspotledger_db::schema[0m[34m: [34msync_user: schema synced, [1;34mdoctype[0m[34m: Gender[0m
    [2;3mat[0m crates\spotledger-db\src\schema.rs:762

  [2m2026-04-19T18:15:47.791649Z[0m [34mDEBUG[0m [1;34mspotledger_db::schema[0m[34m: [34msync_user: fields loaded, [1;34mdoctype[0m[34m: Global Defaults, [1;34mfield_count[0m[34m: 11[0m
    [2;3mat[0m crates\spotledger-db\src\schema.rs:689

  [2m2026-04-19T18:15:47.792229Z[0m [34mDEBUG[0m [1;34mspotledger_db::schema[0m[34m: [34msync_user: executing field DDL, [1;34mdoctype[0m[34m: Global Defaults, [1;34mfield[0m[34m: default_company, [1;34msql[0m[34m: DEFINE FIELD OVERWRITE `default_company` ON TABLE `tabGlobal_Defaults` TYPE option<string> PERMISSIONS FULL;[0m
    [2;3mat[0m crates\spotledger-db\src\schema.rs:741

  [2m2026-04-19T18:15:47.795301Z[0m [34mDEBUG[0m [1;34mspotledger_db::schema[0m[34m: [34msync_user: field DDL ok, [1;34mdoctype[0m[34m: Global Defaults, [1;34mfield[0m[34m: default_company[0m
    [2;3mat[0m crates\spotledger-db\src\schema.rs:746

  [2m2026-04-19T18:15:47.795616Z[0m [34mDEBUG[0m [1;34mspotledger_db::schema[0m[34m: [34msync_user: executing field DDL, [1;34mdoctype[0m[34m: Global Defaults, [1;34mfield[0m[34m: current_fiscal_year, [1;34msql[0m[34m: DEFINE FIELD OVERWRITE `current_fiscal_year` ON TABLE `tabGlobal_Defaults` TYPE option<string> PERMISSIONS FULL;[0m
    [2;3mat[0m crates\spotledger-db\src\schema.rs:741

  [2m2026-04-19T18:15:47.798626Z[0m [34mDEBUG[0m [1;34mspotledger_db::schema[0m[34m: [34msync_user: field DDL ok, [1;34mdoctype[0m[34m: Global Defaults, [1;34mfield[0m[34m: current_fiscal_year[0m
    [2;3mat[0m crates\spotledger-db\src\schema.rs:746

  [2m2026-04-19T18:15:47.800190Z[0m [34mDEBUG[0m [1;34mspotledger_db::schema[0m[34m: [34msync_user: executing field DDL, [1;34mdoctype[0m[34m: Global Defaults, [1;34mfield[0m[34m: default_currency, [1;34msql[0m[34m: DEFINE FIELD OVERWRITE `default_currency` ON TABLE `tabGlobal_Defaults` TYPE option<string> PERMISSIONS FULL;[0m
    [2;3mat[0m crates\spotledger-db\src\schema.rs:741

  [2m2026-04-19T18:15:47.803763Z[0m [34mDEBUG[0m [1;34mspotledger_db::schema[0m[34m: [34msync_user: field DDL ok, [1;34mdoctype[0m[34m: Global Defaults, [1;34mfield[0m[34m: default_currency[0m
    [2;3mat[0m crates\spotledger-db\src\schema.rs:746

  [2m2026-04-19T18:15:47.804288Z[0m [34mDEBUG[0m [1;34mspotledger_db::schema[0m[34m: [34msync_user: executing field DDL, [1;34mdoctype[0m[34m: Global Defaults, [1;34mfield[0m[34m: disable_rounded_total, [1;34msql[0m[34m: DEFINE FIELD OVERWRITE `disable_rounded_total` ON TABLE `tabGlobal_Defaults` TYPE none | int PERMISSIONS FULL DEFAULT 0;[0m
    [2;3mat[0m crates\spotledger-db\src\schema.rs:741

  [2m2026-04-19T18:15:47.807863Z[0m [34mDEBUG[0m [1;34mspotledger_db::schema[0m[34m: [34msync_user: field DDL ok, [1;34mdoctype[0m[34m: Global Defaults, [1;34mfield[0m[34m: disable_rounded_total[0m
    [2;3mat[0m crates\spotledger-db\src\schema.rs:746

  [2m2026-04-19T18:15:47.808358Z[0m [34mDEBUG[0m [1;34mspotledger_db::schema[0m[34m: [34msync_user: executing field DDL, [1;34mdoctype[0m[34m: Global Defaults, [1;34mfield[0m[34m: disable_in_words, [1;34msql[0m[34m: DEFINE FIELD OVERWRITE `disable_in_words` ON TABLE `tabGlobal_Defaults` TYPE none | int PERMISSIONS FULL DEFAULT 0;[0m
    [2;3mat[0m crates\spotledger-db\src\schema.rs:741

  [2m2026-04-19T18:15:47.811452Z[0m [34mDEBUG[0m [1;34mspotledger_db::schema[0m[34m: [34msync_user: field DDL ok, [1;34mdoctype[0m[34m: Global Defaults, [1;34mfield[0m[34m: disable_in_words[0m
    [2;3mat[0m crates\spotledger-db\src\schema.rs:746

  [2m2026-04-19T18:15:47.811899Z[0m [34mDEBUG[0m [1;34mspotledger_db::schema[0m[34m: [34msync_user: executing field DDL, [1;34mdoctype[0m[34m: Global Defaults, [1;34mfield[0m[34m: hide_currency_symbol, [1;34msql[0m[34m: DEFINE FIELD OVERWRITE `hide_currency_symbol` ON TABLE `tabGlobal_Defaults` TYPE none | int PERMISSIONS FULL DEFAULT 0;[0m
    [2;3mat[0m crates\spotledger-db\src\schema.rs:741

  [2m2026-04-19T18:15:47.815347Z[0m [34mDEBUG[0m [1;34mspotledger_db::schema[0m[34m: [34msync_user: field DDL ok, [1;34mdoctype[0m[34m: Global Defaults, [1;34mfield[0m[34m: hide_currency_symbol[0m
    [2;3mat[0m crates\spotledger-db\src\schema.rs:746

  [2m2026-04-19T18:15:47.816707Z[0m [34mDEBUG[0m [1;34mspotledger_db::schema[0m[34m: [34msync_user: executing field DDL, [1;34mdoctype[0m[34m: Global Defaults, [1;34mfield[0m[34m: float_precision, [1;34msql[0m[34m: DEFINE FIELD OVERWRITE `float_precision` ON TABLE `tabGlobal_Defaults` TYPE option<string> PERMISSIONS FULL;[0m
    [2;3mat[0m crates\spotledger-db\src\schema.rs:741

  [2m2026-04-19T18:15:47.820437Z[0m [34mDEBUG[0m [1;34mspotledger_db::schema[0m[34m: [34msync_user: field DDL ok, [1;34mdoctype[0m[34m: Global Defaults, [1;34mfield[0m[34m: float_precision[0m
    [2;3mat[0m crates\spotledger-db\src\schema.rs:746

  [2m2026-04-19T18:15:47.820851Z[0m [34mDEBUG[0m [1;34mspotledger_db::schema[0m[34m: [34msync_user: executing field DDL, [1;34mdoctype[0m[34m: Global Defaults, [1;34mfield[0m[34m: currency_precision, [1;34msql[0m[34m: DEFINE FIELD OVERWRITE `currency_precision` ON TABLE `tabGlobal_Defaults` TYPE option<string> PERMISSIONS FULL;[0m
    [2;3mat[0m crates\spotledger-db\src\schema.rs:741

  [2m2026-04-19T18:15:47.823891Z[0m [34mDEBUG[0m [1;34mspotledger_db::schema[0m[34m: [34msync_user: field DDL ok, [1;34mdoctype[0m[34m: Global Defaults, [1;34mfield[0m[34m: currency_precision[0m
    [2;3mat[0m crates\spotledger-db\src\schema.rs:746

  [2m2026-04-19T18:15:47.824241Z[0m [34mDEBUG[0m [1;34mspotledger_db::schema[0m[34m: [34msync_user: executing field DDL, [1;34mdoctype[0m[34m: Global Defaults, [1;34mfield[0m[34m: date_format, [1;34msql[0m[34m: DEFINE FIELD OVERWRITE `date_format` ON TABLE `tabGlobal_Defaults` TYPE option<string> PERMISSIONS FULL;[0m
    [2;3mat[0m crates\spotledger-db\src\schema.rs:741

  [2m2026-04-19T18:15:47.827465Z[0m [34mDEBUG[0m [1;34mspotledger_db::schema[0m[34m: [34msync_user: field DDL ok, [1;34mdoctype[0m[34m: Global Defaults, [1;34mfield[0m[34m: date_format[0m
    [2;3mat[0m crates\spotledger-db\src\schema.rs:746

  [2m2026-04-19T18:15:47.827963Z[0m [34mDEBUG[0m [1;34mspotledger_db::schema[0m[34m: [34msync_user: executing field DDL, [1;34mdoctype[0m[34m: Global Defaults, [1;34mfield[0m[34m: time_format, [1;34msql[0m[34m: DEFINE FIELD OVERWRITE `time_format` ON TABLE `tabGlobal_Defaults` TYPE option<string> PERMISSIONS FULL;[0m
    [2;3mat[0m crates\spotledger-db\src\schema.rs:741

  [2m2026-04-19T18:15:47.831501Z[0m [34mDEBUG[0m [1;34mspotledger_db::schema[0m[34m: [34msync_user: field DDL ok, [1;34mdoctype[0m[34m: Global Defaults, [1;34mfield[0m[34m: time_format[0m
    [2;3mat[0m crates\spotledger-db\src\schema.rs:746

  [2m2026-04-19T18:15:47.832108Z[0m [34mDEBUG[0m [1;34mspotledger_db::schema[0m[34m: [34msync_user: executing field DDL, [1;34mdoctype[0m[34m: Global Defaults, [1;34mfield[0m[34m: country, [1;34msql[0m[34m: DEFINE FIELD OVERWRITE `country` ON TABLE `tabGlobal_Defaults` TYPE option<string> PERMISSIONS FULL;[0m
    [2;3mat[0m crates\spotledger-db\src\schema.rs:741

  [2m2026-04-19T18:15:47.837006Z[0m [34mDEBUG[0m [1;34mspotledger_db::schema[0m[34m: [34msync_user: field DDL ok, [1;34mdoctype[0m[34m: Global Defaults, [1;34mfield[0m[34m: country[0m
    [2;3mat[0m crates\spotledger-db\src\schema.rs:746

  [2m2026-04-19T18:15:47.840193Z[0m [34mDEBUG[0m [1;34mspotledger_db::schema[0m[34m: [34msync_user: schema synced, [1;34mdoctype[0m[34m: Global Defaults[0m
    [2;3mat[0m crates\spotledger-db\src\schema.rs:762

  [2m2026-04-19T18:15:47.873351Z[0m [34mDEBUG[0m [1;34mspotledger_db::schema[0m[34m: [34msync_user: fields loaded, [1;34mdoctype[0m[34m: Language, [1;34mfield_count[0m[34m: 9[0m
    [2;3mat[0m crates\spotledger-db\src\schema.rs:689

  [2m2026-04-19T18:15:47.873947Z[0m [34mDEBUG[0m [1;34mspotledger_db::schema[0m[34m: [34msync_user: executing field DDL, [1;34mdoctype[0m[34m: Language, [1;34mfield[0m[34m: language_code, [1;34msql[0m[34m: DEFINE FIELD OVERWRITE `language_code` ON TABLE `tabLanguage` TYPE option<string> PERMISSIONS FULL;[0m
    [2;3mat[0m crates\spotledger-db\src\schema.rs:741

  [2m2026-04-19T18:15:47.876822Z[0m [34mDEBUG[0m [1;34mspotledger_db::schema[0m[34m: [34msync_user: field DDL ok, [1;34mdoctype[0m[34m: Language, [1;34mfield[0m[34m: language_code[0m
    [2;3mat[0m crates\spotledger-db\src\schema.rs:746

  [2m2026-04-19T18:15:47.877301Z[0m [34mDEBUG[0m [1;34mspotledger_db::schema[0m[34m: [34msync_user: executing field DDL, [1;34mdoctype[0m[34m: Language, [1;34mfield[0m[34m: language_name, [1;34msql[0m[34m: DEFINE FIELD OVERWRITE `language_name` ON TABLE `tabLanguage` TYPE option<string> PERMISSIONS FULL;[0m
    [2;3mat[0m crates\spotledger-db\src\schema.rs:741

  [2m2026-04-19T18:15:47.880357Z[0m [34mDEBUG[0m [1;34mspotledger_db::schema[0m[34m: [34msync_user: field DDL ok, [1;34mdoctype[0m[34m: Language, [1;34mfield[0m[34m: language_name[0m
    [2;3mat[0m crates\spotledger-db\src\schema.rs:746

  [2m2026-04-19T18:15:47.880817Z[0m [34mDEBUG[0m [1;34mspotledger_db::schema[0m[34m: [34msync_user: executing field DDL, [1;34mdoctype[0m[34m: Language, [1;34mfield[0m[34m: flag, [1;34msql[0m[34m: DEFINE FIELD OVERWRITE `flag` ON TABLE `tabLanguage` TYPE option<string> PERMISSIONS FULL;[0m
    [2;3mat[0m crates\spotledger-db\src\schema.rs:741

  [2m2026-04-19T18:15:47.885023Z[0m [34mDEBUG[0m [1;34mspotledger_db::schema[0m[34m: [34msync_user: field DDL ok, [1;34mdoctype[0m[34m: Language, [1;34mfield[0m[34m: flag[0m
    [2;3mat[0m crates\spotledger-db\src\schema.rs:746

  [2m2026-04-19T18:15:47.885445Z[0m [34mDEBUG[0m [1;34mspotledger_db::schema[0m[34m: [34msync_user: executing field DDL, [1;34mdoctype[0m[34m: Language, [1;34mfield[0m[34m: based_on, [1;34msql[0m[34m: DEFINE FIELD OVERWRITE `based_on` ON TABLE `tabLanguage` TYPE option<string> PERMISSIONS FULL;[0m
    [2;3mat[0m crates\spotledger-db\src\schema.rs:741

  [2m2026-04-19T18:15:47.888734Z[0m [34mDEBUG[0m [1;34mspotledger_db::schema[0m[34m: [34msync_user: field DDL ok, [1;34mdoctype[0m[34m: Language, [1;34mfield[0m[34m: based_on[0m
    [2;3mat[0m crates\spotledger-db\src\schema.rs:746

  [2m2026-04-19T18:15:47.889126Z[0m [34mDEBUG[0m [1;34mspotledger_db::schema[0m[34m: [34msync_user: executing field DDL, [1;34mdoctype[0m[34m: Language, [1;34mfield[0m[34m: enabled, [1;34msql[0m[34m: DEFINE FIELD OVERWRITE `enabled` ON TABLE `tabLanguage` TYPE none | int PERMISSIONS FULL DEFAULT 0;[0m
    [2;3mat[0m crates\spotledger-db\src\schema.rs:741

  [2m2026-04-19T18:15:47.891955Z[0m [34mDEBUG[0m [1;34mspotledger_db::schema[0m[34m: [34msync_user: field DDL ok, [1;34mdoctype[0m[34m: Language, [1;34mfield[0m[34m: enabled[0m
    [2;3mat[0m crates\spotledger-db\src\schema.rs:746

  [2m2026-04-19T18:15:47.892409Z[0m [34mDEBUG[0m [1;34mspotledger_db::schema[0m[34m: [34msync_user: executing field DDL, [1;34mdoctype[0m[34m: Language, [1;34mfield[0m[34m: date_format, [1;34msql[0m[34m: DEFINE FIELD OVERWRITE `date_format` ON TABLE `tabLanguage` TYPE option<string> PERMISSIONS FULL;[0m
    [2;3mat[0m crates\spotledger-db\src\schema.rs:741

  [2m2026-04-19T18:15:47.895545Z[0m [34mDEBUG[0m [1;34mspotledger_db::schema[0m[34m: [34msync_user: field DDL ok, [1;34mdoctype[0m[34m: Language, [1;34mfield[0m[34m: date_format[0m
    [2;3mat[0m crates\spotledger-db\src\schema.rs:746

  [2m2026-04-19T18:15:47.896005Z[0m [34mDEBUG[0m [1;34mspotledger_db::schema[0m[34m: [34msync_user: executing field DDL, [1;34mdoctype[0m[34m: Language, [1;34mfield[0m[34m: time_format, [1;34msql[0m[34m: DEFINE FIELD OVERWRITE `time_format` ON TABLE `tabLanguage` TYPE option<string> PERMISSIONS FULL;[0m
    [2;3mat[0m crates\spotledger-db\src\schema.rs:741

  [2m2026-04-19T18:15:47.899533Z[0m [34mDEBUG[0m [1;34mspotledger_db::schema[0m[34m: [34msync_user: field DDL ok, [1;34mdoctype[0m[34m: Language, [1;34mfield[0m[34m: time_format[0m
    [2;3mat[0m crates\spotledger-db\src\schema.rs:746

  [2m2026-04-19T18:15:47.900778Z[0m [34mDEBUG[0m [1;34mspotledger_db::schema[0m[34m: [34msync_user: executing field DDL, [1;34mdoctype[0m[34m: Language, [1;34mfield[0m[34m: number_format, [1;34msql[0m[34m: DEFINE FIELD OVERWRITE `number_format` ON TABLE `tabLanguage` TYPE option<string> PERMISSIONS FULL;[0m
    [2;3mat[0m crates\spotledger-db\src\schema.rs:741

  [2m2026-04-19T18:15:47.904355Z[0m [34mDEBUG[0m [1;34mspotledger_db::schema[0m[34m: [34msync_user: field DDL ok, [1;34mdoctype[0m[34m: Language, [1;34mfield[0m[34m: number_format[0m
    [2;3mat[0m crates\spotledger-db\src\schema.rs:746

  [2m2026-04-19T18:15:47.904970Z[0m [34mDEBUG[0m [1;34mspotledger_db::schema[0m[34m: [34msync_user: executing field DDL, [1;34mdoctype[0m[34m: Language, [1;34mfield[0m[34m: first_day_of_the_week, [1;34msql[0m[34m: DEFINE FIELD OVERWRITE `first_day_of_the_week` ON TABLE `tabLanguage` TYPE option<string> PERMISSIONS FULL;[0m
    [2;3mat[0m crates\spotledger-db\src\schema.rs:741

  [2m2026-04-19T18:15:47.907907Z[0m [34mDEBUG[0m [1;34mspotledger_db::schema[0m[34m: [34msync_user: field DDL ok, [1;34mdoctype[0m[34m: Language, [1;34mfield[0m[34m: first_day_of_the_week[0m
    [2;3mat[0m crates\spotledger-db\src\schema.rs:746

  [2m2026-04-19T18:15:47.910829Z[0m [34mDEBUG[0m [1;34mspotledger_db::schema[0m[34m: [34msync_user: schema synced, [1;34mdoctype[0m[34m: Language[0m
    [2;3mat[0m crates\spotledger-db\src\schema.rs:762

  [2m2026-04-19T18:15:47.970014Z[0m [34mDEBUG[0m [1;34mspotledger_db::schema[0m[34m: [34msync_user: fields loaded, [1;34mdoctype[0m[34m: Letter Head, [1;34mfield_count[0m[34m: 17[0m
    [2;3mat[0m crates\spotledger-db\src\schema.rs:689

  [2m2026-04-19T18:15:47.970697Z[0m [34mDEBUG[0m [1;34mspotledger_db::schema[0m[34m: [34msync_user: executing field DDL, [1;34mdoctype[0m[34m: Letter Head, [1;34mfield[0m[34m: letter_head_name, [1;34msql[0m[34m: DEFINE FIELD OVERWRITE `letter_head_name` ON TABLE `tabLetter_Head` TYPE option<string> PERMISSIONS FULL;[0m
    [2;3mat[0m crates\spotledger-db\src\schema.rs:741

  [2m2026-04-19T18:15:47.973489Z[0m [34mDEBUG[0m [1;34mspotledger_db::schema[0m[34m: [34msync_user: field DDL ok, [1;34mdoctype[0m[34m: Letter Head, [1;34mfield[0m[34m: letter_head_name[0m
    [2;3mat[0m crates\spotledger-db\src\schema.rs:746

  [2m2026-04-19T18:15:47.973787Z[0m [34mDEBUG[0m [1;34mspotledger_db::schema[0m[34m: [34msync_user: executing field DDL, [1;34mdoctype[0m[34m: Letter Head, [1;34mfield[0m[34m: source, [1;34msql[0m[34m: DEFINE FIELD OVERWRITE `source` ON TABLE `tabLetter_Head` TYPE option<string> PERMISSIONS FULL;[0m
    [2;3mat[0m crates\spotledger-db\src\schema.rs:741

  [2m2026-04-19T18:15:47.976619Z[0m [34mDEBUG[0m [1;34mspotledger_db::schema[0m[34m: [34msync_user: field DDL ok, [1;34mdoctype[0m[34m: Letter Head, [1;34mfield[0m[34m: source[0m
    [2;3mat[0m crates\spotledger-db\src\schema.rs:746

  [2m2026-04-19T18:15:47.976973Z[0m [34mDEBUG[0m [1;34mspotledger_db::schema[0m[34m: [34msync_user: executing field DDL, [1;34mdoctype[0m[34m: Letter Head, [1;34mfield[0m[34m: footer_source, [1;34msql[0m[34m: DEFINE FIELD OVERWRITE `footer_source` ON TABLE `tabLetter_Head` TYPE option<string> PERMISSIONS FULL;[0m
    [2;3mat[0m crates\spotledger-db\src\schema.rs:741

  [2m2026-04-19T18:15:47.980353Z[0m [34mDEBUG[0m [1;34mspotledger_db::schema[0m[34m: [34msync_user: field DDL ok, [1;34mdoctype[0m[34m: Letter Head, [1;34mfield[0m[34m: footer_source[0m
    [2;3mat[0m crates\spotledger-db\src\schema.rs:746

  [2m2026-04-19T18:15:47.981018Z[0m [34mDEBUG[0m [1;34mspotledger_db::schema[0m[34m: [34msync_user: executing field DDL, [1;34mdoctype[0m[34m: Letter Head, [1;34mfield[0m[34m: disabled, [1;34msql[0m[34m: DEFINE FIELD OVERWRITE `disabled` ON TABLE `tabLetter_Head` TYPE none | int PERMISSIONS FULL DEFAULT 0;[0m
    [2;3mat[0m crates\spotledger-db\src\schema.rs:741

  [2m2026-04-19T18:15:47.985089Z[0m [34mDEBUG[0m [1;34mspotledger_db::schema[0m[34m: [34msync_user: field DDL ok, [1;34mdoctype[0m[34m: Letter Head, [1;34mfield[0m[34m: disabled[0m
    [2;3mat[0m crates\spotledger-db\src\schema.rs:746

  [2m2026-04-19T18:15:47.985565Z[0m [34mDEBUG[0m [1;34mspotledger_db::schema[0m[34m: [34msync_user: executing field DDL, [1;34mdoctype[0m[34m: Letter Head, [1;34mfield[0m[34m: is_default, [1;34msql[0m[34m: DEFINE FIELD OVERWRITE `is_default` ON TABLE `tabLetter_Head` TYPE none | int PERMISSIONS FULL DEFAULT 0;[0m
    [2;3mat[0m crates\spotledger-db\src\schema.rs:741

  [2m2026-04-19T18:15:47.988341Z[0m [34mDEBUG[0m [1;34mspotledger_db::schema[0m[34m: [34msync_user: field DDL ok, [1;34mdoctype[0m[34m: Letter Head, [1;34mfield[0m[34m: is_default[0m
    [2;3mat[0m crates\spotledger-db\src\schema.rs:746

  [2m2026-04-19T18:15:47.988630Z[0m [34mDEBUG[0m [1;34mspotledger_db::schema[0m[34m: [34msync_user: executing field DDL, [1;34mdoctype[0m[34m: Letter Head, [1;34mfield[0m[34m: image, [1;34msql[0m[34m: DEFINE FIELD OVERWRITE `image` ON TABLE `tabLetter_Head` TYPE option<string> PERMISSIONS FULL;[0m
    [2;3mat[0m crates\spotledger-db\src\schema.rs:741

  [2m2026-04-19T18:15:47.991281Z[0m [34mDEBUG[0m [1;34mspotledger_db::schema[0m[34m: [34msync_user: field DDL ok, [1;34mdoctype[0m[34m: Letter Head, [1;34mfield[0m[34m: image[0m
    [2;3mat[0m crates\spotledger-db\src\schema.rs:746

  [2m2026-04-19T18:15:47.991571Z[0m [34mDEBUG[0m [1;34mspotledger_db::schema[0m[34m: [34msync_user: executing field DDL, [1;34mdoctype[0m[34m: Letter Head, [1;34mfield[0m[34m: image_height, [1;34msql[0m[34m: DEFINE FIELD OVERWRITE `image_height` ON TABLE `tabLetter_Head` TYPE float PERMISSIONS FULL;[0m
    [2;3mat[0m crates\spotledger-db\src\schema.rs:741

  [2m2026-04-19T18:15:47.994226Z[0m [34mDEBUG[0m [1;34mspotledger_db::schema[0m[34m: [34msync_user: field DDL ok, [1;34mdoctype[0m[34m: Letter Head, [1;34mfield[0m[34m: image_height[0m
    [2;3mat[0m crates\spotledger-db\src\schema.rs:746

  [2m2026-04-19T18:15:47.994519Z[0m [34mDEBUG[0m [1;34mspotledger_db::schema[0m[34m: [34msync_user: executing field DDL, [1;34mdoctype[0m[34m: Letter Head, [1;34mfield[0m[34m: image_width, [1;34msql[0m[34m: DEFINE FIELD OVERWRITE `image_width` ON TABLE `tabLetter_Head` TYPE float PERMISSIONS FULL;[0m
    [2;3mat[0m crates\spotledger-db\src\schema.rs:741

  [2m2026-04-19T18:15:47.997340Z[0m [34mDEBUG[0m [1;34mspotledger_db::schema[0m[34m: [34msync_user: field DDL ok, [1;34mdoctype[0m[34m: Letter Head, [1;34mfield[0m[34m: image_width[0m
    [2;3mat[0m crates\spotledger-db\src\schema.rs:746

  [2m2026-04-19T18:15:47.997787Z[0m [34mDEBUG[0m [1;34mspotledger_db::schema[0m[34m: [34msync_user: executing field DDL, [1;34mdoctype[0m[34m: Letter Head, [1;34mfield[0m[34m: align, [1;34msql[0m[34m: DEFINE FIELD OVERWRITE `align` ON TABLE `tabLetter_Head` TYPE option<string> PERMISSIONS FULL;[0m
    [2;3mat[0m crates\spotledger-db\src\schema.rs:741

  [2m2026-04-19T18:15:48.001499Z[0m [34mDEBUG[0m [1;34mspotledger_db::schema[0m[34m: [34msync_user: field DDL ok, [1;34mdoctype[0m[34m: Letter Head, [1;34mfield[0m[34m: align[0m
    [2;3mat[0m crates\spotledger-db\src\schema.rs:746

  [2m2026-04-19T18:15:48.001955Z[0m [34mDEBUG[0m [1;34mspotledger_db::schema[0m[34m: [34msync_user: executing field DDL, [1;34mdoctype[0m[34m: Letter Head, [1;34mfield[0m[34m: content, [1;34msql[0m[34m: DEFINE FIELD OVERWRITE `content` ON TABLE `tabLetter_Head` TYPE option<string> PERMISSIONS FULL;[0m
    [2;3mat[0m crates\spotledger-db\src\schema.rs:741

  [2m2026-04-19T18:15:48.004875Z[0m [34mDEBUG[0m [1;34mspotledger_db::schema[0m[34m: [34msync_user: field DDL ok, [1;34mdoctype[0m[34m: Letter Head, [1;34mfield[0m[34m: content[0m
    [2;3mat[0m crates\spotledger-db\src\schema.rs:746

  [2m2026-04-19T18:15:48.005185Z[0m [34mDEBUG[0m [1;34mspotledger_db::schema[0m[34m: [34msync_user: executing field DDL, [1;34mdoctype[0m[34m: Letter Head, [1;34mfield[0m[34m: footer, [1;34msql[0m[34m: DEFINE FIELD OVERWRITE `footer` ON TABLE `tabLetter_Head` TYPE option<string> PERMISSIONS FULL;[0m
    [2;3mat[0m crates\spotledger-db\src\schema.rs:741

  [2m2026-04-19T18:15:48.007987Z[0m [34mDEBUG[0m [1;34mspotledger_db::schema[0m[34m: [34msync_user: field DDL ok, [1;34mdoctype[0m[34m: Letter Head, [1;34mfield[0m[34m: footer[0m
    [2;3mat[0m crates\spotledger-db\src\schema.rs:746

  [2m2026-04-19T18:15:48.008372Z[0m [34mDEBUG[0m [1;34mspotledger_db::schema[0m[34m: [34msync_user: executing field DDL, [1;34mdoctype[0m[34m: Letter Head, [1;34mfield[0m[34m: footer_image, [1;34msql[0m[34m: DEFINE FIELD OVERWRITE `footer_image` ON TABLE `tabLetter_Head` TYPE option<string> PERMISSIONS FULL;[0m
    [2;3mat[0m crates\spotledger-db\src\schema.rs:741

  [2m2026-04-19T18:15:48.011680Z[0m [34mDEBUG[0m [1;34mspotledger_db::schema[0m[34m: [34msync_user: field DDL ok, [1;34mdoctype[0m[34m: Letter Head, [1;34mfield[0m[34m: footer_image[0m
    [2;3mat[0m crates\spotledger-db\src\schema.rs:746

  [2m2026-04-19T18:15:48.012074Z[0m [34mDEBUG[0m [1;34mspotledger_db::schema[0m[34m: [34msync_user: executing field DDL, [1;34mdoctype[0m[34m: Letter Head, [1;34mfield[0m[34m: footer_image_height, [1;34msql[0m[34m: DEFINE FIELD OVERWRITE `footer_image_height` ON TABLE `tabLetter_Head` TYPE float PERMISSIONS FULL;[0m
    [2;3mat[0m crates\spotledger-db\src\schema.rs:741

  [2m2026-04-19T18:15:48.014822Z[0m [34mDEBUG[0m [1;34mspotledger_db::schema[0m[34m: [34msync_user: field DDL ok, [1;34mdoctype[0m[34m: Letter Head, [1;34mfield[0m[34m: footer_image_height[0m
    [2;3mat[0m crates\spotledger-db\src\schema.rs:746

  [2m2026-04-19T18:15:48.015406Z[0m [34mDEBUG[0m [1;34mspotledger_db::schema[0m[34m: [34msync_user: executing field DDL, [1;34mdoctype[0m[34m: Letter Head, [1;34mfield[0m[34m: footer_image_width, [1;34msql[0m[34m: DEFINE FIELD OVERWRITE `footer_image_width` ON TABLE `tabLetter_Head` TYPE float PERMISSIONS FULL;[0m
    [2;3mat[0m crates\spotledger-db\src\schema.rs:741

  [2m2026-04-19T18:15:48.019539Z[0m [34mDEBUG[0m [1;34mspotledger_db::schema[0m[34m: [34msync_user: field DDL ok, [1;34mdoctype[0m[34m: Letter Head, [1;34mfield[0m[34m: footer_image_width[0m
    [2;3mat[0m crates\spotledger-db\src\schema.rs:746

  [2m2026-04-19T18:15:48.020106Z[0m [34mDEBUG[0m [1;34mspotledger_db::schema[0m[34m: [34msync_user: executing field DDL, [1;34mdoctype[0m[34m: Letter Head, [1;34mfield[0m[34m: footer_align, [1;34msql[0m[34m: DEFINE FIELD OVERWRITE `footer_align` ON TABLE `tabLetter_Head` TYPE option<string> PERMISSIONS FULL;[0m
    [2;3mat[0m crates\spotledger-db\src\schema.rs:741

  [2m2026-04-19T18:15:48.023106Z[0m [34mDEBUG[0m [1;34mspotledger_db::schema[0m[34m: [34msync_user: field DDL ok, [1;34mdoctype[0m[34m: Letter Head, [1;34mfield[0m[34m: footer_align[0m
    [2;3mat[0m crates\spotledger-db\src\schema.rs:746

  [2m2026-04-19T18:15:48.023466Z[0m [34mDEBUG[0m [1;34mspotledger_db::schema[0m[34m: [34msync_user: executing field DDL, [1;34mdoctype[0m[34m: Letter Head, [1;34mfield[0m[34m: header_script, [1;34msql[0m[34m: DEFINE FIELD OVERWRITE `header_script` ON TABLE `tabLetter_Head` TYPE option<string> PERMISSIONS FULL;[0m
    [2;3mat[0m crates\spotledger-db\src\schema.rs:741

  [2m2026-04-19T18:15:48.026656Z[0m [34mDEBUG[0m [1;34mspotledger_db::schema[0m[34m: [34msync_user: field DDL ok, [1;34mdoctype[0m[34m: Letter Head, [1;34mfield[0m[34m: header_script[0m
    [2;3mat[0m crates\spotledger-db\src\schema.rs:746

  [2m2026-04-19T18:15:48.027166Z[0m [34mDEBUG[0m [1;34mspotledger_db::schema[0m[34m: [34msync_user: executing field DDL, [1;34mdoctype[0m[34m: Letter Head, [1;34mfield[0m[34m: footer_script, [1;34msql[0m[34m: DEFINE FIELD OVERWRITE `footer_script` ON TABLE `tabLetter_Head` TYPE option<string> PERMISSIONS FULL;[0m
    [2;3mat[0m crates\spotledger-db\src\schema.rs:741

  [2m2026-04-19T18:15:48.030995Z[0m [34mDEBUG[0m [1;34mspotledger_db::schema[0m[34m: [34msync_user: field DDL ok, [1;34mdoctype[0m[34m: Letter Head, [1;34mfield[0m[34m: footer_script[0m
    [2;3mat[0m crates\spotledger-db\src\schema.rs:746

  [2m2026-04-19T18:15:48.034260Z[0m [34mDEBUG[0m [1;34mspotledger_db::schema[0m[34m: [34msync_user: schema synced, [1;34mdoctype[0m[34m: Letter Head[0m
    [2;3mat[0m crates\spotledger-db\src\schema.rs:762

  [2m2026-04-19T18:15:48.038487Z[0m [33m WARN[0m [1;33mspotledger_db::schema[0m[33m: [33msync_user: system field DDL failed, [1;33mdoctype[0m[33m: Naming Series, [1;33mfield[0m[33m: name, [1;33merror[0m[33m: SurrealDB error: A user generated conversion error occured: Conversion("SyntaxError { diagnostic: Diagnostic { kind: Span { kind: Error, span: Span { offset: 6, len: 0 }, label: None }, next: Some(Diagnostic { kind: Cause(\"Unexpected end of file, expected an expression\"), next: None }) } }")[0m
    [2;3mat[0m crates\spotledger-db\src\schema.rs:659

  [2m2026-04-19T18:15:48.040285Z[0m [33m WARN[0m [1;33mspotledger_db::schema[0m[33m: [33msync_user: system field DDL failed, [1;33mdoctype[0m[33m: Naming Series, [1;33mfield[0m[33m: doctype, [1;33merror[0m[33m: SurrealDB error: A user generated conversion error occured: Conversion("SyntaxError { diagnostic: Diagnostic { kind: Span { kind: Error, span: Span { offset: 6, len: 0 }, label: None }, next: Some(Diagnostic { kind: Cause(\"Unexpected end of file, expected an expression\"), next: None }) } }")[0m
    [2;3mat[0m crates\spotledger-db\src\schema.rs:659

  [2m2026-04-19T18:15:48.042488Z[0m [33m WARN[0m [1;33mspotledger_db::schema[0m[33m: [33msync_user: system field DDL failed, [1;33mdoctype[0m[33m: Naming Series, [1;33mfield[0m[33m: owner, [1;33merror[0m[33m: SurrealDB error: A user generated conversion error occured: Conversion("SyntaxError { diagnostic: Diagnostic { kind: Span { kind: Error, span: Span { offset: 6, len: 0 }, label: None }, next: Some(Diagnostic { kind: Cause(\"Unexpected end of file, expected an expression\"), next: None }) } }")[0m
    [2;3mat[0m crates\spotledger-db\src\schema.rs:659

  [2m2026-04-19T18:15:48.044661Z[0m [33m WARN[0m [1;33mspotledger_db::schema[0m[33m: [33msync_user: system field DDL failed, [1;33mdoctype[0m[33m: Naming Series, [1;33mfield[0m[33m: creation, [1;33merror[0m[33m: SurrealDB error: A user generated conversion error occured: Conversion("SyntaxError { diagnostic: Diagnostic { kind: Span { kind: Error, span: Span { offset: 6, len: 0 }, label: None }, next: Some(Diagnostic { kind: Cause(\"Unexpected end of file, expected an expression\"), next: None }) } }")[0m
    [2;3mat[0m crates\spotledger-db\src\schema.rs:659

  [2m2026-04-19T18:15:48.046448Z[0m [33m WARN[0m [1;33mspotledger_db::schema[0m[33m: [33msync_user: system field DDL failed, [1;33mdoctype[0m[33m: Naming Series, [1;33mfield[0m[33m: modified, [1;33merror[0m[33m: SurrealDB error: A user generated conversion error occured: Conversion("SyntaxError { diagnostic: Diagnostic { kind: Span { kind: Error, span: Span { offset: 6, len: 0 }, label: None }, next: Some(Diagnostic { kind: Cause(\"Unexpected end of file, expected an expression\"), next: None }) } }")[0m
    [2;3mat[0m crates\spotledger-db\src\schema.rs:659

  [2m2026-04-19T18:15:48.048029Z[0m [33m WARN[0m [1;33mspotledger_db::schema[0m[33m: [33msync_user: system field DDL failed, [1;33mdoctype[0m[33m: Naming Series, [1;33mfield[0m[33m: modified_by, [1;33merror[0m[33m: SurrealDB error: A user generated conversion error occured: Conversion("SyntaxError { diagnostic: Diagnostic { kind: Span { kind: Error, span: Span { offset: 6, len: 0 }, label: None }, next: Some(Diagnostic { kind: Cause(\"Unexpected end of file, expected an expression\"), next: None }) } }")[0m
    [2;3mat[0m crates\spotledger-db\src\schema.rs:659

  [2m2026-04-19T18:15:48.050345Z[0m [33m WARN[0m [1;33mspotledger_db::schema[0m[33m: [33msync_user: system field DDL failed, [1;33mdoctype[0m[33m: Naming Series, [1;33mfield[0m[33m: docstatus, [1;33merror[0m[33m: SurrealDB error: A user generated conversion error occured: Conversion("SyntaxError { diagnostic: Diagnostic { kind: Span { kind: Error, span: Span { offset: 6, len: 0 }, label: None }, next: Some(Diagnostic { kind: Cause(\"Unexpected end of file, expected an expression\"), next: None }) } }")[0m
    [2;3mat[0m crates\spotledger-db\src\schema.rs:659

  [2m2026-04-19T18:15:48.052243Z[0m [33m WARN[0m [1;33mspotledger_db::schema[0m[33m: [33msync_user: system field DDL failed, [1;33mdoctype[0m[33m: Naming Series, [1;33mfield[0m[33m: idx, [1;33merror[0m[33m: SurrealDB error: A user generated conversion error occured: Conversion("SyntaxError { diagnostic: Diagnostic { kind: Span { kind: Error, span: Span { offset: 6, len: 0 }, label: None }, next: Some(Diagnostic { kind: Cause(\"Unexpected end of file, expected an expression\"), next: None }) } }")[0m
    [2;3mat[0m crates\spotledger-db\src\schema.rs:659

  [2m2026-04-19T18:15:48.061571Z[0m [34mDEBUG[0m [1;34mspotledger_db::schema[0m[34m: [34msync_user: fields loaded, [1;34mdoctype[0m[34m: Naming Series, [1;34mfield_count[0m[34m: 9[0m
    [2;3mat[0m crates\spotledger-db\src\schema.rs:689

  [2m2026-04-19T18:15:48.062145Z[0m [34mDEBUG[0m [1;34mspotledger_db::schema[0m[34m: [34msync_user: executing field DDL, [1;34mdoctype[0m[34m: Naming Series, [1;34mfield[0m[34m: transaction_type, [1;34msql[0m[34m: DEFINE FIELD OVERWRITE `transaction_type` ON TABLE `tabNaming_Series` TYPE option<string> PERMISSIONS FULL;[0m
    [2;3mat[0m crates\spotledger-db\src\schema.rs:741

  [2m2026-04-19T18:15:48.064042Z[0m [33m WARN[0m [1;33mspotledger_db::schema[0m[33m: [33msync_user: user field DDL failed, [1;33mdoctype[0m[33m: Naming Series, [1;33mfield[0m[33m: transaction_type, [1;33merror[0m[33m: SurrealDB error: A user generated conversion error occured: Conversion("SyntaxError { diagnostic: Diagnostic { kind: Span { kind: Error, span: Span { offset: 6, len: 0 }, label: None }, next: Some(Diagnostic { kind: Cause(\"Unexpected end of file, expected an expression\"), next: None }) } }")[0m
    [2;3mat[0m crates\spotledger-db\src\schema.rs:743

  [2m2026-04-19T18:15:48.064545Z[0m [34mDEBUG[0m [1;34mspotledger_db::schema[0m[34m: [34msync_user: executing field DDL, [1;34mdoctype[0m[34m: Naming Series, [1;34mfield[0m[34m: select, [1;34msql[0m[34m: DEFINE FIELD OVERWRITE `select` ON TABLE `tabNaming_Series` TYPE option<string> PERMISSIONS FULL;[0m
    [2;3mat[0m crates\spotledger-db\src\schema.rs:741

  [2m2026-04-19T18:15:48.066861Z[0m [33m WARN[0m [1;33mspotledger_db::schema[0m[33m: [33msync_user: user field DDL failed, [1;33mdoctype[0m[33m: Naming Series, [1;33mfield[0m[33m: select, [1;33merror[0m[33m: SurrealDB error: A user generated conversion error occured: Conversion("SyntaxError { diagnostic: Diagnostic { kind: Span { kind: Error, span: Span { offset: 6, len: 0 }, label: None }, next: Some(Diagnostic { kind: Cause(\"Unexpected end of file, expected an expression\"), next: None }) } }")[0m
    [2;3mat[0m crates\spotledger-db\src\schema.rs:743

  [2m2026-04-19T18:15:48.067573Z[0m [34mDEBUG[0m [1;34mspotledger_db::schema[0m[34m: [34msync_user: executing field DDL, [1;34mdoctype[0m[34m: Naming Series, [1;34mfield[0m[34m: prefix, [1;34msql[0m[34m: DEFINE FIELD OVERWRITE `prefix` ON TABLE `tabNaming_Series` TYPE option<string> PERMISSIONS FULL;[0m
    [2;3mat[0m crates\spotledger-db\src\schema.rs:741

  [2m2026-04-19T18:15:48.069758Z[0m [33m WARN[0m [1;33mspotledger_db::schema[0m[33m: [33msync_user: user field DDL failed, [1;33mdoctype[0m[33m: Naming Series, [1;33mfield[0m[33m: prefix, [1;33merror[0m[33m: SurrealDB error: A user generated conversion error occured: Conversion("SyntaxError { diagnostic: Diagnostic { kind: Span { kind: Error, span: Span { offset: 6, len: 0 }, label: None }, next: Some(Diagnostic { kind: Cause(\"Unexpected end of file, expected an expression\"), next: None }) } }")[0m
    [2;3mat[0m crates\spotledger-db\src\schema.rs:743

  [2m2026-04-19T18:15:48.070172Z[0m [34mDEBUG[0m [1;34mspotledger_db::schema[0m[34m: [34msync_user: executing field DDL, [1;34mdoctype[0m[34m: Naming Series, [1;34mfield[0m[34m: current, [1;34msql[0m[34m: DEFINE FIELD OVERWRITE `current` ON TABLE `tabNaming_Series` TYPE none | int PERMISSIONS FULL;[0m
    [2;3mat[0m crates\spotledger-db\src\schema.rs:741

  [2m2026-04-19T18:15:48.071698Z[0m [33m WARN[0m [1;33mspotledger_db::schema[0m[33m: [33msync_user: user field DDL failed, [1;33mdoctype[0m[33m: Naming Series, [1;33mfield[0m[33m: current, [1;33merror[0m[33m: SurrealDB error: A user generated conversion error occured: Conversion("SyntaxError { diagnostic: Diagnostic { kind: Span { kind: Error, span: Span { offset: 6, len: 0 }, label: None }, next: Some(Diagnostic { kind: Cause(\"Unexpected end of file, expected an expression\"), next: None }) } }")[0m
    [2;3mat[0m crates\spotledger-db\src\schema.rs:743

  [2m2026-04-19T18:15:48.071969Z[0m [34mDEBUG[0m [1;34mspotledger_db::schema[0m[34m: [34msync_user: executing field DDL, [1;34mdoctype[0m[34m: Naming Series, [1;34mfield[0m[34m: update_series, [1;34msql[0m[34m: DEFINE FIELD OVERWRITE `update_series` ON TABLE `tabNaming_Series` TYPE option<string> PERMISSIONS FULL;[0m
    [2;3mat[0m crates\spotledger-db\src\schema.rs:741

  [2m2026-04-19T18:15:48.073415Z[0m [33m WARN[0m [1;33mspotledger_db::schema[0m[33m: [33msync_user: user field DDL failed, [1;33mdoctype[0m[33m: Naming Series, [1;33mfield[0m[33m: update_series, [1;33merror[0m[33m: SurrealDB error: A user generated conversion error occured: Conversion("SyntaxError { diagnostic: Diagnostic { kind: Span { kind: Error, span: Span { offset: 6, len: 0 }, label: None }, next: Some(Diagnostic { kind: Cause(\"Unexpected end of file, expected an expression\"), next: None }) } }")[0m
    [2;3mat[0m crates\spotledger-db\src\schema.rs:743

  [2m2026-04-19T18:15:48.074117Z[0m [34mDEBUG[0m [1;34mspotledger_db::schema[0m[34m: [34msync_user: executing field DDL, [1;34mdoctype[0m[34m: Naming Series, [1;34mfield[0m[34m: check_series, [1;34msql[0m[34m: DEFINE FIELD OVERWRITE `check_series` ON TABLE `tabNaming_Series` TYPE option<string> PERMISSIONS FULL;[0m
    [2;3mat[0m crates\spotledger-db\src\schema.rs:741

  [2m2026-04-19T18:15:48.076020Z[0m [33m WARN[0m [1;33mspotledger_db::schema[0m[33m: [33msync_user: user field DDL failed, [1;33mdoctype[0m[33m: Naming Series, [1;33mfield[0m[33m: check_series, [1;33merror[0m[33m: SurrealDB error: A user generated conversion error occured: Conversion("SyntaxError { diagnostic: Diagnostic { kind: Span { kind: Error, span: Span { offset: 6, len: 0 }, label: None }, next: Some(Diagnostic { kind: Cause(\"Unexpected end of file, expected an expression\"), next: None }) } }")[0m
    [2;3mat[0m crates\spotledger-db\src\schema.rs:743

  [2m2026-04-19T18:15:48.076403Z[0m [34mDEBUG[0m [1;34mspotledger_db::schema[0m[34m: [34msync_user: executing field DDL, [1;34mdoctype[0m[34m: Naming Series, [1;34mfield[0m[34m: try_prefix, [1;34msql[0m[34m: DEFINE FIELD OVERWRITE `try_prefix` ON TABLE `tabNaming_Series` TYPE option<string> PERMISSIONS FULL;[0m
    [2;3mat[0m crates\spotledger-db\src\schema.rs:741

  [2m2026-04-19T18:15:48.077945Z[0m [33m WARN[0m [1;33mspotledger_db::schema[0m[33m: [33msync_user: user field DDL failed, [1;33mdoctype[0m[33m: Naming Series, [1;33mfield[0m[33m: try_prefix, [1;33merror[0m[33m: SurrealDB error: A user generated conversion error occured: Conversion("SyntaxError { diagnostic: Diagnostic { kind: Span { kind: Error, span: Span { offset: 6, len: 0 }, label: None }, next: Some(Diagnostic { kind: Cause(\"Unexpected end of file, expected an expression\"), next: None }) } }")[0m
    [2;3mat[0m crates\spotledger-db\src\schema.rs:743

  [2m2026-04-19T18:15:48.078335Z[0m [34mDEBUG[0m [1;34mspotledger_db::schema[0m[34m: [34msync_user: executing field DDL, [1;34mdoctype[0m[34m: Naming Series, [1;34mfield[0m[34m: series_list, [1;34msql[0m[34m: DEFINE FIELD OVERWRITE `series_list` ON TABLE `tabNaming_Series` TYPE option<string> PERMISSIONS FULL;[0m
    [2;3mat[0m crates\spotledger-db\src\schema.rs:741

  [2m2026-04-19T18:15:48.079844Z[0m [33m WARN[0m [1;33mspotledger_db::schema[0m[33m: [33msync_user: user field DDL failed, [1;33mdoctype[0m[33m: Naming Series, [1;33mfield[0m[33m: series_list, [1;33merror[0m[33m: SurrealDB error: A user generated conversion error occured: Conversion("SyntaxError { diagnostic: Diagnostic { kind: Span { kind: Error, span: Span { offset: 6, len: 0 }, label: None }, next: Some(Diagnostic { kind: Cause(\"Unexpected end of file, expected an expression\"), next: None }) } }")[0m
    [2;3mat[0m crates\spotledger-db\src\schema.rs:743

  [2m2026-04-19T18:15:48.082549Z[0m [34mDEBUG[0m [1;34mspotledger_db::schema[0m[34m: [34msync_user: schema synced, [1;34mdoctype[0m[34m: Naming Series[0m
    [2;3mat[0m crates\spotledger-db\src\schema.rs:762

  [2m2026-04-19T18:15:48.112558Z[0m [34mDEBUG[0m [1;34mspotledger_db::schema[0m[34m: [34msync_user: fields loaded, [1;34mdoctype[0m[34m: Note, [1;34mfield_count[0m[34m: 5[0m
    [2;3mat[0m crates\spotledger-db\src\schema.rs:689

  [2m2026-04-19T18:15:48.112996Z[0m [34mDEBUG[0m [1;34mspotledger_db::schema[0m[34m: [34msync_user: executing field DDL, [1;34mdoctype[0m[34m: Note, [1;34mfield[0m[34m: title, [1;34msql[0m[34m: DEFINE FIELD OVERWRITE `title` ON TABLE `tabNote` TYPE option<string> PERMISSIONS FULL;[0m
    [2;3mat[0m crates\spotledger-db\src\schema.rs:741

  [2m2026-04-19T18:15:48.117413Z[0m [34mDEBUG[0m [1;34mspotledger_db::schema[0m[34m: [34msync_user: field DDL ok, [1;34mdoctype[0m[34m: Note, [1;34mfield[0m[34m: title[0m
    [2;3mat[0m crates\spotledger-db\src\schema.rs:746

  [2m2026-04-19T18:15:48.118200Z[0m [34mDEBUG[0m [1;34mspotledger_db::schema[0m[34m: [34msync_user: executing field DDL, [1;34mdoctype[0m[34m: Note, [1;34mfield[0m[34m: public, [1;34msql[0m[34m: DEFINE FIELD OVERWRITE `public` ON TABLE `tabNote` TYPE none | int PERMISSIONS FULL DEFAULT 0;[0m
    [2;3mat[0m crates\spotledger-db\src\schema.rs:741

  [2m2026-04-19T18:15:48.121589Z[0m [34mDEBUG[0m [1;34mspotledger_db::schema[0m[34m: [34msync_user: field DDL ok, [1;34mdoctype[0m[34m: Note, [1;34mfield[0m[34m: public[0m
    [2;3mat[0m crates\spotledger-db\src\schema.rs:746

  [2m2026-04-19T18:15:48.121988Z[0m [34mDEBUG[0m [1;34mspotledger_db::schema[0m[34m: [34msync_user: executing field DDL, [1;34mdoctype[0m[34m: Note, [1;34mfield[0m[34m: notify_on_every_login, [1;34msql[0m[34m: DEFINE FIELD OVERWRITE `notify_on_every_login` ON TABLE `tabNote` TYPE none | int PERMISSIONS FULL DEFAULT 0;[0m
    [2;3mat[0m crates\spotledger-db\src\schema.rs:741

  [2m2026-04-19T18:15:48.125237Z[0m [34mDEBUG[0m [1;34mspotledger_db::schema[0m[34m: [34msync_user: field DDL ok, [1;34mdoctype[0m[34m: Note, [1;34mfield[0m[34m: notify_on_every_login[0m
    [2;3mat[0m crates\spotledger-db\src\schema.rs:746

  [2m2026-04-19T18:15:48.125681Z[0m [34mDEBUG[0m [1;34mspotledger_db::schema[0m[34m: [34msync_user: executing field DDL, [1;34mdoctype[0m[34m: Note, [1;34mfield[0m[34m: content, [1;34msql[0m[34m: DEFINE FIELD OVERWRITE `content` ON TABLE `tabNote` TYPE option<string> PERMISSIONS FULL;[0m
    [2;3mat[0m crates\spotledger-db\src\schema.rs:741

  [2m2026-04-19T18:15:48.129109Z[0m [34mDEBUG[0m [1;34mspotledger_db::schema[0m[34m: [34msync_user: field DDL ok, [1;34mdoctype[0m[34m: Note, [1;34mfield[0m[34m: content[0m
    [2;3mat[0m crates\spotledger-db\src\schema.rs:746

  [2m2026-04-19T18:15:48.129419Z[0m [34mDEBUG[0m [1;34mspotledger_db::schema[0m[34m: [34msync_user: executing field DDL, [1;34mdoctype[0m[34m: Note, [1;34mfield[0m[34m: seen_by, [1;34msql[0m[34m: DEFINE FIELD OVERWRITE `seen_by` ON TABLE `tabNote` TYPE any PERMISSIONS FULL;[0m
    [2;3mat[0m crates\spotledger-db\src\schema.rs:741

  [2m2026-04-19T18:15:48.132616Z[0m [34mDEBUG[0m [1;34mspotledger_db::schema[0m[34m: [34msync_user: field DDL ok, [1;34mdoctype[0m[34m: Note, [1;34mfield[0m[34m: seen_by[0m
    [2;3mat[0m crates\spotledger-db\src\schema.rs:746

  [2m2026-04-19T18:15:48.136072Z[0m [34mDEBUG[0m [1;34mspotledger_db::schema[0m[34m: [34msync_user: schema synced, [1;34mdoctype[0m[34m: Note[0m
    [2;3mat[0m crates\spotledger-db\src\schema.rs:762

  [2m2026-04-19T18:15:48.169732Z[0m [34mDEBUG[0m [1;34mspotledger_db::schema[0m[34m: [34msync_user: fields loaded, [1;34mdoctype[0m[34m: Notification, [1;34mfield_count[0m[34m: 17[0m
    [2;3mat[0m crates\spotledger-db\src\schema.rs:689

  [2m2026-04-19T18:15:48.170164Z[0m [34mDEBUG[0m [1;34mspotledger_db::schema[0m[34m: [34msync_user: executing field DDL, [1;34mdoctype[0m[34m: Notification, [1;34mfield[0m[34m: name, [1;34msql[0m[34m: DEFINE FIELD OVERWRITE `name` ON TABLE `tabNotification` TYPE option<string> PERMISSIONS FULL;[0m
    [2;3mat[0m crates\spotledger-db\src\schema.rs:741

  [2m2026-04-19T18:15:48.173234Z[0m [34mDEBUG[0m [1;34mspotledger_db::schema[0m[34m: [34msync_user: field DDL ok, [1;34mdoctype[0m[34m: Notification, [1;34mfield[0m[34m: name[0m
    [2;3mat[0m crates\spotledger-db\src\schema.rs:746

  [2m2026-04-19T18:15:48.173644Z[0m [34mDEBUG[0m [1;34mspotledger_db::schema[0m[34m: [34msync_user: executing field DDL, [1;34mdoctype[0m[34m: Notification, [1;34mfield[0m[34m: subject, [1;34msql[0m[34m: DEFINE FIELD OVERWRITE `subject` ON TABLE `tabNotification` TYPE option<string> PERMISSIONS FULL;[0m
    [2;3mat[0m crates\spotledger-db\src\schema.rs:741

  [2m2026-04-19T18:15:48.177095Z[0m [34mDEBUG[0m [1;34mspotledger_db::schema[0m[34m: [34msync_user: field DDL ok, [1;34mdoctype[0m[34m: Notification, [1;34mfield[0m[34m: subject[0m
    [2;3mat[0m crates\spotledger-db\src\schema.rs:746

  [2m2026-04-19T18:15:48.177437Z[0m [34mDEBUG[0m [1;34mspotledger_db::schema[0m[34m: [34msync_user: executing field DDL, [1;34mdoctype[0m[34m: Notification, [1;34mfield[0m[34m: email_or_slack, [1;34msql[0m[34m: DEFINE FIELD OVERWRITE `email_or_slack` ON TABLE `tabNotification` TYPE option<string> PERMISSIONS FULL;[0m
    [2;3mat[0m crates\spotledger-db\src\schema.rs:741

  [2m2026-04-19T18:15:48.180309Z[0m [34mDEBUG[0m [1;34mspotledger_db::schema[0m[34m: [34msync_user: field DDL ok, [1;34mdoctype[0m[34m: Notification, [1;34mfield[0m[34m: email_or_slack[0m
    [2;3mat[0m crates\spotledger-db\src\schema.rs:746

  [2m2026-04-19T18:15:48.180610Z[0m [34mDEBUG[0m [1;34mspotledger_db::schema[0m[34m: [34msync_user: executing field DDL, [1;34mdoctype[0m[34m: Notification, [1;34mfield[0m[34m: channel, [1;34msql[0m[34m: DEFINE FIELD OVERWRITE `channel` ON TABLE `tabNotification` TYPE option<string> PERMISSIONS FULL;[0m
    [2;3mat[0m crates\spotledger-db\src\schema.rs:741

  [2m2026-04-19T18:15:48.185478Z[0m [34mDEBUG[0m [1;34mspotledger_db::schema[0m[34m: [34msync_user: field DDL ok, [1;34mdoctype[0m[34m: Notification, [1;34mfield[0m[34m: channel[0m
    [2;3mat[0m crates\spotledger-db\src\schema.rs:746

  [2m2026-04-19T18:15:48.185880Z[0m [34mDEBUG[0m [1;34mspotledger_db::schema[0m[34m: [34msync_user: executing field DDL, [1;34mdoctype[0m[34m: Notification, [1;34mfield[0m[34m: enabled, [1;34msql[0m[34m: DEFINE FIELD OVERWRITE `enabled` ON TABLE `tabNotification` TYPE none | int PERMISSIONS FULL DEFAULT 0;[0m
    [2;3mat[0m crates\spotledger-db\src\schema.rs:741

  [2m2026-04-19T18:15:48.189014Z[0m [34mDEBUG[0m [1;34mspotledger_db::schema[0m[34m: [34msync_user: field DDL ok, [1;34mdoctype[0m[34m: Notification, [1;34mfield[0m[34m: enabled[0m
    [2;3mat[0m crates\spotledger-db\src\schema.rs:746

  [2m2026-04-19T18:15:48.189306Z[0m [34mDEBUG[0m [1;34mspotledger_db::schema[0m[34m: [34msync_user: executing field DDL, [1;34mdoctype[0m[34m: Notification, [1;34mfield[0m[34m: document_type, [1;34msql[0m[34m: DEFINE FIELD OVERWRITE `document_type` ON TABLE `tabNotification` TYPE option<string> PERMISSIONS FULL;[0m
    [2;3mat[0m crates\spotledger-db\src\schema.rs:741

  [2m2026-04-19T18:15:48.192359Z[0m [34mDEBUG[0m [1;34mspotledger_db::schema[0m[34m: [34msync_user: field DDL ok, [1;34mdoctype[0m[34m: Notification, [1;34mfield[0m[34m: document_type[0m
    [2;3mat[0m crates\spotledger-db\src\schema.rs:746

  [2m2026-04-19T18:15:48.192680Z[0m [34mDEBUG[0m [1;34mspotledger_db::schema[0m[34m: [34msync_user: executing field DDL, [1;34mdoctype[0m[34m: Notification, [1;34mfield[0m[34m: event, [1;34msql[0m[34m: DEFINE FIELD OVERWRITE `event` ON TABLE `tabNotification` TYPE option<string> PERMISSIONS FULL;[0m
    [2;3mat[0m crates\spotledger-db\src\schema.rs:741

  [2m2026-04-19T18:15:48.195534Z[0m [34mDEBUG[0m [1;34mspotledger_db::schema[0m[34m: [34msync_user: field DDL ok, [1;34mdoctype[0m[34m: Notification, [1;34mfield[0m[34m: event[0m
    [2;3mat[0m crates\spotledger-db\src\schema.rs:746

  [2m2026-04-19T18:15:48.195838Z[0m [34mDEBUG[0m [1;34mspotledger_db::schema[0m[34m: [34msync_user: executing field DDL, [1;34mdoctype[0m[34m: Notification, [1;34mfield[0m[34m: is_standard, [1;34msql[0m[34m: DEFINE FIELD OVERWRITE `is_standard` ON TABLE `tabNotification` TYPE none | int PERMISSIONS FULL DEFAULT 0;[0m
    [2;3mat[0m crates\spotledger-db\src\schema.rs:741

  [2m2026-04-19T18:15:48.199513Z[0m [34mDEBUG[0m [1;34mspotledger_db::schema[0m[34m: [34msync_user: field DDL ok, [1;34mdoctype[0m[34m: Notification, [1;34mfield[0m[34m: is_standard[0m
    [2;3mat[0m crates\spotledger-db\src\schema.rs:746

  [2m2026-04-19T18:15:48.200399Z[0m [34mDEBUG[0m [1;34mspotledger_db::schema[0m[34m: [34msync_user: executing field DDL, [1;34mdoctype[0m[34m: Notification, [1;34mfield[0m[34m: module, [1;34msql[0m[34m: DEFINE FIELD OVERWRITE `module` ON TABLE `tabNotification` TYPE option<string> PERMISSIONS FULL;[0m
    [2;3mat[0m crates\spotledger-db\src\schema.rs:741

  [2m2026-04-19T18:15:48.204104Z[0m [34mDEBUG[0m [1;34mspotledger_db::schema[0m[34m: [34msync_user: field DDL ok, [1;34mdoctype[0m[34m: Notification, [1;34mfield[0m[34m: module[0m
    [2;3mat[0m crates\spotledger-db\src\schema.rs:746

  [2m2026-04-19T18:15:48.204426Z[0m [34mDEBUG[0m [1;34mspotledger_db::schema[0m[34m: [34msync_user: executing field DDL, [1;34mdoctype[0m[34m: Notification, [1;34mfield[0m[34m: send_system_notification, [1;34msql[0m[34m: DEFINE FIELD OVERWRITE `send_system_notification` ON TABLE `tabNotification` TYPE none | int PERMISSIONS FULL DEFAULT 0;[0m
    [2;3mat[0m crates\spotledger-db\src\schema.rs:741

  [2m2026-04-19T18:15:48.207569Z[0m [34mDEBUG[0m [1;34mspotledger_db::schema[0m[34m: [34msync_user: field DDL ok, [1;34mdoctype[0m[34m: Notification, [1;34mfield[0m[34m: send_system_notification[0m
    [2;3mat[0m crates\spotledger-db\src\schema.rs:746

  [2m2026-04-19T18:15:48.207947Z[0m [34mDEBUG[0m [1;34mspotledger_db::schema[0m[34m: [34msync_user: executing field DDL, [1;34mdoctype[0m[34m: Notification, [1;34mfield[0m[34m: send_to_all_assignees, [1;34msql[0m[34m: DEFINE FIELD OVERWRITE `send_to_all_assignees` ON TABLE `tabNotification` TYPE none | int PERMISSIONS FULL DEFAULT 0;[0m
    [2;3mat[0m crates\spotledger-db\src\schema.rs:741

  [2m2026-04-19T18:15:48.211000Z[0m [34mDEBUG[0m [1;34mspotledger_db::schema[0m[34m: [34msync_user: field DDL ok, [1;34mdoctype[0m[34m: Notification, [1;34mfield[0m[34m: send_to_all_assignees[0m
    [2;3mat[0m crates\spotledger-db\src\schema.rs:746

  [2m2026-04-19T18:15:48.211404Z[0m [34mDEBUG[0m [1;34mspotledger_db::schema[0m[34m: [34msync_user: executing field DDL, [1;34mdoctype[0m[34m: Notification, [1;34mfield[0m[34m: recipients, [1;34msql[0m[34m: DEFINE FIELD OVERWRITE `recipients` ON TABLE `tabNotification` TYPE any PERMISSIONS FULL;[0m
    [2;3mat[0m crates\spotledger-db\src\schema.rs:741

  [2m2026-04-19T18:15:48.214674Z[0m [34mDEBUG[0m [1;34mspotledger_db::schema[0m[34m: [34msync_user: field DDL ok, [1;34mdoctype[0m[34m: Notification, [1;34mfield[0m[34m: recipients[0m
    [2;3mat[0m crates\spotledger-db\src\schema.rs:746

  [2m2026-04-19T18:15:48.215681Z[0m [34mDEBUG[0m [1;34mspotledger_db::schema[0m[34m: [34msync_user: executing field DDL, [1;34mdoctype[0m[34m: Notification, [1;34mfield[0m[34m: cc, [1;34msql[0m[34m: DEFINE FIELD OVERWRITE `cc` ON TABLE `tabNotification` TYPE option<string> PERMISSIONS FULL;[0m
    [2;3mat[0m crates\spotledger-db\src\schema.rs:741

  [2m2026-04-19T18:15:48.219656Z[0m [34mDEBUG[0m [1;34mspotledger_db::schema[0m[34m: [34msync_user: field DDL ok, [1;34mdoctype[0m[34m: Notification, [1;34mfield[0m[34m: cc[0m
    [2;3mat[0m crates\spotledger-db\src\schema.rs:746

  [2m2026-04-19T18:15:48.220176Z[0m [34mDEBUG[0m [1;34mspotledger_db::schema[0m[34m: [34msync_user: executing field DDL, [1;34mdoctype[0m[34m: Notification, [1;34mfield[0m[34m: bcc, [1;34msql[0m[34m: DEFINE FIELD OVERWRITE `bcc` ON TABLE `tabNotification` TYPE option<string> PERMISSIONS FULL;[0m
    [2;3mat[0m crates\spotledger-db\src\schema.rs:741

  [2m2026-04-19T18:15:48.223024Z[0m [34mDEBUG[0m [1;34mspotledger_db::schema[0m[34m: [34msync_user: field DDL ok, [1;34mdoctype[0m[34m: Notification, [1;34mfield[0m[34m: bcc[0m
    [2;3mat[0m crates\spotledger-db\src\schema.rs:746

  [2m2026-04-19T18:15:48.223616Z[0m [34mDEBUG[0m [1;34mspotledger_db::schema[0m[34m: [34msync_user: executing field DDL, [1;34mdoctype[0m[34m: Notification, [1;34mfield[0m[34m: message_template, [1;34msql[0m[34m: DEFINE FIELD OVERWRITE `message_template` ON TABLE `tabNotification` TYPE option<string> PERMISSIONS FULL;[0m
    [2;3mat[0m crates\spotledger-db\src\schema.rs:741

  [2m2026-04-19T18:15:48.226640Z[0m [34mDEBUG[0m [1;34mspotledger_db::schema[0m[34m: [34msync_user: field DDL ok, [1;34mdoctype[0m[34m: Notification, [1;34mfield[0m[34m: message_template[0m
    [2;3mat[0m crates\spotledger-db\src\schema.rs:746

  [2m2026-04-19T18:15:48.227103Z[0m [34mDEBUG[0m [1;34mspotledger_db::schema[0m[34m: [34msync_user: executing field DDL, [1;34mdoctype[0m[34m: Notification, [1;34mfield[0m[34m: message, [1;34msql[0m[34m: DEFINE FIELD OVERWRITE `message` ON TABLE `tabNotification` TYPE option<string> PERMISSIONS FULL;[0m
    [2;3mat[0m crates\spotledger-db\src\schema.rs:741

  [2m2026-04-19T18:15:48.230416Z[0m [34mDEBUG[0m [1;34mspotledger_db::schema[0m[34m: [34msync_user: field DDL ok, [1;34mdoctype[0m[34m: Notification, [1;34mfield[0m[34m: message[0m
    [2;3mat[0m crates\spotledger-db\src\schema.rs:746

  [2m2026-04-19T18:15:48.230831Z[0m [34mDEBUG[0m [1;34mspotledger_db::schema[0m[34m: [34msync_user: executing field DDL, [1;34mdoctype[0m[34m: Notification, [1;34mfield[0m[34m: condition, [1;34msql[0m[34m: DEFINE FIELD OVERWRITE `condition` ON TABLE `tabNotification` TYPE option<string> PERMISSIONS FULL;[0m
    [2;3mat[0m crates\spotledger-db\src\schema.rs:741

  [2m2026-04-19T18:15:48.234753Z[0m [34mDEBUG[0m [1;34mspotledger_db::schema[0m[34m: [34msync_user: field DDL ok, [1;34mdoctype[0m[34m: Notification, [1;34mfield[0m[34m: condition[0m
    [2;3mat[0m crates\spotledger-db\src\schema.rs:746

  [2m2026-04-19T18:15:48.237575Z[0m [34mDEBUG[0m [1;34mspotledger_db::schema[0m[34m: [34msync_user: schema synced, [1;34mdoctype[0m[34m: Notification[0m
    [2;3mat[0m crates\spotledger-db\src\schema.rs:762

  [2m2026-04-19T18:15:48.271154Z[0m [34mDEBUG[0m [1;34mspotledger_db::schema[0m[34m: [34msync_user: fields loaded, [1;34mdoctype[0m[34m: Print Format, [1;34mfield_count[0m[34m: 16[0m
    [2;3mat[0m crates\spotledger-db\src\schema.rs:689

  [2m2026-04-19T18:15:48.271787Z[0m [34mDEBUG[0m [1;34mspotledger_db::schema[0m[34m: [34msync_user: executing field DDL, [1;34mdoctype[0m[34m: Print Format, [1;34mfield[0m[34m: doc_type, [1;34msql[0m[34m: DEFINE FIELD OVERWRITE `doc_type` ON TABLE `tabPrint_Format` TYPE option<string> PERMISSIONS FULL;[0m
    [2;3mat[0m crates\spotledger-db\src\schema.rs:741

  [2m2026-04-19T18:15:48.275933Z[0m [34mDEBUG[0m [1;34mspotledger_db::schema[0m[34m: [34msync_user: field DDL ok, [1;34mdoctype[0m[34m: Print Format, [1;34mfield[0m[34m: doc_type[0m
    [2;3mat[0m crates\spotledger-db\src\schema.rs:746

  [2m2026-04-19T18:15:48.276686Z[0m [34mDEBUG[0m [1;34mspotledger_db::schema[0m[34m: [34msync_user: executing field DDL, [1;34mdoctype[0m[34m: Print Format, [1;34mfield[0m[34m: module, [1;34msql[0m[34m: DEFINE FIELD OVERWRITE `module` ON TABLE `tabPrint_Format` TYPE option<string> PERMISSIONS FULL;[0m
    [2;3mat[0m crates\spotledger-db\src\schema.rs:741

  [2m2026-04-19T18:15:48.281013Z[0m [34mDEBUG[0m [1;34mspotledger_db::schema[0m[34m: [34msync_user: field DDL ok, [1;34mdoctype[0m[34m: Print Format, [1;34mfield[0m[34m: module[0m
    [2;3mat[0m crates\spotledger-db\src\schema.rs:746

  [2m2026-04-19T18:15:48.281959Z[0m [34mDEBUG[0m [1;34mspotledger_db::schema[0m[34m: [34msync_user: executing field DDL, [1;34mdoctype[0m[34m: Print Format, [1;34mfield[0m[34m: disabled, [1;34msql[0m[34m: DEFINE FIELD OVERWRITE `disabled` ON TABLE `tabPrint_Format` TYPE none | int PERMISSIONS FULL DEFAULT 0;[0m
    [2;3mat[0m crates\spotledger-db\src\schema.rs:741

  [2m2026-04-19T18:15:48.285983Z[0m [34mDEBUG[0m [1;34mspotledger_db::schema[0m[34m: [34msync_user: field DDL ok, [1;34mdoctype[0m[34m: Print Format, [1;34mfield[0m[34m: disabled[0m
    [2;3mat[0m crates\spotledger-db\src\schema.rs:746

  [2m2026-04-19T18:15:48.286544Z[0m [34mDEBUG[0m [1;34mspotledger_db::schema[0m[34m: [34msync_user: executing field DDL, [1;34mdoctype[0m[34m: Print Format, [1;34mfield[0m[34m: standard, [1;34msql[0m[34m: DEFINE FIELD OVERWRITE `standard` ON TABLE `tabPrint_Format` TYPE option<string> PERMISSIONS FULL;[0m
    [2;3mat[0m crates\spotledger-db\src\schema.rs:741

  [2m2026-04-19T18:15:48.289747Z[0m [34mDEBUG[0m [1;34mspotledger_db::schema[0m[34m: [34msync_user: field DDL ok, [1;34mdoctype[0m[34m: Print Format, [1;34mfield[0m[34m: standard[0m
    [2;3mat[0m crates\spotledger-db\src\schema.rs:746

  [2m2026-04-19T18:15:48.290353Z[0m [34mDEBUG[0m [1;34mspotledger_db::schema[0m[34m: [34msync_user: executing field DDL, [1;34mdoctype[0m[34m: Print Format, [1;34mfield[0m[34m: custom_format, [1;34msql[0m[34m: DEFINE FIELD OVERWRITE `custom_format` ON TABLE `tabPrint_Format` TYPE none | int PERMISSIONS FULL DEFAULT 0;[0m
    [2;3mat[0m crates\spotledger-db\src\schema.rs:741

  [2m2026-04-19T18:15:48.293430Z[0m [34mDEBUG[0m [1;34mspotledger_db::schema[0m[34m: [34msync_user: field DDL ok, [1;34mdoctype[0m[34m: Print Format, [1;34mfield[0m[34m: custom_format[0m
    [2;3mat[0m crates\spotledger-db\src\schema.rs:746

  [2m2026-04-19T18:15:48.293842Z[0m [34mDEBUG[0m [1;34mspotledger_db::schema[0m[34m: [34msync_user: executing field DDL, [1;34mdoctype[0m[34m: Print Format, [1;34mfield[0m[34m: print_format_type, [1;34msql[0m[34m: DEFINE FIELD OVERWRITE `print_format_type` ON TABLE `tabPrint_Format` TYPE option<string> PERMISSIONS FULL;[0m
    [2;3mat[0m crates\spotledger-db\src\schema.rs:741

  [2m2026-04-19T18:15:48.297127Z[0m [34mDEBUG[0m [1;34mspotledger_db::schema[0m[34m: [34msync_user: field DDL ok, [1;34mdoctype[0m[34m: Print Format, [1;34mfield[0m[34m: print_format_type[0m
    [2;3mat[0m crates\spotledger-db\src\schema.rs:746

  [2m2026-04-19T18:15:48.297809Z[0m [34mDEBUG[0m [1;34mspotledger_db::schema[0m[34m: [34msync_user: executing field DDL, [1;34mdoctype[0m[34m: Print Format, [1;34mfield[0m[34m: raw_printing, [1;34msql[0m[34m: DEFINE FIELD OVERWRITE `raw_printing` ON TABLE `tabPrint_Format` TYPE none | int PERMISSIONS FULL DEFAULT 0;[0m
    [2;3mat[0m crates\spotledger-db\src\schema.rs:741

  [2m2026-04-19T18:15:48.301861Z[0m [34mDEBUG[0m [1;34mspotledger_db::schema[0m[34m: [34msync_user: field DDL ok, [1;34mdoctype[0m[34m: Print Format, [1;34mfield[0m[34m: raw_printing[0m
    [2;3mat[0m crates\spotledger-db\src\schema.rs:746

  [2m2026-04-19T18:15:48.302455Z[0m [34mDEBUG[0m [1;34mspotledger_db::schema[0m[34m: [34msync_user: executing field DDL, [1;34mdoctype[0m[34m: Print Format, [1;34mfield[0m[34m: html, [1;34msql[0m[34m: DEFINE FIELD OVERWRITE `html` ON TABLE `tabPrint_Format` TYPE option<string> PERMISSIONS FULL;[0m
    [2;3mat[0m crates\spotledger-db\src\schema.rs:741

  [2m2026-04-19T18:15:48.305584Z[0m [34mDEBUG[0m [1;34mspotledger_db::schema[0m[34m: [34msync_user: field DDL ok, [1;34mdoctype[0m[34m: Print Format, [1;34mfield[0m[34m: html[0m
    [2;3mat[0m crates\spotledger-db\src\schema.rs:746

  [2m2026-04-19T18:15:48.306636Z[0m [34mDEBUG[0m [1;34mspotledger_db::schema[0m[34m: [34msync_user: executing field DDL, [1;34mdoctype[0m[34m: Print Format, [1;34mfield[0m[34m: raw_commands, [1;34msql[0m[34m: DEFINE FIELD OVERWRITE `raw_commands` ON TABLE `tabPrint_Format` TYPE option<string> PERMISSIONS FULL;[0m
    [2;3mat[0m crates\spotledger-db\src\schema.rs:741

  [2m2026-04-19T18:15:48.310159Z[0m [34mDEBUG[0m [1;34mspotledger_db::schema[0m[34m: [34msync_user: field DDL ok, [1;34mdoctype[0m[34m: Print Format, [1;34mfield[0m[34m: raw_commands[0m
    [2;3mat[0m crates\spotledger-db\src\schema.rs:746

  [2m2026-04-19T18:15:48.310707Z[0m [34mDEBUG[0m [1;34mspotledger_db::schema[0m[34m: [34msync_user: executing field DDL, [1;34mdoctype[0m[34m: Print Format, [1;34mfield[0m[34m: align_labels_right, [1;34msql[0m[34m: DEFINE FIELD OVERWRITE `align_labels_right` ON TABLE `tabPrint_Format` TYPE none | int PERMISSIONS FULL DEFAULT 0;[0m
    [2;3mat[0m crates\spotledger-db\src\schema.rs:741

  [2m2026-04-19T18:15:48.314024Z[0m [34mDEBUG[0m [1;34mspotledger_db::schema[0m[34m: [34msync_user: field DDL ok, [1;34mdoctype[0m[34m: Print Format, [1;34mfield[0m[34m: align_labels_right[0m
    [2;3mat[0m crates\spotledger-db\src\schema.rs:746

  [2m2026-04-19T18:15:48.314624Z[0m [34mDEBUG[0m [1;34mspotledger_db::schema[0m[34m: [34msync_user: executing field DDL, [1;34mdoctype[0m[34m: Print Format, [1;34mfield[0m[34m: show_section_headings, [1;34msql[0m[34m: DEFINE FIELD OVERWRITE `show_section_headings` ON TABLE `tabPrint_Format` TYPE none | int PERMISSIONS FULL DEFAULT 0;[0m
    [2;3mat[0m crates\spotledger-db\src\schema.rs:741

  [2m2026-04-19T18:15:48.319231Z[0m [34mDEBUG[0m [1;34mspotledger_db::schema[0m[34m: [34msync_user: field DDL ok, [1;34mdoctype[0m[34m: Print Format, [1;34mfield[0m[34m: show_section_headings[0m
    [2;3mat[0m crates\spotledger-db\src\schema.rs:746

  [2m2026-04-19T18:15:48.319594Z[0m [34mDEBUG[0m [1;34mspotledger_db::schema[0m[34m: [34msync_user: executing field DDL, [1;34mdoctype[0m[34m: Print Format, [1;34mfield[0m[34m: default_print_language, [1;34msql[0m[34m: DEFINE FIELD OVERWRITE `default_print_language` ON TABLE `tabPrint_Format` TYPE option<string> PERMISSIONS FULL;[0m
    [2;3mat[0m crates\spotledger-db\src\schema.rs:741

  [2m2026-04-19T18:15:48.322598Z[0m [34mDEBUG[0m [1;34mspotledger_db::schema[0m[34m: [34msync_user: field DDL ok, [1;34mdoctype[0m[34m: Print Format, [1;34mfield[0m[34m: default_print_language[0m
    [2;3mat[0m crates\spotledger-db\src\schema.rs:746

  [2m2026-04-19T18:15:48.322997Z[0m [34mDEBUG[0m [1;34mspotledger_db::schema[0m[34m: [34msync_user: executing field DDL, [1;34mdoctype[0m[34m: Print Format, [1;34mfield[0m[34m: font, [1;34msql[0m[34m: DEFINE FIELD OVERWRITE `font` ON TABLE `tabPrint_Format` TYPE option<string> PERMISSIONS FULL;[0m
    [2;3mat[0m crates\spotledger-db\src\schema.rs:741

  [2m2026-04-19T18:15:48.326025Z[0m [34mDEBUG[0m [1;34mspotledger_db::schema[0m[34m: [34msync_user: field DDL ok, [1;34mdoctype[0m[34m: Print Format, [1;34mfield[0m[34m: font[0m
    [2;3mat[0m crates\spotledger-db\src\schema.rs:746

  [2m2026-04-19T18:15:48.326434Z[0m [34mDEBUG[0m [1;34mspotledger_db::schema[0m[34m: [34msync_user: executing field DDL, [1;34mdoctype[0m[34m: Print Format, [1;34mfield[0m[34m: css, [1;34msql[0m[34m: DEFINE FIELD OVERWRITE `css` ON TABLE `tabPrint_Format` TYPE option<string> PERMISSIONS FULL;[0m
    [2;3mat[0m crates\spotledger-db\src\schema.rs:741

  [2m2026-04-19T18:15:48.329634Z[0m [34mDEBUG[0m [1;34mspotledger_db::schema[0m[34m: [34msync_user: field DDL ok, [1;34mdoctype[0m[34m: Print Format, [1;34mfield[0m[34m: css[0m
    [2;3mat[0m crates\spotledger-db\src\schema.rs:746

  [2m2026-04-19T18:15:48.330053Z[0m [34mDEBUG[0m [1;34mspotledger_db::schema[0m[34m: [34msync_user: executing field DDL, [1;34mdoctype[0m[34m: Print Format, [1;34mfield[0m[34m: format_data, [1;34msql[0m[34m: DEFINE FIELD OVERWRITE `format_data` ON TABLE `tabPrint_Format` TYPE option<string> PERMISSIONS FULL;[0m
    [2;3mat[0m crates\spotledger-db\src\schema.rs:741

  [2m2026-04-19T18:15:48.334013Z[0m [34mDEBUG[0m [1;34mspotledger_db::schema[0m[34m: [34msync_user: field DDL ok, [1;34mdoctype[0m[34m: Print Format, [1;34mfield[0m[34m: format_data[0m
    [2;3mat[0m crates\spotledger-db\src\schema.rs:746

  [2m2026-04-19T18:15:48.334490Z[0m [34mDEBUG[0m [1;34mspotledger_db::schema[0m[34m: [34msync_user: executing field DDL, [1;34mdoctype[0m[34m: Print Format, [1;34mfield[0m[34m: absolute_value, [1;34msql[0m[34m: DEFINE FIELD OVERWRITE `absolute_value` ON TABLE `tabPrint_Format` TYPE none | int PERMISSIONS FULL DEFAULT 0;[0m
    [2;3mat[0m crates\spotledger-db\src\schema.rs:741

  [2m2026-04-19T18:15:48.338514Z[0m [34mDEBUG[0m [1;34mspotledger_db::schema[0m[34m: [34msync_user: field DDL ok, [1;34mdoctype[0m[34m: Print Format, [1;34mfield[0m[34m: absolute_value[0m
    [2;3mat[0m crates\spotledger-db\src\schema.rs:746

  [2m2026-04-19T18:15:48.341049Z[0m [34mDEBUG[0m [1;34mspotledger_db::schema[0m[34m: [34msync_user: schema synced, [1;34mdoctype[0m[34m: Print Format[0m
    [2;3mat[0m crates\spotledger-db\src\schema.rs:762

  [2m2026-04-19T18:15:48.372499Z[0m [34mDEBUG[0m [1;34mspotledger_db::schema[0m[34m: [34msync_user: fields loaded, [1;34mdoctype[0m[34m: Print Heading, [1;34mfield_count[0m[34m: 2[0m
    [2;3mat[0m crates\spotledger-db\src\schema.rs:689

  [2m2026-04-19T18:15:48.372919Z[0m [34mDEBUG[0m [1;34mspotledger_db::schema[0m[34m: [34msync_user: executing field DDL, [1;34mdoctype[0m[34m: Print Heading, [1;34mfield[0m[34m: print_heading, [1;34msql[0m[34m: DEFINE FIELD OVERWRITE `print_heading` ON TABLE `tabPrint_Heading` TYPE option<string> PERMISSIONS FULL;[0m
    [2;3mat[0m crates\spotledger-db\src\schema.rs:741

  [2m2026-04-19T18:15:48.376051Z[0m [34mDEBUG[0m [1;34mspotledger_db::schema[0m[34m: [34msync_user: field DDL ok, [1;34mdoctype[0m[34m: Print Heading, [1;34mfield[0m[34m: print_heading[0m
    [2;3mat[0m crates\spotledger-db\src\schema.rs:746

  [2m2026-04-19T18:15:48.376361Z[0m [34mDEBUG[0m [1;34mspotledger_db::schema[0m[34m: [34msync_user: executing field DDL, [1;34mdoctype[0m[34m: Print Heading, [1;34mfield[0m[34m: description, [1;34msql[0m[34m: DEFINE FIELD OVERWRITE `description` ON TABLE `tabPrint_Heading` TYPE option<string> PERMISSIONS FULL;[0m
    [2;3mat[0m crates\spotledger-db\src\schema.rs:741

  [2m2026-04-19T18:15:48.379417Z[0m [34mDEBUG[0m [1;34mspotledger_db::schema[0m[34m: [34msync_user: field DDL ok, [1;34mdoctype[0m[34m: Print Heading, [1;34mfield[0m[34m: description[0m
    [2;3mat[0m crates\spotledger-db\src\schema.rs:746

  [2m2026-04-19T18:15:48.382408Z[0m [34mDEBUG[0m [1;34mspotledger_db::schema[0m[34m: [34msync_user: schema synced, [1;34mdoctype[0m[34m: Print Heading[0m
    [2;3mat[0m crates\spotledger-db\src\schema.rs:762

  [2m2026-04-19T18:15:48.414158Z[0m [34mDEBUG[0m [1;34mspotledger_db::schema[0m[34m: [34msync_user: fields loaded, [1;34mdoctype[0m[34m: Print Settings, [1;34mfield_count[0m[34m: 13[0m
    [2;3mat[0m crates\spotledger-db\src\schema.rs:689

  [2m2026-04-19T18:15:48.414656Z[0m [34mDEBUG[0m [1;34mspotledger_db::schema[0m[34m: [34msync_user: executing field DDL, [1;34mdoctype[0m[34m: Print Settings, [1;34mfield[0m[34m: print_style, [1;34msql[0m[34m: DEFINE FIELD OVERWRITE `print_style` ON TABLE `tabPrint_Settings` TYPE option<string> PERMISSIONS FULL;[0m
    [2;3mat[0m crates\spotledger-db\src\schema.rs:741

  [2m2026-04-19T18:15:48.419492Z[0m [34mDEBUG[0m [1;34mspotledger_db::schema[0m[34m: [34msync_user: field DDL ok, [1;34mdoctype[0m[34m: Print Settings, [1;34mfield[0m[34m: print_style[0m
    [2;3mat[0m crates\spotledger-db\src\schema.rs:746

  [2m2026-04-19T18:15:48.420008Z[0m [34mDEBUG[0m [1;34mspotledger_db::schema[0m[34m: [34msync_user: executing field DDL, [1;34mdoctype[0m[34m: Print Settings, [1;34mfield[0m[34m: print_with_letterhead, [1;34msql[0m[34m: DEFINE FIELD OVERWRITE `print_with_letterhead` ON TABLE `tabPrint_Settings` TYPE none | int PERMISSIONS FULL DEFAULT 0;[0m
    [2;3mat[0m crates\spotledger-db\src\schema.rs:741

  [2m2026-04-19T18:15:48.422875Z[0m [34mDEBUG[0m [1;34mspotledger_db::schema[0m[34m: [34msync_user: field DDL ok, [1;34mdoctype[0m[34m: Print Settings, [1;34mfield[0m[34m: print_with_letterhead[0m
    [2;3mat[0m crates\spotledger-db\src\schema.rs:746

  [2m2026-04-19T18:15:48.423429Z[0m [34mDEBUG[0m [1;34mspotledger_db::schema[0m[34m: [34msync_user: executing field DDL, [1;34mdoctype[0m[34m: Print Settings, [1;34mfield[0m[34m: allow_print_for_draft, [1;34msql[0m[34m: DEFINE FIELD OVERWRITE `allow_print_for_draft` ON TABLE `tabPrint_Settings` TYPE none | int PERMISSIONS FULL DEFAULT 0;[0m
    [2;3mat[0m crates\spotledger-db\src\schema.rs:741

  [2m2026-04-19T18:15:48.426394Z[0m [34mDEBUG[0m [1;34mspotledger_db::schema[0m[34m: [34msync_user: field DDL ok, [1;34mdoctype[0m[34m: Print Settings, [1;34mfield[0m[34m: allow_print_for_draft[0m
    [2;3mat[0m crates\spotledger-db\src\schema.rs:746

  [2m2026-04-19T18:15:48.426857Z[0m [34mDEBUG[0m [1;34mspotledger_db::schema[0m[34m: [34msync_user: executing field DDL, [1;34mdoctype[0m[34m: Print Settings, [1;34mfield[0m[34m: allow_print_for_cancelled, [1;34msql[0m[34m: DEFINE FIELD OVERWRITE `allow_print_for_cancelled` ON TABLE `tabPrint_Settings` TYPE none | int PERMISSIONS FULL DEFAULT 0;[0m
    [2;3mat[0m crates\spotledger-db\src\schema.rs:741

  [2m2026-04-19T18:15:48.429888Z[0m [34mDEBUG[0m [1;34mspotledger_db::schema[0m[34m: [34msync_user: field DDL ok, [1;34mdoctype[0m[34m: Print Settings, [1;34mfield[0m[34m: allow_print_for_cancelled[0m
    [2;3mat[0m crates\spotledger-db\src\schema.rs:746

  [2m2026-04-19T18:15:48.430480Z[0m [34mDEBUG[0m [1;34mspotledger_db::schema[0m[34m: [34msync_user: executing field DDL, [1;34mdoctype[0m[34m: Print Settings, [1;34mfield[0m[34m: allow_landscape_mode, [1;34msql[0m[34m: DEFINE FIELD OVERWRITE `allow_landscape_mode` ON TABLE `tabPrint_Settings` TYPE none | int PERMISSIONS FULL DEFAULT 0;[0m
    [2;3mat[0m crates\spotledger-db\src\schema.rs:741

  [2m2026-04-19T18:15:48.434310Z[0m [34mDEBUG[0m [1;34mspotledger_db::schema[0m[34m: [34msync_user: field DDL ok, [1;34mdoctype[0m[34m: Print Settings, [1;34mfield[0m[34m: allow_landscape_mode[0m
    [2;3mat[0m crates\spotledger-db\src\schema.rs:746

  [2m2026-04-19T18:15:48.434958Z[0m [34mDEBUG[0m [1;34mspotledger_db::schema[0m[34m: [34msync_user: executing field DDL, [1;34mdoctype[0m[34m: Print Settings, [1;34mfield[0m[34m: repeat_header_footer, [1;34msql[0m[34m: DEFINE FIELD OVERWRITE `repeat_header_footer` ON TABLE `tabPrint_Settings` TYPE none | int PERMISSIONS FULL DEFAULT 0;[0m
    [2;3mat[0m crates\spotledger-db\src\schema.rs:741

  [2m2026-04-19T18:15:48.438282Z[0m [34mDEBUG[0m [1;34mspotledger_db::schema[0m[34m: [34msync_user: field DDL ok, [1;34mdoctype[0m[34m: Print Settings, [1;34mfield[0m[34m: repeat_header_footer[0m
    [2;3mat[0m crates\spotledger-db\src\schema.rs:746

  [2m2026-04-19T18:15:48.438929Z[0m [34mDEBUG[0m [1;34mspotledger_db::schema[0m[34m: [34msync_user: executing field DDL, [1;34mdoctype[0m[34m: Print Settings, [1;34mfield[0m[34m: with_letterhead, [1;34msql[0m[34m: DEFINE FIELD OVERWRITE `with_letterhead` ON TABLE `tabPrint_Settings` TYPE none | int PERMISSIONS FULL DEFAULT 0;[0m
    [2;3mat[0m crates\spotledger-db\src\schema.rs:741

  [2m2026-04-19T18:15:48.442245Z[0m [34mDEBUG[0m [1;34mspotledger_db::schema[0m[34m: [34msync_user: field DDL ok, [1;34mdoctype[0m[34m: Print Settings, [1;34mfield[0m[34m: with_letterhead[0m
    [2;3mat[0m crates\spotledger-db\src\schema.rs:746

  [2m2026-04-19T18:15:48.442708Z[0m [34mDEBUG[0m [1;34mspotledger_db::schema[0m[34m: [34msync_user: executing field DDL, [1;34mdoctype[0m[34m: Print Settings, [1;34mfield[0m[34m: compact_item_print, [1;34msql[0m[34m: DEFINE FIELD OVERWRITE `compact_item_print` ON TABLE `tabPrint_Settings` TYPE none | int PERMISSIONS FULL DEFAULT 0;[0m
    [2;3mat[0m crates\spotledger-db\src\schema.rs:741

  [2m2026-04-19T18:15:48.445716Z[0m [34mDEBUG[0m [1;34mspotledger_db::schema[0m[34m: [34msync_user: field DDL ok, [1;34mdoctype[0m[34m: Print Settings, [1;34mfield[0m[34m: compact_item_print[0m
    [2;3mat[0m crates\spotledger-db\src\schema.rs:746

  [2m2026-04-19T18:15:48.446461Z[0m [34mDEBUG[0m [1;34mspotledger_db::schema[0m[34m: [34msync_user: executing field DDL, [1;34mdoctype[0m[34m: Print Settings, [1;34mfield[0m[34m: send_print_as_pdf, [1;34msql[0m[34m: DEFINE FIELD OVERWRITE `send_print_as_pdf` ON TABLE `tabPrint_Settings` TYPE none | int PERMISSIONS FULL DEFAULT 0;[0m
    [2;3mat[0m crates\spotledger-db\src\schema.rs:741

  [2m2026-04-19T18:15:48.450478Z[0m [34mDEBUG[0m [1;34mspotledger_db::schema[0m[34m: [34msync_user: field DDL ok, [1;34mdoctype[0m[34m: Print Settings, [1;34mfield[0m[34m: send_print_as_pdf[0m
    [2;3mat[0m crates\spotledger-db\src\schema.rs:746

  [2m2026-04-19T18:15:48.451069Z[0m [34mDEBUG[0m [1;34mspotledger_db::schema[0m[34m: [34msync_user: executing field DDL, [1;34mdoctype[0m[34m: Print Settings, [1;34mfield[0m[34m: pdf_page_size, [1;34msql[0m[34m: DEFINE FIELD OVERWRITE `pdf_page_size` ON TABLE `tabPrint_Settings` TYPE option<string> PERMISSIONS FULL;[0m
    [2;3mat[0m crates\spotledger-db\src\schema.rs:741

  [2m2026-04-19T18:15:48.454302Z[0m [34mDEBUG[0m [1;34mspotledger_db::schema[0m[34m: [34msync_user: field DDL ok, [1;34mdoctype[0m[34m: Print Settings, [1;34mfield[0m[34m: pdf_page_size[0m
    [2;3mat[0m crates\spotledger-db\src\schema.rs:746

  [2m2026-04-19T18:15:48.454788Z[0m [34mDEBUG[0m [1;34mspotledger_db::schema[0m[34m: [34msync_user: executing field DDL, [1;34mdoctype[0m[34m: Print Settings, [1;34mfield[0m[34m: pdf_orientation, [1;34msql[0m[34m: DEFINE FIELD OVERWRITE `pdf_orientation` ON TABLE `tabPrint_Settings` TYPE option<string> PERMISSIONS FULL;[0m
    [2;3mat[0m crates\spotledger-db\src\schema.rs:741

  [2m2026-04-19T18:15:48.457838Z[0m [34mDEBUG[0m [1;34mspotledger_db::schema[0m[34m: [34msync_user: field DDL ok, [1;34mdoctype[0m[34m: Print Settings, [1;34mfield[0m[34m: pdf_orientation[0m
    [2;3mat[0m crates\spotledger-db\src\schema.rs:746

  [2m2026-04-19T18:15:48.458206Z[0m [34mDEBUG[0m [1;34mspotledger_db::schema[0m[34m: [34msync_user: executing field DDL, [1;34mdoctype[0m[34m: Print Settings, [1;34mfield[0m[34m: enable_raw_printing, [1;34msql[0m[34m: DEFINE FIELD OVERWRITE `enable_raw_printing` ON TABLE `tabPrint_Settings` TYPE none | int PERMISSIONS FULL DEFAULT 0;[0m
    [2;3mat[0m crates\spotledger-db\src\schema.rs:741

  [2m2026-04-19T18:15:48.461251Z[0m [34mDEBUG[0m [1;34mspotledger_db::schema[0m[34m: [34msync_user: field DDL ok, [1;34mdoctype[0m[34m: Print Settings, [1;34mfield[0m[34m: enable_raw_printing[0m
    [2;3mat[0m crates\spotledger-db\src\schema.rs:746

  [2m2026-04-19T18:15:48.461884Z[0m [34mDEBUG[0m [1;34mspotledger_db::schema[0m[34m: [34msync_user: executing field DDL, [1;34mdoctype[0m[34m: Print Settings, [1;34mfield[0m[34m: add_draft_heading, [1;34msql[0m[34m: DEFINE FIELD OVERWRITE `add_draft_heading` ON TABLE `tabPrint_Settings` TYPE none | int PERMISSIONS FULL DEFAULT 0;[0m
    [2;3mat[0m crates\spotledger-db\src\schema.rs:741

  [2m2026-04-19T18:15:48.465107Z[0m [34mDEBUG[0m [1;34mspotledger_db::schema[0m[34m: [34msync_user: field DDL ok, [1;34mdoctype[0m[34m: Print Settings, [1;34mfield[0m[34m: add_draft_heading[0m
    [2;3mat[0m crates\spotledger-db\src\schema.rs:746

  [2m2026-04-19T18:15:48.468474Z[0m [34mDEBUG[0m [1;34mspotledger_db::schema[0m[34m: [34msync_user: schema synced, [1;34mdoctype[0m[34m: Print Settings[0m
    [2;3mat[0m crates\spotledger-db\src\schema.rs:762

  [2m2026-04-19T18:15:48.497590Z[0m [34mDEBUG[0m [1;34mspotledger_db::schema[0m[34m: [34msync_user: fields loaded, [1;34mdoctype[0m[34m: Salutation, [1;34mfield_count[0m[34m: 1[0m
    [2;3mat[0m crates\spotledger-db\src\schema.rs:689

  [2m2026-04-19T18:15:48.498363Z[0m [34mDEBUG[0m [1;34mspotledger_db::schema[0m[34m: [34msync_user: executing field DDL, [1;34mdoctype[0m[34m: Salutation, [1;34mfield[0m[34m: salutation, [1;34msql[0m[34m: DEFINE FIELD OVERWRITE `salutation` ON TABLE `tabSalutation` TYPE option<string> PERMISSIONS FULL;[0m
    [2;3mat[0m crates\spotledger-db\src\schema.rs:741

  [2m2026-04-19T18:15:48.502723Z[0m [34mDEBUG[0m [1;34mspotledger_db::schema[0m[34m: [34msync_user: field DDL ok, [1;34mdoctype[0m[34m: Salutation, [1;34mfield[0m[34m: salutation[0m
    [2;3mat[0m crates\spotledger-db\src\schema.rs:746

  [2m2026-04-19T18:15:48.505234Z[0m [34mDEBUG[0m [1;34mspotledger_db::schema[0m[34m: [34msync_user: schema synced, [1;34mdoctype[0m[34m: Salutation[0m
    [2;3mat[0m crates\spotledger-db\src\schema.rs:762

  [2m2026-04-19T18:15:48.538845Z[0m [34mDEBUG[0m [1;34mspotledger_db::schema[0m[34m: [34msync_user: fields loaded, [1;34mdoctype[0m[34m: Scheduled Job Type, [1;34mfield_count[0m[34m: 8[0m
    [2;3mat[0m crates\spotledger-db\src\schema.rs:689

  [2m2026-04-19T18:15:48.539246Z[0m [34mDEBUG[0m [1;34mspotledger_db::schema[0m[34m: [34msync_user: executing field DDL, [1;34mdoctype[0m[34m: Scheduled Job Type, [1;34mfield[0m[34m: method, [1;34msql[0m[34m: DEFINE FIELD OVERWRITE `method` ON TABLE `tabScheduled_Job_Type` TYPE option<string> PERMISSIONS FULL;[0m
    [2;3mat[0m crates\spotledger-db\src\schema.rs:741

  [2m2026-04-19T18:15:48.542257Z[0m [34mDEBUG[0m [1;34mspotledger_db::schema[0m[34m: [34msync_user: field DDL ok, [1;34mdoctype[0m[34m: Scheduled Job Type, [1;34mfield[0m[34m: method[0m
    [2;3mat[0m crates\spotledger-db\src\schema.rs:746

  [2m2026-04-19T18:15:48.542703Z[0m [34mDEBUG[0m [1;34mspotledger_db::schema[0m[34m: [34msync_user: executing field DDL, [1;34mdoctype[0m[34m: Scheduled Job Type, [1;34mfield[0m[34m: frequency, [1;34msql[0m[34m: DEFINE FIELD OVERWRITE `frequency` ON TABLE `tabScheduled_Job_Type` TYPE option<string> PERMISSIONS FULL;[0m
    [2;3mat[0m crates\spotledger-db\src\schema.rs:741

  [2m2026-04-19T18:15:48.545992Z[0m [34mDEBUG[0m [1;34mspotledger_db::schema[0m[34m: [34msync_user: field DDL ok, [1;34mdoctype[0m[34m: Scheduled Job Type, [1;34mfield[0m[34m: frequency[0m
    [2;3mat[0m crates\spotledger-db\src\schema.rs:746

  [2m2026-04-19T18:15:48.546383Z[0m [34mDEBUG[0m [1;34mspotledger_db::schema[0m[34m: [34msync_user: executing field DDL, [1;34mdoctype[0m[34m: Scheduled Job Type, [1;34mfield[0m[34m: cron_format, [1;34msql[0m[34m: DEFINE FIELD OVERWRITE `cron_format` ON TABLE `tabScheduled_Job_Type` TYPE option<string> PERMISSIONS FULL;[0m
    [2;3mat[0m crates\spotledger-db\src\schema.rs:741

  [2m2026-04-19T18:15:48.551205Z[0m [34mDEBUG[0m [1;34mspotledger_db::schema[0m[34m: [34msync_user: field DDL ok, [1;34mdoctype[0m[34m: Scheduled Job Type, [1;34mfield[0m[34m: cron_format[0m
    [2;3mat[0m crates\spotledger-db\src\schema.rs:746

  [2m2026-04-19T18:15:48.551632Z[0m [34mDEBUG[0m [1;34mspotledger_db::schema[0m[34m: [34msync_user: executing field DDL, [1;34mdoctype[0m[34m: Scheduled Job Type, [1;34mfield[0m[34m: last_execution, [1;34msql[0m[34m: DEFINE FIELD OVERWRITE `last_execution` ON TABLE `tabScheduled_Job_Type` TYPE option<datetime> PERMISSIONS FULL;[0m
    [2;3mat[0m crates\spotledger-db\src\schema.rs:741

  [2m2026-04-19T18:15:48.554856Z[0m [34mDEBUG[0m [1;34mspotledger_db::schema[0m[34m: [34msync_user: field DDL ok, [1;34mdoctype[0m[34m: Scheduled Job Type, [1;34mfield[0m[34m: last_execution[0m
    [2;3mat[0m crates\spotledger-db\src\schema.rs:746

  [2m2026-04-19T18:15:48.555259Z[0m [34mDEBUG[0m [1;34mspotledger_db::schema[0m[34m: [34msync_user: executing field DDL, [1;34mdoctype[0m[34m: Scheduled Job Type, [1;34mfield[0m[34m: next_execution, [1;34msql[0m[34m: DEFINE FIELD OVERWRITE `next_execution` ON TABLE `tabScheduled_Job_Type` TYPE option<datetime> PERMISSIONS FULL;[0m
    [2;3mat[0m crates\spotledger-db\src\schema.rs:741

  [2m2026-04-19T18:15:48.558201Z[0m [34mDEBUG[0m [1;34mspotledger_db::schema[0m[34m: [34msync_user: field DDL ok, [1;34mdoctype[0m[34m: Scheduled Job Type, [1;34mfield[0m[34m: next_execution[0m
    [2;3mat[0m crates\spotledger-db\src\schema.rs:746

  [2m2026-04-19T18:15:48.558841Z[0m [34mDEBUG[0m [1;34mspotledger_db::schema[0m[34m: [34msync_user: executing field DDL, [1;34mdoctype[0m[34m: Scheduled Job Type, [1;34mfield[0m[34m: stopped, [1;34msql[0m[34m: DEFINE FIELD OVERWRITE `stopped` ON TABLE `tabScheduled_Job_Type` TYPE none | int PERMISSIONS FULL DEFAULT 0;[0m
    [2;3mat[0m crates\spotledger-db\src\schema.rs:741

  [2m2026-04-19T18:15:48.562552Z[0m [34mDEBUG[0m [1;34mspotledger_db::schema[0m[34m: [34msync_user: field DDL ok, [1;34mdoctype[0m[34m: Scheduled Job Type, [1;34mfield[0m[34m: stopped[0m
    [2;3mat[0m crates\spotledger-db\src\schema.rs:746

  [2m2026-04-19T18:15:48.562944Z[0m [34mDEBUG[0m [1;34mspotledger_db::schema[0m[34m: [34msync_user: executing field DDL, [1;34mdoctype[0m[34m: Scheduled Job Type, [1;34mfield[0m[34m: create_log, [1;34msql[0m[34m: DEFINE FIELD OVERWRITE `create_log` ON TABLE `tabScheduled_Job_Type` TYPE none | int PERMISSIONS FULL DEFAULT 0;[0m
    [2;3mat[0m crates\spotledger-db\src\schema.rs:741

  [2m2026-04-19T18:15:48.567163Z[0m [34mDEBUG[0m [1;34mspotledger_db::schema[0m[34m: [34msync_user: field DDL ok, [1;34mdoctype[0m[34m: Scheduled Job Type, [1;34mfield[0m[34m: create_log[0m
    [2;3mat[0m crates\spotledger-db\src\schema.rs:746

  [2m2026-04-19T18:15:48.567664Z[0m [34mDEBUG[0m [1;34mspotledger_db::schema[0m[34m: [34msync_user: executing field DDL, [1;34mdoctype[0m[34m: Scheduled Job Type, [1;34mfield[0m[34m: server_script, [1;34msql[0m[34m: DEFINE FIELD OVERWRITE `server_script` ON TABLE `tabScheduled_Job_Type` TYPE option<string> PERMISSIONS FULL;[0m
    [2;3mat[0m crates\spotledger-db\src\schema.rs:741

  [2m2026-04-19T18:15:48.570973Z[0m [34mDEBUG[0m [1;34mspotledger_db::schema[0m[34m: [34msync_user: field DDL ok, [1;34mdoctype[0m[34m: Scheduled Job Type, [1;34mfield[0m[34m: server_script[0m
    [2;3mat[0m crates\spotledger-db\src\schema.rs:746

  [2m2026-04-19T18:15:48.573736Z[0m [34mDEBUG[0m [1;34mspotledger_db::schema[0m[34m: [34msync_user: schema synced, [1;34mdoctype[0m[34m: Scheduled Job Type[0m
    [2;3mat[0m crates\spotledger-db\src\schema.rs:762

  [2m2026-04-19T18:15:48.609361Z[0m [34mDEBUG[0m [1;34mspotledger_db::schema[0m[34m: [34msync_user: fields loaded, [1;34mdoctype[0m[34m: Server Script, [1;34mfield_count[0m[34m: 9[0m
    [2;3mat[0m crates\spotledger-db\src\schema.rs:689

  [2m2026-04-19T18:15:48.609989Z[0m [34mDEBUG[0m [1;34mspotledger_db::schema[0m[34m: [34msync_user: executing field DDL, [1;34mdoctype[0m[34m: Server Script, [1;34mfield[0m[34m: name, [1;34msql[0m[34m: DEFINE FIELD OVERWRITE `name` ON TABLE `tabServer_Script` TYPE option<string> PERMISSIONS FULL;[0m
    [2;3mat[0m crates\spotledger-db\src\schema.rs:741

  [2m2026-04-19T18:15:48.613506Z[0m [34mDEBUG[0m [1;34mspotledger_db::schema[0m[34m: [34msync_user: field DDL ok, [1;34mdoctype[0m[34m: Server Script, [1;34mfield[0m[34m: name[0m
    [2;3mat[0m crates\spotledger-db\src\schema.rs:746

  [2m2026-04-19T18:15:48.614013Z[0m [34mDEBUG[0m [1;34mspotledger_db::schema[0m[34m: [34msync_user: executing field DDL, [1;34mdoctype[0m[34m: Server Script, [1;34mfield[0m[34m: script_type, [1;34msql[0m[34m: DEFINE FIELD OVERWRITE `script_type` ON TABLE `tabServer_Script` TYPE option<string> PERMISSIONS FULL;[0m
    [2;3mat[0m crates\spotledger-db\src\schema.rs:741

  [2m2026-04-19T18:15:48.618472Z[0m [34mDEBUG[0m [1;34mspotledger_db::schema[0m[34m: [34msync_user: field DDL ok, [1;34mdoctype[0m[34m: Server Script, [1;34mfield[0m[34m: script_type[0m
    [2;3mat[0m crates\spotledger-db\src\schema.rs:746

  [2m2026-04-19T18:15:48.619082Z[0m [34mDEBUG[0m [1;34mspotledger_db::schema[0m[34m: [34msync_user: executing field DDL, [1;34mdoctype[0m[34m: Server Script, [1;34mfield[0m[34m: reference_doctype, [1;34msql[0m[34m: DEFINE FIELD OVERWRITE `reference_doctype` ON TABLE `tabServer_Script` TYPE option<string> PERMISSIONS FULL;[0m
    [2;3mat[0m crates\spotledger-db\src\schema.rs:741

  [2m2026-04-19T18:15:48.622843Z[0m [34mDEBUG[0m [1;34mspotledger_db::schema[0m[34m: [34msync_user: field DDL ok, [1;34mdoctype[0m[34m: Server Script, [1;34mfield[0m[34m: reference_doctype[0m
    [2;3mat[0m crates\spotledger-db\src\schema.rs:746

  [2m2026-04-19T18:15:48.623469Z[0m [34mDEBUG[0m [1;34mspotledger_db::schema[0m[34m: [34msync_user: executing field DDL, [1;34mdoctype[0m[34m: Server Script, [1;34mfield[0m[34m: doctype_event, [1;34msql[0m[34m: DEFINE FIELD OVERWRITE `doctype_event` ON TABLE `tabServer_Script` TYPE option<string> PERMISSIONS FULL;[0m
    [2;3mat[0m crates\spotledger-db\src\schema.rs:741

  [2m2026-04-19T18:15:48.626477Z[0m [34mDEBUG[0m [1;34mspotledger_db::schema[0m[34m: [34msync_user: field DDL ok, [1;34mdoctype[0m[34m: Server Script, [1;34mfield[0m[34m: doctype_event[0m
    [2;3mat[0m crates\spotledger-db\src\schema.rs:746

  [2m2026-04-19T18:15:48.627051Z[0m [34mDEBUG[0m [1;34mspotledger_db::schema[0m[34m: [34msync_user: executing field DDL, [1;34mdoctype[0m[34m: Server Script, [1;34mfield[0m[34m: method_name, [1;34msql[0m[34m: DEFINE FIELD OVERWRITE `method_name` ON TABLE `tabServer_Script` TYPE option<string> PERMISSIONS FULL;[0m
    [2;3mat[0m crates\spotledger-db\src\schema.rs:741

  [2m2026-04-19T18:15:48.630646Z[0m [34mDEBUG[0m [1;34mspotledger_db::schema[0m[34m: [34msync_user: field DDL ok, [1;34mdoctype[0m[34m: Server Script, [1;34mfield[0m[34m: method_name[0m
    [2;3mat[0m crates\spotledger-db\src\schema.rs:746

  [2m2026-04-19T18:15:48.631776Z[0m [34mDEBUG[0m [1;34mspotledger_db::schema[0m[34m: [34msync_user: executing field DDL, [1;34mdoctype[0m[34m: Server Script, [1;34mfield[0m[34m: enabled, [1;34msql[0m[34m: DEFINE FIELD OVERWRITE `enabled` ON TABLE `tabServer_Script` TYPE none | int PERMISSIONS FULL DEFAULT 0;[0m
    [2;3mat[0m crates\spotledger-db\src\schema.rs:741

  [2m2026-04-19T18:15:48.636392Z[0m [34mDEBUG[0m [1;34mspotledger_db::schema[0m[34m: [34msync_user: field DDL ok, [1;34mdoctype[0m[34m: Server Script, [1;34mfield[0m[34m: enabled[0m
    [2;3mat[0m crates\spotledger-db\src\schema.rs:746

  [2m2026-04-19T18:15:48.636931Z[0m [34mDEBUG[0m [1;34mspotledger_db::schema[0m[34m: [34msync_user: executing field DDL, [1;34mdoctype[0m[34m: Server Script, [1;34mfield[0m[34m: allow_guest, [1;34msql[0m[34m: DEFINE FIELD OVERWRITE `allow_guest` ON TABLE `tabServer_Script` TYPE none | int PERMISSIONS FULL DEFAULT 0;[0m
    [2;3mat[0m crates\spotledger-db\src\schema.rs:741

  [2m2026-04-19T18:15:48.640153Z[0m [34mDEBUG[0m [1;34mspotledger_db::schema[0m[34m: [34msync_user: field DDL ok, [1;34mdoctype[0m[34m: Server Script, [1;34mfield[0m[34m: allow_guest[0m
    [2;3mat[0m crates\spotledger-db\src\schema.rs:746

  [2m2026-04-19T18:15:48.640729Z[0m [34mDEBUG[0m [1;34mspotledger_db::schema[0m[34m: [34msync_user: executing field DDL, [1;34mdoctype[0m[34m: Server Script, [1;34mfield[0m[34m: script, [1;34msql[0m[34m: DEFINE FIELD OVERWRITE `script` ON TABLE `tabServer_Script` TYPE option<string> PERMISSIONS FULL;[0m
    [2;3mat[0m crates\spotledger-db\src\schema.rs:741

  [2m2026-04-19T18:15:48.643712Z[0m [34mDEBUG[0m [1;34mspotledger_db::schema[0m[34m: [34msync_user: field DDL ok, [1;34mdoctype[0m[34m: Server Script, [1;34mfield[0m[34m: script[0m
    [2;3mat[0m crates\spotledger-db\src\schema.rs:746

  [2m2026-04-19T18:15:48.644103Z[0m [34mDEBUG[0m [1;34mspotledger_db::schema[0m[34m: [34msync_user: executing field DDL, [1;34mdoctype[0m[34m: Server Script, [1;34mfield[0m[34m: error_log, [1;34msql[0m[34m: DEFINE FIELD OVERWRITE `error_log` ON TABLE `tabServer_Script` TYPE option<string> PERMISSIONS FULL;[0m
    [2;3mat[0m crates\spotledger-db\src\schema.rs:741

  [2m2026-04-19T18:15:48.647977Z[0m [34mDEBUG[0m [1;34mspotledger_db::schema[0m[34m: [34msync_user: field DDL ok, [1;34mdoctype[0m[34m: Server Script, [1;34mfield[0m[34m: error_log[0m
    [2;3mat[0m crates\spotledger-db\src\schema.rs:746

  [2m2026-04-19T18:15:48.652474Z[0m [34mDEBUG[0m [1;34mspotledger_db::schema[0m[34m: [34msync_user: schema synced, [1;34mdoctype[0m[34m: Server Script[0m
    [2;3mat[0m crates\spotledger-db\src\schema.rs:762

  [2m2026-04-19T18:15:48.685751Z[0m [34mDEBUG[0m [1;34mspotledger_db::schema[0m[34m: [34msync_user: fields loaded, [1;34mdoctype[0m[34m: State, [1;34mfield_count[0m[34m: 2[0m
    [2;3mat[0m crates\spotledger-db\src\schema.rs:689

  [2m2026-04-19T18:15:48.686177Z[0m [34mDEBUG[0m [1;34mspotledger_db::schema[0m[34m: [34msync_user: executing field DDL, [1;34mdoctype[0m[34m: State, [1;34mfield[0m[34m: state_name, [1;34msql[0m[34m: DEFINE FIELD OVERWRITE `state_name` ON TABLE `tabState` TYPE option<string> PERMISSIONS FULL;[0m
    [2;3mat[0m crates\spotledger-db\src\schema.rs:741

  [2m2026-04-19T18:15:48.689168Z[0m [34mDEBUG[0m [1;34mspotledger_db::schema[0m[34m: [34msync_user: field DDL ok, [1;34mdoctype[0m[34m: State, [1;34mfield[0m[34m: state_name[0m
    [2;3mat[0m crates\spotledger-db\src\schema.rs:746

  [2m2026-04-19T18:15:48.689496Z[0m [34mDEBUG[0m [1;34mspotledger_db::schema[0m[34m: [34msync_user: executing field DDL, [1;34mdoctype[0m[34m: State, [1;34mfield[0m[34m: country, [1;34msql[0m[34m: DEFINE FIELD OVERWRITE `country` ON TABLE `tabState` TYPE option<string> PERMISSIONS FULL;[0m
    [2;3mat[0m crates\spotledger-db\src\schema.rs:741

  [2m2026-04-19T18:15:48.692399Z[0m [34mDEBUG[0m [1;34mspotledger_db::schema[0m[34m: [34msync_user: field DDL ok, [1;34mdoctype[0m[34m: State, [1;34mfield[0m[34m: country[0m
    [2;3mat[0m crates\spotledger-db\src\schema.rs:746

  [2m2026-04-19T18:15:48.695090Z[0m [34mDEBUG[0m [1;34mspotledger_db::schema[0m[34m: [34msync_user: schema synced, [1;34mdoctype[0m[34m: State[0m
    [2;3mat[0m crates\spotledger-db\src\schema.rs:762

  [2m2026-04-19T18:15:48.730059Z[0m [34mDEBUG[0m [1;34mspotledger_db::schema[0m[34m: [34msync_user: fields loaded, [1;34mdoctype[0m[34m: System Settings, [1;34mfield_count[0m[34m: 30[0m
    [2;3mat[0m crates\spotledger-db\src\schema.rs:689

  [2m2026-04-19T18:15:48.730564Z[0m [34mDEBUG[0m [1;34mspotledger_db::schema[0m[34m: [34msync_user: executing field DDL, [1;34mdoctype[0m[34m: System Settings, [1;34mfield[0m[34m: country, [1;34msql[0m[34m: DEFINE FIELD OVERWRITE `country` ON TABLE `tabSystem_Settings` TYPE option<string> PERMISSIONS FULL;[0m
    [2;3mat[0m crates\spotledger-db\src\schema.rs:741

  [2m2026-04-19T18:15:48.734649Z[0m [34mDEBUG[0m [1;34mspotledger_db::schema[0m[34m: [34msync_user: field DDL ok, [1;34mdoctype[0m[34m: System Settings, [1;34mfield[0m[34m: country[0m
    [2;3mat[0m crates\spotledger-db\src\schema.rs:746

  [2m2026-04-19T18:15:48.735056Z[0m [34mDEBUG[0m [1;34mspotledger_db::schema[0m[34m: [34msync_user: executing field DDL, [1;34mdoctype[0m[34m: System Settings, [1;34mfield[0m[34m: language, [1;34msql[0m[34m: DEFINE FIELD OVERWRITE `language` ON TABLE `tabSystem_Settings` TYPE option<string> PERMISSIONS FULL;[0m
    [2;3mat[0m crates\spotledger-db\src\schema.rs:741

  [2m2026-04-19T18:15:48.738130Z[0m [34mDEBUG[0m [1;34mspotledger_db::schema[0m[34m: [34msync_user: field DDL ok, [1;34mdoctype[0m[34m: System Settings, [1;34mfield[0m[34m: language[0m
    [2;3mat[0m crates\spotledger-db\src\schema.rs:746

  [2m2026-04-19T18:15:48.738771Z[0m [34mDEBUG[0m [1;34mspotledger_db::schema[0m[34m: [34msync_user: executing field DDL, [1;34mdoctype[0m[34m: System Settings, [1;34mfield[0m[34m: time_zone, [1;34msql[0m[34m: DEFINE FIELD OVERWRITE `time_zone` ON TABLE `tabSystem_Settings` TYPE option<string> PERMISSIONS FULL;[0m
    [2;3mat[0m crates\spotledger-db\src\schema.rs:741

  [2m2026-04-19T18:15:48.742162Z[0m [34mDEBUG[0m [1;34mspotledger_db::schema[0m[34m: [34msync_user: field DDL ok, [1;34mdoctype[0m[34m: System Settings, [1;34mfield[0m[34m: time_zone[0m
    [2;3mat[0m crates\spotledger-db\src\schema.rs:746

  [2m2026-04-19T18:15:48.743079Z[0m [34mDEBUG[0m [1;34mspotledger_db::schema[0m[34m: [34msync_user: executing field DDL, [1;34mdoctype[0m[34m: System Settings, [1;34mfield[0m[34m: date_format, [1;34msql[0m[34m: DEFINE FIELD OVERWRITE `date_format` ON TABLE `tabSystem_Settings` TYPE option<string> PERMISSIONS FULL;[0m
    [2;3mat[0m crates\spotledger-db\src\schema.rs:741

  [2m2026-04-19T18:15:48.748464Z[0m [34mDEBUG[0m [1;34mspotledger_db::schema[0m[34m: [34msync_user: field DDL ok, [1;34mdoctype[0m[34m: System Settings, [1;34mfield[0m[34m: date_format[0m
    [2;3mat[0m crates\spotledger-db\src\schema.rs:746

  [2m2026-04-19T18:15:48.749267Z[0m [34mDEBUG[0m [1;34mspotledger_db::schema[0m[34m: [34msync_user: executing field DDL, [1;34mdoctype[0m[34m: System Settings, [1;34mfield[0m[34m: time_format, [1;34msql[0m[34m: DEFINE FIELD OVERWRITE `time_format` ON TABLE `tabSystem_Settings` TYPE option<string> PERMISSIONS FULL;[0m
    [2;3mat[0m crates\spotledger-db\src\schema.rs:741

  [2m2026-04-19T18:15:48.753372Z[0m [34mDEBUG[0m [1;34mspotledger_db::schema[0m[34m: [34msync_user: field DDL ok, [1;34mdoctype[0m[34m: System Settings, [1;34mfield[0m[34m: time_format[0m
    [2;3mat[0m crates\spotledger-db\src\schema.rs:746

  [2m2026-04-19T18:15:48.754133Z[0m [34mDEBUG[0m [1;34mspotledger_db::schema[0m[34m: [34msync_user: executing field DDL, [1;34mdoctype[0m[34m: System Settings, [1;34mfield[0m[34m: float_precision, [1;34msql[0m[34m: DEFINE FIELD OVERWRITE `float_precision` ON TABLE `tabSystem_Settings` TYPE option<string> PERMISSIONS FULL;[0m
    [2;3mat[0m crates\spotledger-db\src\schema.rs:741

  [2m2026-04-19T18:15:48.757594Z[0m [34mDEBUG[0m [1;34mspotledger_db::schema[0m[34m: [34msync_user: field DDL ok, [1;34mdoctype[0m[34m: System Settings, [1;34mfield[0m[34m: float_precision[0m
    [2;3mat[0m crates\spotledger-db\src\schema.rs:746

  [2m2026-04-19T18:15:48.758109Z[0m [34mDEBUG[0m [1;34mspotledger_db::schema[0m[34m: [34msync_user: executing field DDL, [1;34mdoctype[0m[34m: System Settings, [1;34mfield[0m[34m: currency_precision, [1;34msql[0m[34m: DEFINE FIELD OVERWRITE `currency_precision` ON TABLE `tabSystem_Settings` TYPE option<string> PERMISSIONS FULL;[0m
    [2;3mat[0m crates\spotledger-db\src\schema.rs:741

  [2m2026-04-19T18:15:48.761719Z[0m [34mDEBUG[0m [1;34mspotledger_db::schema[0m[34m: [34msync_user: field DDL ok, [1;34mdoctype[0m[34m: System Settings, [1;34mfield[0m[34m: currency_precision[0m
    [2;3mat[0m crates\spotledger-db\src\schema.rs:746

  [2m2026-04-19T18:15:48.762130Z[0m [34mDEBUG[0m [1;34mspotledger_db::schema[0m[34m: [34msync_user: executing field DDL, [1;34mdoctype[0m[34m: System Settings, [1;34mfield[0m[34m: first_day_of_the_week, [1;34msql[0m[34m: DEFINE FIELD OVERWRITE `first_day_of_the_week` ON TABLE `tabSystem_Settings` TYPE option<string> PERMISSIONS FULL;[0m
    [2;3mat[0m crates\spotledger-db\src\schema.rs:741

  [2m2026-04-19T18:15:48.766177Z[0m [34mDEBUG[0m [1;34mspotledger_db::schema[0m[34m: [34msync_user: field DDL ok, [1;34mdoctype[0m[34m: System Settings, [1;34mfield[0m[34m: first_day_of_the_week[0m
    [2;3mat[0m crates\spotledger-db\src\schema.rs:746

  [2m2026-04-19T18:15:48.766820Z[0m [34mDEBUG[0m [1;34mspotledger_db::schema[0m[34m: [34msync_user: executing field DDL, [1;34mdoctype[0m[34m: System Settings, [1;34mfield[0m[34m: send_welcom_email, [1;34msql[0m[34m: DEFINE FIELD OVERWRITE `send_welcom_email` ON TABLE `tabSystem_Settings` TYPE none | int PERMISSIONS FULL DEFAULT 0;[0m
    [2;3mat[0m crates\spotledger-db\src\schema.rs:741

  [2m2026-04-19T18:15:48.770718Z[0m [34mDEBUG[0m [1;34mspotledger_db::schema[0m[34m: [34msync_user: field DDL ok, [1;34mdoctype[0m[34m: System Settings, [1;34mfield[0m[34m: send_welcom_email[0m
    [2;3mat[0m crates\spotledger-db\src\schema.rs:746

  [2m2026-04-19T18:15:48.771251Z[0m [34mDEBUG[0m [1;34mspotledger_db::schema[0m[34m: [34msync_user: executing field DDL, [1;34mdoctype[0m[34m: System Settings, [1;34mfield[0m[34m: enable_scheduler, [1;34msql[0m[34m: DEFINE FIELD OVERWRITE `enable_scheduler` ON TABLE `tabSystem_Settings` TYPE none | int PERMISSIONS FULL DEFAULT 0;[0m
    [2;3mat[0m crates\spotledger-db\src\schema.rs:741

  [2m2026-04-19T18:15:48.774644Z[0m [34mDEBUG[0m [1;34mspotledger_db::schema[0m[34m: [34msync_user: field DDL ok, [1;34mdoctype[0m[34m: System Settings, [1;34mfield[0m[34m: enable_scheduler[0m
    [2;3mat[0m crates\spotledger-db\src\schema.rs:746

  [2m2026-04-19T18:15:48.775274Z[0m [34mDEBUG[0m [1;34mspotledger_db::schema[0m[34m: [34msync_user: executing field DDL, [1;34mdoctype[0m[34m: System Settings, [1;34mfield[0m[34m: session_expiry, [1;34msql[0m[34m: DEFINE FIELD OVERWRITE `session_expiry` ON TABLE `tabSystem_Settings` TYPE option<string> PERMISSIONS FULL;[0m
    [2;3mat[0m crates\spotledger-db\src\schema.rs:741

  [2m2026-04-19T18:15:48.779012Z[0m [34mDEBUG[0m [1;34mspotledger_db::schema[0m[34m: [34msync_user: field DDL ok, [1;34mdoctype[0m[34m: System Settings, [1;34mfield[0m[34m: session_expiry[0m
    [2;3mat[0m crates\spotledger-db\src\schema.rs:746

  [2m2026-04-19T18:15:48.779396Z[0m [34mDEBUG[0m [1;34mspotledger_db::schema[0m[34m: [34msync_user: executing field DDL, [1;34mdoctype[0m[34m: System Settings, [1;34mfield[0m[34m: session_expiry_mobile, [1;34msql[0m[34m: DEFINE FIELD OVERWRITE `session_expiry_mobile` ON TABLE `tabSystem_Settings` TYPE option<string> PERMISSIONS FULL;[0m
    [2;3mat[0m crates\spotledger-db\src\schema.rs:741

  [2m2026-04-19T18:15:48.783723Z[0m [34mDEBUG[0m [1;34mspotledger_db::schema[0m[34m: [34msync_user: field DDL ok, [1;34mdoctype[0m[34m: System Settings, [1;34mfield[0m[34m: session_expiry_mobile[0m
    [2;3mat[0m crates\spotledger-db\src\schema.rs:746

  [2m2026-04-19T18:15:48.784520Z[0m [34mDEBUG[0m [1;34mspotledger_db::schema[0m[34m: [34msync_user: executing field DDL, [1;34mdoctype[0m[34m: System Settings, [1;34mfield[0m[34m: max_failed_login_attempts, [1;34msql[0m[34m: DEFINE FIELD OVERWRITE `max_failed_login_attempts` ON TABLE `tabSystem_Settings` TYPE none | int PERMISSIONS FULL;[0m
    [2;3mat[0m crates\spotledger-db\src\schema.rs:741

  [2m2026-04-19T18:15:48.788220Z[0m [34mDEBUG[0m [1;34mspotledger_db::schema[0m[34m: [34msync_user: field DDL ok, [1;34mdoctype[0m[34m: System Settings, [1;34mfield[0m[34m: max_failed_login_attempts[0m
    [2;3mat[0m crates\spotledger-db\src\schema.rs:746

  [2m2026-04-19T18:15:48.788710Z[0m [34mDEBUG[0m [1;34mspotledger_db::schema[0m[34m: [34msync_user: executing field DDL, [1;34mdoctype[0m[34m: System Settings, [1;34mfield[0m[34m: allow_consecutive_login_attempts, [1;34msql[0m[34m: DEFINE FIELD OVERWRITE `allow_consecutive_login_attempts` ON TABLE `tabSystem_Settings` TYPE none | int PERMISSIONS FULL;[0m
    [2;3mat[0m crates\spotledger-db\src\schema.rs:741

  [2m2026-04-19T18:15:48.792555Z[0m [34mDEBUG[0m [1;34mspotledger_db::schema[0m[34m: [34msync_user: field DDL ok, [1;34mdoctype[0m[34m: System Settings, [1;34mfield[0m[34m: allow_consecutive_login_attempts[0m
    [2;3mat[0m crates\spotledger-db\src\schema.rs:746

  [2m2026-04-19T18:15:48.792979Z[0m [34mDEBUG[0m [1;34mspotledger_db::schema[0m[34m: [34msync_user: executing field DDL, [1;34mdoctype[0m[34m: System Settings, [1;34mfield[0m[34m: allow_login_using_mobile_number, [1;34msql[0m[34m: DEFINE FIELD OVERWRITE `allow_login_using_mobile_number` ON TABLE `tabSystem_Settings` TYPE none | int PERMISSIONS FULL DEFAULT 0;[0m
    [2;3mat[0m crates\spotledger-db\src\schema.rs:741

  [2m2026-04-19T18:15:48.796457Z[0m [34mDEBUG[0m [1;34mspotledger_db::schema[0m[34m: [34msync_user: field DDL ok, [1;34mdoctype[0m[34m: System Settings, [1;34mfield[0m[34m: allow_login_using_mobile_number[0m
    [2;3mat[0m crates\spotledger-db\src\schema.rs:746

  [2m2026-04-19T18:15:48.796991Z[0m [34mDEBUG[0m [1;34mspotledger_db::schema[0m[34m: [34msync_user: executing field DDL, [1;34mdoctype[0m[34m: System Settings, [1;34mfield[0m[34m: allow_login_using_user_name, [1;34msql[0m[34m: DEFINE FIELD OVERWRITE `allow_login_using_user_name` ON TABLE `tabSystem_Settings` TYPE none | int PERMISSIONS FULL DEFAULT 0;[0m
    [2;3mat[0m crates\spotledger-db\src\schema.rs:741

  [2m2026-04-19T18:15:48.801174Z[0m [34mDEBUG[0m [1;34mspotledger_db::schema[0m[34m: [34msync_user: field DDL ok, [1;34mdoctype[0m[34m: System Settings, [1;34mfield[0m[34m: allow_login_using_user_name[0m
    [2;3mat[0m crates\spotledger-db\src\schema.rs:746

  [2m2026-04-19T18:15:48.801607Z[0m [34mDEBUG[0m [1;34mspotledger_db::schema[0m[34m: [34msync_user: executing field DDL, [1;34mdoctype[0m[34m: System Settings, [1;34mfield[0m[34m: login_with_email_link, [1;34msql[0m[34m: DEFINE FIELD OVERWRITE `login_with_email_link` ON TABLE `tabSystem_Settings` TYPE none | int PERMISSIONS FULL DEFAULT 0;[0m
    [2;3mat[0m crates\spotledger-db\src\schema.rs:741

  [2m2026-04-19T18:15:48.804878Z[0m [34mDEBUG[0m [1;34mspotledger_db::schema[0m[34m: [34msync_user: field DDL ok, [1;34mdoctype[0m[34m: System Settings, [1;34mfield[0m[34m: login_with_email_link[0m
    [2;3mat[0m crates\spotledger-db\src\schema.rs:746

  [2m2026-04-19T18:15:48.805314Z[0m [34mDEBUG[0m [1;34mspotledger_db::schema[0m[34m: [34msync_user: executing field DDL, [1;34mdoctype[0m[34m: System Settings, [1;34mfield[0m[34m: logout_on_password_reset, [1;34msql[0m[34m: DEFINE FIELD OVERWRITE `logout_on_password_reset` ON TABLE `tabSystem_Settings` TYPE none | int PERMISSIONS FULL DEFAULT 0;[0m
    [2;3mat[0m crates\spotledger-db\src\schema.rs:741

  [2m2026-04-19T18:15:48.809309Z[0m [34mDEBUG[0m [1;34mspotledger_db::schema[0m[34m: [34msync_user: field DDL ok, [1;34mdoctype[0m[34m: System Settings, [1;34mfield[0m[34m: logout_on_password_reset[0m
    [2;3mat[0m crates\spotledger-db\src\schema.rs:746

  [2m2026-04-19T18:15:48.809852Z[0m [34mDEBUG[0m [1;34mspotledger_db::schema[0m[34m: [34msync_user: executing field DDL, [1;34mdoctype[0m[34m: System Settings, [1;34mfield[0m[34m: simultaneous_sessions, [1;34msql[0m[34m: DEFINE FIELD OVERWRITE `simultaneous_sessions` ON TABLE `tabSystem_Settings` TYPE none | int PERMISSIONS FULL;[0m
    [2;3mat[0m crates\spotledger-db\src\schema.rs:741

  [2m2026-04-19T18:15:48.813004Z[0m [34mDEBUG[0m [1;34mspotledger_db::schema[0m[34m: [34msync_user: field DDL ok, [1;34mdoctype[0m[34m: System Settings, [1;34mfield[0m[34m: simultaneous_sessions[0m
    [2;3mat[0m crates\spotledger-db\src\schema.rs:746

  [2m2026-04-19T18:15:48.813490Z[0m [34mDEBUG[0m [1;34mspotledger_db::schema[0m[34m: [34msync_user: executing field DDL, [1;34mdoctype[0m[34m: System Settings, [1;34mfield[0m[34m: apply_strict_user_permissions, [1;34msql[0m[34m: DEFINE FIELD OVERWRITE `apply_strict_user_permissions` ON TABLE `tabSystem_Settings` TYPE none | int PERMISSIONS FULL DEFAULT 0;[0m
    [2;3mat[0m crates\spotledger-db\src\schema.rs:741

  [2m2026-04-19T18:15:48.817349Z[0m [34mDEBUG[0m [1;34mspotledger_db::schema[0m[34m: [34msync_user: field DDL ok, [1;34mdoctype[0m[34m: System Settings, [1;34mfield[0m[34m: apply_strict_user_permissions[0m
    [2;3mat[0m crates\spotledger-db\src\schema.rs:746

  [2m2026-04-19T18:15:48.818087Z[0m [34mDEBUG[0m [1;34mspotledger_db::schema[0m[34m: [34msync_user: executing field DDL, [1;34mdoctype[0m[34m: System Settings, [1;34mfield[0m[34m: allow_guests_to_upload_files, [1;34msql[0m[34m: DEFINE FIELD OVERWRITE `allow_guests_to_upload_files` ON TABLE `tabSystem_Settings` TYPE none | int PERMISSIONS FULL DEFAULT 0;[0m
    [2;3mat[0m crates\spotledger-db\src\schema.rs:741

  [2m2026-04-19T18:15:48.821522Z[0m [34mDEBUG[0m [1;34mspotledger_db::schema[0m[34m: [34msync_user: field DDL ok, [1;34mdoctype[0m[34m: System Settings, [1;34mfield[0m[34m: allow_guests_to_upload_files[0m
    [2;3mat[0m crates\spotledger-db\src\schema.rs:746

  [2m2026-04-19T18:15:48.822200Z[0m [34mDEBUG[0m [1;34mspotledger_db::schema[0m[34m: [34msync_user: executing field DDL, [1;34mdoctype[0m[34m: System Settings, [1;34mfield[0m[34m: deny_multiple_sessions, [1;34msql[0m[34m: DEFINE FIELD OVERWRITE `deny_multiple_sessions` ON TABLE `tabSystem_Settings` TYPE none | int PERMISSIONS FULL DEFAULT 0;[0m
    [2;3mat[0m crates\spotledger-db\src\schema.rs:741

  [2m2026-04-19T18:15:48.826600Z[0m [34mDEBUG[0m [1;34mspotledger_db::schema[0m[34m: [34msync_user: field DDL ok, [1;34mdoctype[0m[34m: System Settings, [1;34mfield[0m[34m: deny_multiple_sessions[0m
    [2;3mat[0m crates\spotledger-db\src\schema.rs:746

  [2m2026-04-19T18:15:48.827041Z[0m [34mDEBUG[0m [1;34mspotledger_db::schema[0m[34m: [34msync_user: executing field DDL, [1;34mdoctype[0m[34m: System Settings, [1;34mfield[0m[34m: force_user_to_reset_password, [1;34msql[0m[34m: DEFINE FIELD OVERWRITE `force_user_to_reset_password` ON TABLE `tabSystem_Settings` TYPE none | int PERMISSIONS FULL;[0m
    [2;3mat[0m crates\spotledger-db\src\schema.rs:741

  [2m2026-04-19T18:15:48.830276Z[0m [34mDEBUG[0m [1;34mspotledger_db::schema[0m[34m: [34msync_user: field DDL ok, [1;34mdoctype[0m[34m: System Settings, [1;34mfield[0m[34m: force_user_to_reset_password[0m
    [2;3mat[0m crates\spotledger-db\src\schema.rs:746

  [2m2026-04-19T18:15:48.830688Z[0m [34mDEBUG[0m [1;34mspotledger_db::schema[0m[34m: [34msync_user: executing field DDL, [1;34mdoctype[0m[34m: System Settings, [1;34mfield[0m[34m: hide_footer_in_auto_email_reports, [1;34msql[0m[34m: DEFINE FIELD OVERWRITE `hide_footer_in_auto_email_reports` ON TABLE `tabSystem_Settings` TYPE none | int PERMISSIONS FULL DEFAULT 0;[0m
    [2;3mat[0m crates\spotledger-db\src\schema.rs:741

  [2m2026-04-19T18:15:48.837521Z[0m [34mDEBUG[0m [1;34mspotledger_db::schema[0m[34m: [34msync_user: field DDL ok, [1;34mdoctype[0m[34m: System Settings, [1;34mfield[0m[34m: hide_footer_in_auto_email_reports[0m
    [2;3mat[0m crates\spotledger-db\src\schema.rs:746

  [2m2026-04-19T18:15:48.837970Z[0m [34mDEBUG[0m [1;34mspotledger_db::schema[0m[34m: [34msync_user: executing field DDL, [1;34mdoctype[0m[34m: System Settings, [1;34mfield[0m[34m: rounding_method, [1;34msql[0m[34m: DEFINE FIELD OVERWRITE `rounding_method` ON TABLE `tabSystem_Settings` TYPE option<string> PERMISSIONS FULL;[0m
    [2;3mat[0m crates\spotledger-db\src\schema.rs:741

  [2m2026-04-19T18:15:48.841670Z[0m [34mDEBUG[0m [1;34mspotledger_db::schema[0m[34m: [34msync_user: field DDL ok, [1;34mdoctype[0m[34m: System Settings, [1;34mfield[0m[34m: rounding_method[0m
    [2;3mat[0m crates\spotledger-db\src\schema.rs:746

  [2m2026-04-19T18:15:48.842153Z[0m [34mDEBUG[0m [1;34mspotledger_db::schema[0m[34m: [34msync_user: executing field DDL, [1;34mdoctype[0m[34m: System Settings, [1;34mfield[0m[34m: strip_exif_metadata_from_uploaded_files, [1;34msql[0m[34m: DEFINE FIELD OVERWRITE `strip_exif_metadata_from_uploaded_files` ON TABLE `tabSystem_Settings` TYPE none | int PERMISSIONS FULL DEFAULT 0;[0m
    [2;3mat[0m crates\spotledger-db\src\schema.rs:741

  [2m2026-04-19T18:15:48.845200Z[0m [34mDEBUG[0m [1;34mspotledger_db::schema[0m[34m: [34msync_user: field DDL ok, [1;34mdoctype[0m[34m: System Settings, [1;34mfield[0m[34m: strip_exif_metadata_from_uploaded_files[0m
    [2;3mat[0m crates\spotledger-db\src\schema.rs:746

  [2m2026-04-19T18:15:48.845592Z[0m [34mDEBUG[0m [1;34mspotledger_db::schema[0m[34m: [34msync_user: executing field DDL, [1;34mdoctype[0m[34m: System Settings, [1;34mfield[0m[34m: enable_onboarding, [1;34msql[0m[34m: DEFINE FIELD OVERWRITE `enable_onboarding` ON TABLE `tabSystem_Settings` TYPE none | int PERMISSIONS FULL DEFAULT 0;[0m
    [2;3mat[0m crates\spotledger-db\src\schema.rs:741

  [2m2026-04-19T18:15:48.850082Z[0m [34mDEBUG[0m [1;34mspotledger_db::schema[0m[34m: [34msync_user: field DDL ok, [1;34mdoctype[0m[34m: System Settings, [1;34mfield[0m[34m: enable_onboarding[0m
    [2;3mat[0m crates\spotledger-db\src\schema.rs:746

  [2m2026-04-19T18:15:48.850684Z[0m [34mDEBUG[0m [1;34mspotledger_db::schema[0m[34m: [34msync_user: executing field DDL, [1;34mdoctype[0m[34m: System Settings, [1;34mfield[0m[34m: enable_telemetry, [1;34msql[0m[34m: DEFINE FIELD OVERWRITE `enable_telemetry` ON TABLE `tabSystem_Settings` TYPE none | int PERMISSIONS FULL DEFAULT 0;[0m
    [2;3mat[0m crates\spotledger-db\src\schema.rs:741

  [2m2026-04-19T18:15:48.854500Z[0m [34mDEBUG[0m [1;34mspotledger_db::schema[0m[34m: [34msync_user: field DDL ok, [1;34mdoctype[0m[34m: System Settings, [1;34mfield[0m[34m: enable_telemetry[0m
    [2;3mat[0m crates\spotledger-db\src\schema.rs:746

  [2m2026-04-19T18:15:48.854886Z[0m [34mDEBUG[0m [1;34mspotledger_db::schema[0m[34m: [34msync_user: executing field DDL, [1;34mdoctype[0m[34m: System Settings, [1;34mfield[0m[34m: backup_limit, [1;34msql[0m[34m: DEFINE FIELD OVERWRITE `backup_limit` ON TABLE `tabSystem_Settings` TYPE none | int PERMISSIONS FULL;[0m
    [2;3mat[0m crates\spotledger-db\src\schema.rs:741

  [2m2026-04-19T18:15:48.858285Z[0m [34mDEBUG[0m [1;34mspotledger_db::schema[0m[34m: [34msync_user: field DDL ok, [1;34mdoctype[0m[34m: System Settings, [1;34mfield[0m[34m: backup_limit[0m
    [2;3mat[0m crates\spotledger-db\src\schema.rs:746

  [2m2026-04-19T18:15:48.858789Z[0m [34mDEBUG[0m [1;34mspotledger_db::schema[0m[34m: [34msync_user: executing field DDL, [1;34mdoctype[0m[34m: System Settings, [1;34mfield[0m[34m: setup_complete, [1;34msql[0m[34m: DEFINE FIELD OVERWRITE `setup_complete` ON TABLE `tabSystem_Settings` TYPE none | int PERMISSIONS FULL DEFAULT 0;[0m
    [2;3mat[0m crates\spotledger-db\src\schema.rs:741

  [2m2026-04-19T18:15:48.862181Z[0m [34mDEBUG[0m [1;34mspotledger_db::schema[0m[34m: [34msync_user: field DDL ok, [1;34mdoctype[0m[34m: System Settings, [1;34mfield[0m[34m: setup_complete[0m
    [2;3mat[0m crates\spotledger-db\src\schema.rs:746

  [2m2026-04-19T18:15:48.865325Z[0m [34mDEBUG[0m [1;34mspotledger_db::schema[0m[34m: [34msync_user: schema synced, [1;34mdoctype[0m[34m: System Settings[0m
    [2;3mat[0m crates\spotledger-db\src\schema.rs:762

  [2m2026-04-19T18:15:48.895913Z[0m [34mDEBUG[0m [1;34mspotledger_db::schema[0m[34m: [34msync_user: fields loaded, [1;34mdoctype[0m[34m: Tag, [1;34mfield_count[0m[34m: 1[0m
    [2;3mat[0m crates\spotledger-db\src\schema.rs:689

  [2m2026-04-19T18:15:48.896533Z[0m [34mDEBUG[0m [1;34mspotledger_db::schema[0m[34m: [34msync_user: executing field DDL, [1;34mdoctype[0m[34m: Tag, [1;34mfield[0m[34m: name, [1;34msql[0m[34m: DEFINE FIELD OVERWRITE `name` ON TABLE `tabTag` TYPE option<string> PERMISSIONS FULL;[0m
    [2;3mat[0m crates\spotledger-db\src\schema.rs:741

  [2m2026-04-19T18:15:48.900975Z[0m [34mDEBUG[0m [1;34mspotledger_db::schema[0m[34m: [34msync_user: field DDL ok, [1;34mdoctype[0m[34m: Tag, [1;34mfield[0m[34m: name[0m
    [2;3mat[0m crates\spotledger-db\src\schema.rs:746

  [2m2026-04-19T18:15:48.903825Z[0m [34mDEBUG[0m [1;34mspotledger_db::schema[0m[34m: [34msync_user: schema synced, [1;34mdoctype[0m[34m: Tag[0m
    [2;3mat[0m crates\spotledger-db\src\schema.rs:762

  [2m2026-04-19T18:15:48.936794Z[0m [34mDEBUG[0m [1;34mspotledger_db::schema[0m[34m: [34msync_user: fields loaded, [1;34mdoctype[0m[34m: Timezone, [1;34mfield_count[0m[34m: 2[0m
    [2;3mat[0m crates\spotledger-db\src\schema.rs:689

  [2m2026-04-19T18:15:48.937339Z[0m [34mDEBUG[0m [1;34mspotledger_db::schema[0m[34m: [34msync_user: executing field DDL, [1;34mdoctype[0m[34m: Timezone, [1;34mfield[0m[34m: name, [1;34msql[0m[34m: DEFINE FIELD OVERWRITE `name` ON TABLE `tabTimezone` TYPE option<string> PERMISSIONS FULL;[0m
    [2;3mat[0m crates\spotledger-db\src\schema.rs:741

  [2m2026-04-19T18:15:48.941304Z[0m [34mDEBUG[0m [1;34mspotledger_db::schema[0m[34m: [34msync_user: field DDL ok, [1;34mdoctype[0m[34m: Timezone, [1;34mfield[0m[34m: name[0m
    [2;3mat[0m crates\spotledger-db\src\schema.rs:746

  [2m2026-04-19T18:15:48.941646Z[0m [34mDEBUG[0m [1;34mspotledger_db::schema[0m[34m: [34msync_user: executing field DDL, [1;34mdoctype[0m[34m: Timezone, [1;34mfield[0m[34m: utc_offset, [1;34msql[0m[34m: DEFINE FIELD OVERWRITE `utc_offset` ON TABLE `tabTimezone` TYPE option<string> PERMISSIONS FULL;[0m
    [2;3mat[0m crates\spotledger-db\src\schema.rs:741

  [2m2026-04-19T18:15:48.944469Z[0m [34mDEBUG[0m [1;34mspotledger_db::schema[0m[34m: [34msync_user: field DDL ok, [1;34mdoctype[0m[34m: Timezone, [1;34mfield[0m[34m: utc_offset[0m
    [2;3mat[0m crates\spotledger-db\src\schema.rs:746

  [2m2026-04-19T18:15:48.947799Z[0m [34mDEBUG[0m [1;34mspotledger_db::schema[0m[34m: [34msync_user: schema synced, [1;34mdoctype[0m[34m: Timezone[0m
    [2;3mat[0m crates\spotledger-db\src\schema.rs:762

  [2m2026-04-19T18:15:48.978726Z[0m [34mDEBUG[0m [1;34mspotledger_db::schema[0m[34m: [34msync_user: fields loaded, [1;34mdoctype[0m[34m: UTM Campaign, [1;34mfield_count[0m[34m: 2[0m
    [2;3mat[0m crates\spotledger-db\src\schema.rs:689

  [2m2026-04-19T18:15:48.979162Z[0m [34mDEBUG[0m [1;34mspotledger_db::schema[0m[34m: [34msync_user: executing field DDL, [1;34mdoctype[0m[34m: UTM Campaign, [1;34mfield[0m[34m: campaign_description, [1;34msql[0m[34m: DEFINE FIELD OVERWRITE `campaign_description` ON TABLE `tabUTM_Campaign` TYPE option<string> PERMISSIONS FULL;[0m
    [2;3mat[0m crates\spotledger-db\src\schema.rs:741

  [2m2026-04-19T18:15:48.982833Z[0m [34mDEBUG[0m [1;34mspotledger_db::schema[0m[34m: [34msync_user: field DDL ok, [1;34mdoctype[0m[34m: UTM Campaign, [1;34mfield[0m[34m: campaign_description[0m
    [2;3mat[0m crates\spotledger-db\src\schema.rs:746

  [2m2026-04-19T18:15:48.983490Z[0m [34mDEBUG[0m [1;34mspotledger_db::schema[0m[34m: [34msync_user: executing field DDL, [1;34mdoctype[0m[34m: UTM Campaign, [1;34mfield[0m[34m: slug, [1;34msql[0m[34m: DEFINE FIELD OVERWRITE `slug` ON TABLE `tabUTM_Campaign` TYPE option<string> PERMISSIONS FULL;[0m
    [2;3mat[0m crates\spotledger-db\src\schema.rs:741

  [2m2026-04-19T18:15:48.986533Z[0m [34mDEBUG[0m [1;34mspotledger_db::schema[0m[34m: [34msync_user: field DDL ok, [1;34mdoctype[0m[34m: UTM Campaign, [1;34mfield[0m[34m: slug[0m
    [2;3mat[0m crates\spotledger-db\src\schema.rs:746

  [2m2026-04-19T18:15:48.989283Z[0m [34mDEBUG[0m [1;34mspotledger_db::schema[0m[34m: [34msync_user: schema synced, [1;34mdoctype[0m[34m: UTM Campaign[0m
    [2;3mat[0m crates\spotledger-db\src\schema.rs:762

  [2m2026-04-19T18:15:49.023791Z[0m [34mDEBUG[0m [1;34mspotledger_db::schema[0m[34m: [34msync_user: fields loaded, [1;34mdoctype[0m[34m: UTM Medium, [1;34mfield_count[0m[34m: 2[0m
    [2;3mat[0m crates\spotledger-db\src\schema.rs:689

  [2m2026-04-19T18:15:49.024280Z[0m [34mDEBUG[0m [1;34mspotledger_db::schema[0m[34m: [34msync_user: executing field DDL, [1;34mdoctype[0m[34m: UTM Medium, [1;34mfield[0m[34m: description, [1;34msql[0m[34m: DEFINE FIELD OVERWRITE `description` ON TABLE `tabUTM_Medium` TYPE option<string> PERMISSIONS FULL;[0m
    [2;3mat[0m crates\spotledger-db\src\schema.rs:741

  [2m2026-04-19T18:15:49.028025Z[0m [34mDEBUG[0m [1;34mspotledger_db::schema[0m[34m: [34msync_user: field DDL ok, [1;34mdoctype[0m[34m: UTM Medium, [1;34mfield[0m[34m: description[0m
    [2;3mat[0m crates\spotledger-db\src\schema.rs:746

  [2m2026-04-19T18:15:49.028531Z[0m [34mDEBUG[0m [1;34mspotledger_db::schema[0m[34m: [34msync_user: executing field DDL, [1;34mdoctype[0m[34m: UTM Medium, [1;34mfield[0m[34m: slug, [1;34msql[0m[34m: DEFINE FIELD OVERWRITE `slug` ON TABLE `tabUTM_Medium` TYPE option<string> PERMISSIONS FULL;[0m
    [2;3mat[0m crates\spotledger-db\src\schema.rs:741

  [2m2026-04-19T18:15:49.032714Z[0m [34mDEBUG[0m [1;34mspotledger_db::schema[0m[34m: [34msync_user: field DDL ok, [1;34mdoctype[0m[34m: UTM Medium, [1;34mfield[0m[34m: slug[0m
    [2;3mat[0m crates\spotledger-db\src\schema.rs:746

  [2m2026-04-19T18:15:49.036463Z[0m [34mDEBUG[0m [1;34mspotledger_db::schema[0m[34m: [34msync_user: schema synced, [1;34mdoctype[0m[34m: UTM Medium[0m
    [2;3mat[0m crates\spotledger-db\src\schema.rs:762

  [2m2026-04-19T18:15:49.069790Z[0m [34mDEBUG[0m [1;34mspotledger_db::schema[0m[34m: [34msync_user: fields loaded, [1;34mdoctype[0m[34m: UTM Source, [1;34mfield_count[0m[34m: 2[0m
    [2;3mat[0m crates\spotledger-db\src\schema.rs:689

  [2m2026-04-19T18:15:49.070216Z[0m [34mDEBUG[0m [1;34mspotledger_db::schema[0m[34m: [34msync_user: executing field DDL, [1;34mdoctype[0m[34m: UTM Source, [1;34mfield[0m[34m: description, [1;34msql[0m[34m: DEFINE FIELD OVERWRITE `description` ON TABLE `tabUTM_Source` TYPE option<string> PERMISSIONS FULL;[0m
    [2;3mat[0m crates\spotledger-db\src\schema.rs:741

  [2m2026-04-19T18:15:49.073123Z[0m [34mDEBUG[0m [1;34mspotledger_db::schema[0m[34m: [34msync_user: field DDL ok, [1;34mdoctype[0m[34m: UTM Source, [1;34mfield[0m[34m: description[0m
    [2;3mat[0m crates\spotledger-db\src\schema.rs:746

  [2m2026-04-19T18:15:49.073628Z[0m [34mDEBUG[0m [1;34mspotledger_db::schema[0m[34m: [34msync_user: executing field DDL, [1;34mdoctype[0m[34m: UTM Source, [1;34mfield[0m[34m: slug, [1;34msql[0m[34m: DEFINE FIELD OVERWRITE `slug` ON TABLE `tabUTM_Source` TYPE option<string> PERMISSIONS FULL;[0m
    [2;3mat[0m crates\spotledger-db\src\schema.rs:741

  [2m2026-04-19T18:15:49.076694Z[0m [34mDEBUG[0m [1;34mspotledger_db::schema[0m[34m: [34msync_user: field DDL ok, [1;34mdoctype[0m[34m: UTM Source, [1;34mfield[0m[34m: slug[0m
    [2;3mat[0m crates\spotledger-db\src\schema.rs:746

  [2m2026-04-19T18:15:49.079356Z[0m [34mDEBUG[0m [1;34mspotledger_db::schema[0m[34m: [34msync_user: schema synced, [1;34mdoctype[0m[34m: UTM Source[0m
    [2;3mat[0m crates\spotledger-db\src\schema.rs:762

  [2m2026-04-19T18:15:49.112973Z[0m [34mDEBUG[0m [1;34mspotledger_db::schema[0m[34m: [34msync_user: fields loaded, [1;34mdoctype[0m[34m: Webhook, [1;34mfield_count[0m[34m: 13[0m
    [2;3mat[0m crates\spotledger-db\src\schema.rs:689

  [2m2026-04-19T18:15:49.113386Z[0m [34mDEBUG[0m [1;34mspotledger_db::schema[0m[34m: [34msync_user: executing field DDL, [1;34mdoctype[0m[34m: Webhook, [1;34mfield[0m[34m: name, [1;34msql[0m[34m: DEFINE FIELD OVERWRITE `name` ON TABLE `tabWebhook` TYPE option<string> PERMISSIONS FULL;[0m
    [2;3mat[0m crates\spotledger-db\src\schema.rs:741

  [2m2026-04-19T18:15:49.116950Z[0m [34mDEBUG[0m [1;34mspotledger_db::schema[0m[34m: [34msync_user: field DDL ok, [1;34mdoctype[0m[34m: Webhook, [1;34mfield[0m[34m: name[0m
    [2;3mat[0m crates\spotledger-db\src\schema.rs:746

  [2m2026-04-19T18:15:49.117482Z[0m [34mDEBUG[0m [1;34mspotledger_db::schema[0m[34m: [34msync_user: executing field DDL, [1;34mdoctype[0m[34m: Webhook, [1;34mfield[0m[34m: webhook_doctype, [1;34msql[0m[34m: DEFINE FIELD OVERWRITE `webhook_doctype` ON TABLE `tabWebhook` TYPE option<string> PERMISSIONS FULL;[0m
    [2;3mat[0m crates\spotledger-db\src\schema.rs:741

  [2m2026-04-19T18:15:49.121000Z[0m [34mDEBUG[0m [1;34mspotledger_db::schema[0m[34m: [34msync_user: field DDL ok, [1;34mdoctype[0m[34m: Webhook, [1;34mfield[0m[34m: webhook_doctype[0m
    [2;3mat[0m crates\spotledger-db\src\schema.rs:746

  [2m2026-04-19T18:15:49.121581Z[0m [34mDEBUG[0m [1;34mspotledger_db::schema[0m[34m: [34msync_user: executing field DDL, [1;34mdoctype[0m[34m: Webhook, [1;34mfield[0m[34m: webhook_docevent, [1;34msql[0m[34m: DEFINE FIELD OVERWRITE `webhook_docevent` ON TABLE `tabWebhook` TYPE option<string> PERMISSIONS FULL;[0m
    [2;3mat[0m crates\spotledger-db\src\schema.rs:741

  [2m2026-04-19T18:15:49.124996Z[0m [34mDEBUG[0m [1;34mspotledger_db::schema[0m[34m: [34msync_user: field DDL ok, [1;34mdoctype[0m[34m: Webhook, [1;34mfield[0m[34m: webhook_docevent[0m
    [2;3mat[0m crates\spotledger-db\src\schema.rs:746

  [2m2026-04-19T18:15:49.125431Z[0m [34mDEBUG[0m [1;34mspotledger_db::schema[0m[34m: [34msync_user: executing field DDL, [1;34mdoctype[0m[34m: Webhook, [1;34mfield[0m[34m: enabled, [1;34msql[0m[34m: DEFINE FIELD OVERWRITE `enabled` ON TABLE `tabWebhook` TYPE none | int PERMISSIONS FULL DEFAULT 0;[0m
    [2;3mat[0m crates\spotledger-db\src\schema.rs:741

  [2m2026-04-19T18:15:49.128742Z[0m [34mDEBUG[0m [1;34mspotledger_db::schema[0m[34m: [34msync_user: field DDL ok, [1;34mdoctype[0m[34m: Webhook, [1;34mfield[0m[34m: enabled[0m
    [2;3mat[0m crates\spotledger-db\src\schema.rs:746

  [2m2026-04-19T18:15:49.129186Z[0m [34mDEBUG[0m [1;34mspotledger_db::schema[0m[34m: [34msync_user: executing field DDL, [1;34mdoctype[0m[34m: Webhook, [1;34mfield[0m[34m: request_url, [1;34msql[0m[34m: DEFINE FIELD OVERWRITE `request_url` ON TABLE `tabWebhook` TYPE option<string> PERMISSIONS FULL;[0m
    [2;3mat[0m crates\spotledger-db\src\schema.rs:741

  [2m2026-04-19T18:15:49.133216Z[0m [34mDEBUG[0m [1;34mspotledger_db::schema[0m[34m: [34msync_user: field DDL ok, [1;34mdoctype[0m[34m: Webhook, [1;34mfield[0m[34m: request_url[0m
    [2;3mat[0m crates\spotledger-db\src\schema.rs:746

  [2m2026-04-19T18:15:49.133827Z[0m [34mDEBUG[0m [1;34mspotledger_db::schema[0m[34m: [34msync_user: executing field DDL, [1;34mdoctype[0m[34m: Webhook, [1;34mfield[0m[34m: request_method, [1;34msql[0m[34m: DEFINE FIELD OVERWRITE `request_method` ON TABLE `tabWebhook` TYPE option<string> PERMISSIONS FULL;[0m
    [2;3mat[0m crates\spotledger-db\src\schema.rs:741

  [2m2026-04-19T18:15:49.137598Z[0m [34mDEBUG[0m [1;34mspotledger_db::schema[0m[34m: [34msync_user: field DDL ok, [1;34mdoctype[0m[34m: Webhook, [1;34mfield[0m[34m: request_method[0m
    [2;3mat[0m crates\spotledger-db\src\schema.rs:746

  [2m2026-04-19T18:15:49.138205Z[0m [34mDEBUG[0m [1;34mspotledger_db::schema[0m[34m: [34msync_user: executing field DDL, [1;34mdoctype[0m[34m: Webhook, [1;34mfield[0m[34m: webhook_headers, [1;34msql[0m[34m: DEFINE FIELD OVERWRITE `webhook_headers` ON TABLE `tabWebhook` TYPE any PERMISSIONS FULL;[0m
    [2;3mat[0m crates\spotledger-db\src\schema.rs:741

  [2m2026-04-19T18:15:49.141568Z[0m [34mDEBUG[0m [1;34mspotledger_db::schema[0m[34m: [34msync_user: field DDL ok, [1;34mdoctype[0m[34m: Webhook, [1;34mfield[0m[34m: webhook_headers[0m
    [2;3mat[0m crates\spotledger-db\src\schema.rs:746

  [2m2026-04-19T18:15:49.142157Z[0m [34mDEBUG[0m [1;34mspotledger_db::schema[0m[34m: [34msync_user: executing field DDL, [1;34mdoctype[0m[34m: Webhook, [1;34mfield[0m[34m: webhook_data, [1;34msql[0m[34m: DEFINE FIELD OVERWRITE `webhook_data` ON TABLE `tabWebhook` TYPE any PERMISSIONS FULL;[0m
    [2;3mat[0m crates\spotledger-db\src\schema.rs:741

  [2m2026-04-19T18:15:49.145404Z[0m [34mDEBUG[0m [1;34mspotledger_db::schema[0m[34m: [34msync_user: field DDL ok, [1;34mdoctype[0m[34m: Webhook, [1;34mfield[0m[34m: webhook_data[0m
    [2;3mat[0m crates\spotledger-db\src\schema.rs:746

  [2m2026-04-19T18:15:49.145948Z[0m [34mDEBUG[0m [1;34mspotledger_db::schema[0m[34m: [34msync_user: executing field DDL, [1;34mdoctype[0m[34m: Webhook, [1;34mfield[0m[34m: condition, [1;34msql[0m[34m: DEFINE FIELD OVERWRITE `condition` ON TABLE `tabWebhook` TYPE option<string> PERMISSIONS FULL;[0m
    [2;3mat[0m crates\spotledger-db\src\schema.rs:741

  [2m2026-04-19T18:15:49.150115Z[0m [34mDEBUG[0m [1;34mspotledger_db::schema[0m[34m: [34msync_user: field DDL ok, [1;34mdoctype[0m[34m: Webhook, [1;34mfield[0m[34m: condition[0m
    [2;3mat[0m crates\spotledger-db\src\schema.rs:746

  [2m2026-04-19T18:15:49.150673Z[0m [34mDEBUG[0m [1;34mspotledger_db::schema[0m[34m: [34msync_user: executing field DDL, [1;34mdoctype[0m[34m: Webhook, [1;34mfield[0m[34m: meet_condition, [1;34msql[0m[34m: DEFINE FIELD OVERWRITE `meet_condition` ON TABLE `tabWebhook` TYPE option<string> PERMISSIONS FULL;[0m
    [2;3mat[0m crates\spotledger-db\src\schema.rs:741

  [2m2026-04-19T18:15:49.154351Z[0m [34mDEBUG[0m [1;34mspotledger_db::schema[0m[34m: [34msync_user: field DDL ok, [1;34mdoctype[0m[34m: Webhook, [1;34mfield[0m[34m: meet_condition[0m
    [2;3mat[0m crates\spotledger-db\src\schema.rs:746

  [2m2026-04-19T18:15:49.154963Z[0m [34mDEBUG[0m [1;34mspotledger_db::schema[0m[34m: [34msync_user: executing field DDL, [1;34mdoctype[0m[34m: Webhook, [1;34mfield[0m[34m: webhook_json, [1;34msql[0m[34m: DEFINE FIELD OVERWRITE `webhook_json` ON TABLE `tabWebhook` TYPE option<string> PERMISSIONS FULL;[0m
    [2;3mat[0m crates\spotledger-db\src\schema.rs:741

  [2m2026-04-19T18:15:49.158080Z[0m [34mDEBUG[0m [1;34mspotledger_db::schema[0m[34m: [34msync_user: field DDL ok, [1;34mdoctype[0m[34m: Webhook, [1;34mfield[0m[34m: webhook_json[0m
    [2;3mat[0m crates\spotledger-db\src\schema.rs:746

  [2m2026-04-19T18:15:49.158749Z[0m [34mDEBUG[0m [1;34mspotledger_db::schema[0m[34m: [34msync_user: executing field DDL, [1;34mdoctype[0m[34m: Webhook, [1;34mfield[0m[34m: enable_security, [1;34msql[0m[34m: DEFINE FIELD OVERWRITE `enable_security` ON TABLE `tabWebhook` TYPE none | int PERMISSIONS FULL DEFAULT 0;[0m
    [2;3mat[0m crates\spotledger-db\src\schema.rs:741

  [2m2026-04-19T18:15:49.162268Z[0m [34mDEBUG[0m [1;34mspotledger_db::schema[0m[34m: [34msync_user: field DDL ok, [1;34mdoctype[0m[34m: Webhook, [1;34mfield[0m[34m: enable_security[0m
    [2;3mat[0m crates\spotledger-db\src\schema.rs:746

  [2m2026-04-19T18:15:49.162752Z[0m [34mDEBUG[0m [1;34mspotledger_db::schema[0m[34m: [34msync_user: executing field DDL, [1;34mdoctype[0m[34m: Webhook, [1;34mfield[0m[34m: webhook_secret, [1;34msql[0m[34m: DEFINE FIELD OVERWRITE `webhook_secret` ON TABLE `tabWebhook` TYPE option<string> PERMISSIONS FULL;[0m
    [2;3mat[0m crates\spotledger-db\src\schema.rs:741

  [2m2026-04-19T18:15:49.167648Z[0m [34mDEBUG[0m [1;34mspotledger_db::schema[0m[34m: [34msync_user: field DDL ok, [1;34mdoctype[0m[34m: Webhook, [1;34mfield[0m[34m: webhook_secret[0m
    [2;3mat[0m crates\spotledger-db\src\schema.rs:746

  [2m2026-04-19T18:15:49.170684Z[0m [34mDEBUG[0m [1;34mspotledger_db::schema[0m[34m: [34msync_user: schema synced, [1;34mdoctype[0m[34m: Webhook[0m
    [2;3mat[0m crates\spotledger-db\src\schema.rs:762

  [2m2026-04-19T18:15:49.201976Z[0m [34mDEBUG[0m [1;34mspotledger_db::schema[0m[34m: [34msync_user: fields loaded, [1;34mdoctype[0m[34m: Workspace, [1;34mfield_count[0m[34m: 17[0m
    [2;3mat[0m crates\spotledger-db\src\schema.rs:689

  [2m2026-04-19T18:15:49.202423Z[0m [34mDEBUG[0m [1;34mspotledger_db::schema[0m[34m: [34msync_user: executing field DDL, [1;34mdoctype[0m[34m: Workspace, [1;34mfield[0m[34m: name, [1;34msql[0m[34m: DEFINE FIELD OVERWRITE `name` ON TABLE `tabWorkspace` TYPE option<string> PERMISSIONS FULL;[0m
    [2;3mat[0m crates\spotledger-db\src\schema.rs:741

  [2m2026-04-19T18:15:49.205980Z[0m [34mDEBUG[0m [1;34mspotledger_db::schema[0m[34m: [34msync_user: field DDL ok, [1;34mdoctype[0m[34m: Workspace, [1;34mfield[0m[34m: name[0m
    [2;3mat[0m crates\spotledger-db\src\schema.rs:746

  [2m2026-04-19T18:15:49.206526Z[0m [34mDEBUG[0m [1;34mspotledger_db::schema[0m[34m: [34msync_user: executing field DDL, [1;34mdoctype[0m[34m: Workspace, [1;34mfield[0m[34m: title, [1;34msql[0m[34m: DEFINE FIELD OVERWRITE `title` ON TABLE `tabWorkspace` TYPE option<string> PERMISSIONS FULL;[0m
    [2;3mat[0m crates\spotledger-db\src\schema.rs:741

  [2m2026-04-19T18:15:49.210174Z[0m [34mDEBUG[0m [1;34mspotledger_db::schema[0m[34m: [34msync_user: field DDL ok, [1;34mdoctype[0m[34m: Workspace, [1;34mfield[0m[34m: title[0m
    [2;3mat[0m crates\spotledger-db\src\schema.rs:746

  [2m2026-04-19T18:15:49.210667Z[0m [34mDEBUG[0m [1;34mspotledger_db::schema[0m[34m: [34msync_user: executing field DDL, [1;34mdoctype[0m[34m: Workspace, [1;34mfield[0m[34m: module, [1;34msql[0m[34m: DEFINE FIELD OVERWRITE `module` ON TABLE `tabWorkspace` TYPE option<string> PERMISSIONS FULL;[0m
    [2;3mat[0m crates\spotledger-db\src\schema.rs:741

  [2m2026-04-19T18:15:49.214356Z[0m [34mDEBUG[0m [1;34mspotledger_db::schema[0m[34m: [34msync_user: field DDL ok, [1;34mdoctype[0m[34m: Workspace, [1;34mfield[0m[34m: module[0m
    [2;3mat[0m crates\spotledger-db\src\schema.rs:746

  [2m2026-04-19T18:15:49.215256Z[0m [34mDEBUG[0m [1;34mspotledger_db::schema[0m[34m: [34msync_user: executing field DDL, [1;34mdoctype[0m[34m: Workspace, [1;34mfield[0m[34m: icon, [1;34msql[0m[34m: DEFINE FIELD OVERWRITE `icon` ON TABLE `tabWorkspace` TYPE option<string> PERMISSIONS FULL;[0m
    [2;3mat[0m crates\spotledger-db\src\schema.rs:741

  [2m2026-04-19T18:15:49.218562Z[0m [34mDEBUG[0m [1;34mspotledger_db::schema[0m[34m: [34msync_user: field DDL ok, [1;34mdoctype[0m[34m: Workspace, [1;34mfield[0m[34m: icon[0m
    [2;3mat[0m crates\spotledger-db\src\schema.rs:746

  [2m2026-04-19T18:15:49.219123Z[0m [34mDEBUG[0m [1;34mspotledger_db::schema[0m[34m: [34msync_user: executing field DDL, [1;34mdoctype[0m[34m: Workspace, [1;34mfield[0m[34m: indicator_color, [1;34msql[0m[34m: DEFINE FIELD OVERWRITE `indicator_color` ON TABLE `tabWorkspace` TYPE option<string> PERMISSIONS FULL;[0m
    [2;3mat[0m crates\spotledger-db\src\schema.rs:741

  [2m2026-04-19T18:15:49.222327Z[0m [34mDEBUG[0m [1;34mspotledger_db::schema[0m[34m: [34msync_user: field DDL ok, [1;34mdoctype[0m[34m: Workspace, [1;34mfield[0m[34m: indicator_color[0m
    [2;3mat[0m crates\spotledger-db\src\schema.rs:746

  [2m2026-04-19T18:15:49.222807Z[0m [34mDEBUG[0m [1;34mspotledger_db::schema[0m[34m: [34msync_user: executing field DDL, [1;34mdoctype[0m[34m: Workspace, [1;34mfield[0m[34m: is_standard, [1;34msql[0m[34m: DEFINE FIELD OVERWRITE `is_standard` ON TABLE `tabWorkspace` TYPE none | int PERMISSIONS FULL DEFAULT 0;[0m
    [2;3mat[0m crates\spotledger-db\src\schema.rs:741

  [2m2026-04-19T18:15:49.226610Z[0m [34mDEBUG[0m [1;34mspotledger_db::schema[0m[34m: [34msync_user: field DDL ok, [1;34mdoctype[0m[34m: Workspace, [1;34mfield[0m[34m: is_standard[0m
    [2;3mat[0m crates\spotledger-db\src\schema.rs:746

  [2m2026-04-19T18:15:49.227101Z[0m [34mDEBUG[0m [1;34mspotledger_db::schema[0m[34m: [34msync_user: executing field DDL, [1;34mdoctype[0m[34m: Workspace, [1;34mfield[0m[34m: public, [1;34msql[0m[34m: DEFINE FIELD OVERWRITE `public` ON TABLE `tabWorkspace` TYPE none | int PERMISSIONS FULL DEFAULT 0;[0m
    [2;3mat[0m crates\spotledger-db\src\schema.rs:741

  [2m2026-04-19T18:15:49.231514Z[0m [34mDEBUG[0m [1;34mspotledger_db::schema[0m[34m: [34msync_user: field DDL ok, [1;34mdoctype[0m[34m: Workspace, [1;34mfield[0m[34m: public[0m
    [2;3mat[0m crates\spotledger-db\src\schema.rs:746

  [2m2026-04-19T18:15:49.232154Z[0m [34mDEBUG[0m [1;34mspotledger_db::schema[0m[34m: [34msync_user: executing field DDL, [1;34mdoctype[0m[34m: Workspace, [1;34mfield[0m[34m: roles, [1;34msql[0m[34m: DEFINE FIELD OVERWRITE `roles` ON TABLE `tabWorkspace` TYPE any PERMISSIONS FULL;[0m
    [2;3mat[0m crates\spotledger-db\src\schema.rs:741

  [2m2026-04-19T18:15:49.235560Z[0m [34mDEBUG[0m [1;34mspotledger_db::schema[0m[34m: [34msync_user: field DDL ok, [1;34mdoctype[0m[34m: Workspace, [1;34mfield[0m[34m: roles[0m
    [2;3mat[0m crates\spotledger-db\src\schema.rs:746

  [2m2026-04-19T18:15:49.236133Z[0m [34mDEBUG[0m [1;34mspotledger_db::schema[0m[34m: [34msync_user: executing field DDL, [1;34mdoctype[0m[34m: Workspace, [1;34mfield[0m[34m: shortcuts, [1;34msql[0m[34m: DEFINE FIELD OVERWRITE `shortcuts` ON TABLE `tabWorkspace` TYPE any PERMISSIONS FULL;[0m
    [2;3mat[0m crates\spotledger-db\src\schema.rs:741

  [2m2026-04-19T18:15:49.239911Z[0m [34mDEBUG[0m [1;34mspotledger_db::schema[0m[34m: [34msync_user: field DDL ok, [1;34mdoctype[0m[34m: Workspace, [1;34mfield[0m[34m: shortcuts[0m
    [2;3mat[0m crates\spotledger-db\src\schema.rs:746

  [2m2026-04-19T18:15:49.240496Z[0m [34mDEBUG[0m [1;34mspotledger_db::schema[0m[34m: [34msync_user: executing field DDL, [1;34mdoctype[0m[34m: Workspace, [1;34mfield[0m[34m: links, [1;34msql[0m[34m: DEFINE FIELD OVERWRITE `links` ON TABLE `tabWorkspace` TYPE any PERMISSIONS FULL;[0m
    [2;3mat[0m crates\spotledger-db\src\schema.rs:741

  [2m2026-04-19T18:15:49.243695Z[0m [34mDEBUG[0m [1;34mspotledger_db::schema[0m[34m: [34msync_user: field DDL ok, [1;34mdoctype[0m[34m: Workspace, [1;34mfield[0m[34m: links[0m
    [2;3mat[0m crates\spotledger-db\src\schema.rs:746

  [2m2026-04-19T18:15:49.244183Z[0m [34mDEBUG[0m [1;34mspotledger_db::schema[0m[34m: [34msync_user: executing field DDL, [1;34mdoctype[0m[34m: Workspace, [1;34mfield[0m[34m: onboarding, [1;34msql[0m[34m: DEFINE FIELD OVERWRITE `onboarding` ON TABLE `tabWorkspace` TYPE option<string> PERMISSIONS FULL;[0m
    [2;3mat[0m crates\spotledger-db\src\schema.rs:741

  [2m2026-04-19T18:15:49.247858Z[0m [34mDEBUG[0m [1;34mspotledger_db::schema[0m[34m: [34msync_user: field DDL ok, [1;34mdoctype[0m[34m: Workspace, [1;34mfield[0m[34m: onboarding[0m
    [2;3mat[0m crates\spotledger-db\src\schema.rs:746

  [2m2026-04-19T18:15:49.248637Z[0m [34mDEBUG[0m [1;34mspotledger_db::schema[0m[34m: [34msync_user: executing field DDL, [1;34mdoctype[0m[34m: Workspace, [1;34mfield[0m[34m: charts, [1;34msql[0m[34m: DEFINE FIELD OVERWRITE `charts` ON TABLE `tabWorkspace` TYPE any PERMISSIONS FULL;[0m
    [2;3mat[0m crates\spotledger-db\src\schema.rs:741

  [2m2026-04-19T18:15:49.251808Z[0m [34mDEBUG[0m [1;34mspotledger_db::schema[0m[34m: [34msync_user: field DDL ok, [1;34mdoctype[0m[34m: Workspace, [1;34mfield[0m[34m: charts[0m
    [2;3mat[0m crates\spotledger-db\src\schema.rs:746

  [2m2026-04-19T18:15:49.252435Z[0m [34mDEBUG[0m [1;34mspotledger_db::schema[0m[34m: [34msync_user: executing field DDL, [1;34mdoctype[0m[34m: Workspace, [1;34mfield[0m[34m: cards, [1;34msql[0m[34m: DEFINE FIELD OVERWRITE `cards` ON TABLE `tabWorkspace` TYPE any PERMISSIONS FULL;[0m
    [2;3mat[0m crates\spotledger-db\src\schema.rs:741

  [2m2026-04-19T18:15:49.256185Z[0m [34mDEBUG[0m [1;34mspotledger_db::schema[0m[34m: [34msync_user: field DDL ok, [1;34mdoctype[0m[34m: Workspace, [1;34mfield[0m[34m: cards[0m
    [2;3mat[0m crates\spotledger-db\src\schema.rs:746

  [2m2026-04-19T18:15:49.256682Z[0m [34mDEBUG[0m [1;34mspotledger_db::schema[0m[34m: [34msync_user: executing field DDL, [1;34mdoctype[0m[34m: Workspace, [1;34mfield[0m[34m: sequence_id, [1;34msql[0m[34m: DEFINE FIELD OVERWRITE `sequence_id` ON TABLE `tabWorkspace` TYPE none | int PERMISSIONS FULL;[0m
    [2;3mat[0m crates\spotledger-db\src\schema.rs:741

  [2m2026-04-19T18:15:49.259744Z[0m [34mDEBUG[0m [1;34mspotledger_db::schema[0m[34m: [34msync_user: field DDL ok, [1;34mdoctype[0m[34m: Workspace, [1;34mfield[0m[34m: sequence_id[0m
    [2;3mat[0m crates\spotledger-db\src\schema.rs:746

  [2m2026-04-19T18:15:49.260222Z[0m [34mDEBUG[0m [1;34mspotledger_db::schema[0m[34m: [34msync_user: executing field DDL, [1;34mdoctype[0m[34m: Workspace, [1;34mfield[0m[34m: parent_page, [1;34msql[0m[34m: DEFINE FIELD OVERWRITE `parent_page` ON TABLE `tabWorkspace` TYPE option<string> PERMISSIONS FULL;[0m
    [2;3mat[0m crates\spotledger-db\src\schema.rs:741

  [2m2026-04-19T18:15:49.264002Z[0m [34mDEBUG[0m [1;34mspotledger_db::schema[0m[34m: [34msync_user: field DDL ok, [1;34mdoctype[0m[34m: Workspace, [1;34mfield[0m[34m: parent_page[0m
    [2;3mat[0m crates\spotledger-db\src\schema.rs:746

  [2m2026-04-19T18:15:49.264820Z[0m [34mDEBUG[0m [1;34mspotledger_db::schema[0m[34m: [34msync_user: executing field DDL, [1;34mdoctype[0m[34m: Workspace, [1;34mfield[0m[34m: extends_another_page, [1;34msql[0m[34m: DEFINE FIELD OVERWRITE `extends_another_page` ON TABLE `tabWorkspace` TYPE none | int PERMISSIONS FULL DEFAULT 0;[0m
    [2;3mat[0m crates\spotledger-db\src\schema.rs:741

  [2m2026-04-19T18:15:49.268367Z[0m [34mDEBUG[0m [1;34mspotledger_db::schema[0m[34m: [34msync_user: field DDL ok, [1;34mdoctype[0m[34m: Workspace, [1;34mfield[0m[34m: extends_another_page[0m
    [2;3mat[0m crates\spotledger-db\src\schema.rs:746

  [2m2026-04-19T18:15:49.269062Z[0m [34mDEBUG[0m [1;34mspotledger_db::schema[0m[34m: [34msync_user: executing field DDL, [1;34mdoctype[0m[34m: Workspace, [1;34mfield[0m[34m: extends, [1;34msql[0m[34m: DEFINE FIELD OVERWRITE `extends` ON TABLE `tabWorkspace` TYPE option<string> PERMISSIONS FULL;[0m
    [2;3mat[0m crates\spotledger-db\src\schema.rs:741

  [2m2026-04-19T18:15:49.272333Z[0m [34mDEBUG[0m [1;34mspotledger_db::schema[0m[34m: [34msync_user: field DDL ok, [1;34mdoctype[0m[34m: Workspace, [1;34mfield[0m[34m: extends[0m
    [2;3mat[0m crates\spotledger-db\src\schema.rs:746

  [2m2026-04-19T18:15:49.275491Z[0m [34mDEBUG[0m [1;34mspotledger_db::schema[0m[34m: [34msync_user: schema synced, [1;34mdoctype[0m[34m: Workspace[0m
    [2;3mat[0m crates\spotledger-db\src\schema.rs:762

  [2m2026-04-19T18:15:49.276036Z[0m [32m INFO[0m [1;32mspotledger_db::schema[0m[32m: [32mUser doctype schema sync complete, [1;32msynced[0m[32m: 30, [1;32merrors[0m[32m: 0[0m
    [2;3mat[0m crates\spotledger-db\src\schema.rs:765

  [2m2026-04-19T18:15:49.284866Z[0m [34mDEBUG[0m [1;34mspotledger_db::schema[0m[34m: [34mNaming functions applied[0m
    [2;3mat[0m crates\spotledger-db\src\schema.rs:785

  [2m2026-04-19T18:15:49.294195Z[0m [34mDEBUG[0m [1;34mspotledger_db::schema[0m[34m: [34mPermission functions applied[0m
    [2;3mat[0m crates\spotledger-db\src\schema.rs:805

  [2m2026-04-19T18:15:49.296640Z[0m [34mDEBUG[0m [1;34mspotledger_db::migrations[0m[34m: [34mNo pending migrations.[0m
    [2;3mat[0m crates\spotledger-db\src\migrations.rs:134

  [2m2026-04-19T18:15:49.297435Z[0m [34mDEBUG[0m [1;34mspotledger_http::server[0m[34m: [34mNo pending migrations, [1;34msite[0m[34m: verify_install_only[0m
    [2;3mat[0m crates\spotledger-http\src\server.rs:251

  [2m2026-04-19T18:15:49.298992Z[0m [32m INFO[0m [1;32mspotledger_http::server[0m[32m: [32mSite ready, [1;32msite[0m[32m: verify_install_only[0m
    [2;3mat[0m crates\spotledger-http\src\server.rs:257

  [2m2026-04-19T18:15:49.312697Z[0m [32m INFO[0m [1;32mspotledger_http::server[0m[32m: [32mLoading site, [1;32msite[0m[32m: verify_install_only_rebuilt[0m
    [2;3mat[0m crates\spotledger-http\src\server.rs:222

  [2m2026-04-19T18:15:49.313166Z[0m [34mDEBUG[0m [1;34mspotledger_db::adapter[0m[34m: [34mConnecting to SurrealDB, [1;34mendpoint[0m[34m: 127.0.0.1:8000[0m
    [2;3mat[0m crates\spotledger-db\src\adapter.rs:43

  [2m2026-04-19T18:15:49.315075Z[0m [34mDEBUG[0m [1;34mtungstenite::handshake::client[0m[34m: [34mClient handshake done.[0m
    [2;3mat[0m C:\Users\Ehsen\.cargo\registry\src\index.crates.io-1949cf8c6b5b557f\tungstenite-0.28.0\src\handshake\client.rs:102

  [2m2026-04-19T18:15:49.358087Z[0m [32m INFO[0m [1;32mspotledger_db::adapter[0m[32m: [32mSurrealDB ready, [1;32mns[0m[32m: verify_install_only_rebuilt, [1;32mdb[0m[32m: verify_install_only_rebuilt[0m
    [2;3mat[0m crates\spotledger-db\src\adapter.rs:69

  [2m2026-04-19T18:15:49.358544Z[0m [32m INFO[0m [1;32mspotledger_db::schema[0m[32m: [32mSyncing schemas for compiled DocTypes, [1;32mcount[0m[32m: 19[0m
    [2;3mat[0m crates\spotledger-db\src\schema.rs:258

  [2m2026-04-19T18:15:49.361368Z[0m [34mDEBUG[0m [1;34mspotledger_db::schema[0m[34m: [34mDEFINE TABLE done, [1;34mdoctype[0m[34m: Error Log[0m
    [2;3mat[0m crates\spotledger-db\src\schema.rs:111

  [2m2026-04-19T18:15:49.406033Z[0m [32m INFO[0m [1;32mspotledger_db::schema[0m[32m: [32mSchema DDL synced (Phase 1), [1;32mdoctype[0m[32m: Error Log, [1;32mtable[0m[32m: tabError_Log[0m
    [2;3mat[0m crates\spotledger-db\src\schema.rs:208

  [2m2026-04-19T18:15:49.450676Z[0m [33m WARN[0m [1;33mspotledger_db::schema[0m[33m: [33mCould not upsert tabDocType row — boot info may not list this doctype, [1;33mdoctype[0m[33m: Error Log, [1;33merror[0m[33m: SurrealDB error: Couldn't coerce value for field `docstatus` of `tabDocType:`Error Log``: Expected `int` but found `NONE`[0m
    [2;3mat[0m crates\spotledger-db\src\schema.rs:546

  [2m2026-04-19T18:15:49.451076Z[0m [34mDEBUG[0m [1;34mspotledger_db::schema[0m[34m: [34mGraph meta records ensured (Phase 2), [1;34mdoctype[0m[34m: Error Log[0m
    [2;3mat[0m crates\spotledger-db\src\schema.rs:551

  [2m2026-04-19T18:15:49.453652Z[0m [34mDEBUG[0m [1;34mspotledger_db::schema[0m[34m: [34mDEFINE TABLE done, [1;34mdoctype[0m[34m: DocField[0m
    [2;3mat[0m crates\spotledger-db\src\schema.rs:111

  [2m2026-04-19T18:15:49.717146Z[0m [32m INFO[0m [1;32mspotledger_db::schema[0m[32m: [32mSchema DDL synced (Phase 1), [1;32mdoctype[0m[32m: DocField, [1;32mtable[0m[32m: tabDocField[0m
    [2;3mat[0m crates\spotledger-db\src\schema.rs:208

  [2m2026-04-19T18:15:50.153381Z[0m [33m WARN[0m [1;33mspotledger_db::schema[0m[33m: [33mCould not upsert tabDocType row — boot info may not list this doctype, [1;33mdoctype[0m[33m: DocField, [1;33merror[0m[33m: SurrealDB error: Couldn't coerce value for field `docstatus` of `tabDocType:DocField`: Expected `int` but found `NONE`[0m
    [2;3mat[0m crates\spotledger-db\src\schema.rs:546

  [2m2026-04-19T18:15:50.153982Z[0m [34mDEBUG[0m [1;34mspotledger_db::schema[0m[34m: [34mGraph meta records ensured (Phase 2), [1;34mdoctype[0m[34m: DocField[0m
    [2;3mat[0m crates\spotledger-db\src\schema.rs:551

  [2m2026-04-19T18:15:50.156707Z[0m [34mDEBUG[0m [1;34mspotledger_db::schema[0m[34m: [34mDEFINE TABLE done, [1;34mdoctype[0m[34m: DocPerm[0m
    [2;3mat[0m crates\spotledger-db\src\schema.rs:111

  [2m2026-04-19T18:15:50.249976Z[0m [32m INFO[0m [1;32mspotledger_db::schema[0m[32m: [32mSchema DDL synced (Phase 1), [1;32mdoctype[0m[32m: DocPerm, [1;32mtable[0m[32m: tabDocPerm[0m
    [2;3mat[0m crates\spotledger-db\src\schema.rs:208

  [2m2026-04-19T18:15:50.380378Z[0m [33m WARN[0m [1;33mspotledger_db::schema[0m[33m: [33mCould not upsert tabDocType row — boot info may not list this doctype, [1;33mdoctype[0m[33m: DocPerm, [1;33merror[0m[33m: SurrealDB error: Couldn't coerce value for field `docstatus` of `tabDocType:DocPerm`: Expected `int` but found `NONE`[0m
    [2;3mat[0m crates\spotledger-db\src\schema.rs:546

  [2m2026-04-19T18:15:50.380938Z[0m [34mDEBUG[0m [1;34mspotledger_db::schema[0m[34m: [34mGraph meta records ensured (Phase 2), [1;34mdoctype[0m[34m: DocPerm[0m
    [2;3mat[0m crates\spotledger-db\src\schema.rs:551

  [2m2026-04-19T18:15:50.384243Z[0m [34mDEBUG[0m [1;34mspotledger_db::schema[0m[34m: [34mDEFINE TABLE done, [1;34mdoctype[0m[34m: PropertySetter[0m
    [2;3mat[0m crates\spotledger-db\src\schema.rs:111

  [2m2026-04-19T18:15:50.425358Z[0m [32m INFO[0m [1;32mspotledger_db::schema[0m[32m: [32mSchema DDL synced (Phase 1), [1;32mdoctype[0m[32m: PropertySetter, [1;32mtable[0m[32m: tabPropertySetter[0m
    [2;3mat[0m crates\spotledger-db\src\schema.rs:208

  [2m2026-04-19T18:15:50.465490Z[0m [33m WARN[0m [1;33mspotledger_db::schema[0m[33m: [33mCould not upsert tabDocType row — boot info may not list this doctype, [1;33mdoctype[0m[33m: PropertySetter, [1;33merror[0m[33m: SurrealDB error: Couldn't coerce value for field `docstatus` of `tabDocType:PropertySetter`: Expected `int` but found `NONE`[0m
    [2;3mat[0m crates\spotledger-db\src\schema.rs:546

  [2m2026-04-19T18:15:50.466181Z[0m [34mDEBUG[0m [1;34mspotledger_db::schema[0m[34m: [34mGraph meta records ensured (Phase 2), [1;34mdoctype[0m[34m: PropertySetter[0m
    [2;3mat[0m crates\spotledger-db\src\schema.rs:551

  [2m2026-04-19T18:15:50.468798Z[0m [34mDEBUG[0m [1;34mspotledger_db::schema[0m[34m: [34mDEFINE TABLE done, [1;34mdoctype[0m[34m: DocType[0m
    [2;3mat[0m crates\spotledger-db\src\schema.rs:111

  [2m2026-04-19T18:15:50.590901Z[0m [32m INFO[0m [1;32mspotledger_db::schema[0m[32m: [32mSchema DDL synced (Phase 1), [1;32mdoctype[0m[32m: DocType, [1;32mtable[0m[32m: tabDocType[0m
    [2;3mat[0m crates\spotledger-db\src\schema.rs:208

  [2m2026-04-19T18:15:50.796508Z[0m [34mDEBUG[0m [1;34mspotledger_db::schema[0m[34m: [34mGraph meta records ensured (Phase 2), [1;34mdoctype[0m[34m: DocType[0m
    [2;3mat[0m crates\spotledger-db\src\schema.rs:551

  [2m2026-04-19T18:15:50.800598Z[0m [34mDEBUG[0m [1;34mspotledger_db::schema[0m[34m: [34mDEFINE TABLE done, [1;34mdoctype[0m[34m: CustomField[0m
    [2;3mat[0m crates\spotledger-db\src\schema.rs:111

  [2m2026-04-19T18:15:50.860613Z[0m [32m INFO[0m [1;32mspotledger_db::schema[0m[32m: [32mSchema DDL synced (Phase 1), [1;32mdoctype[0m[32m: CustomField, [1;32mtable[0m[32m: tabCustomField[0m
    [2;3mat[0m crates\spotledger-db\src\schema.rs:208

  [2m2026-04-19T18:15:50.941901Z[0m [34mDEBUG[0m [1;34mspotledger_db::schema[0m[34m: [34mGraph meta records ensured (Phase 2), [1;34mdoctype[0m[34m: CustomField[0m
    [2;3mat[0m crates\spotledger-db\src\schema.rs:551

  [2m2026-04-19T18:15:50.944893Z[0m [34mDEBUG[0m [1;34mspotledger_db::schema[0m[34m: [34mDEFINE TABLE done, [1;34mdoctype[0m[34m: Module Def[0m
    [2;3mat[0m crates\spotledger-db\src\schema.rs:111

  [2m2026-04-19T18:15:51.000876Z[0m [32m INFO[0m [1;32mspotledger_db::schema[0m[32m: [32mSchema DDL synced (Phase 1), [1;32mdoctype[0m[32m: Module Def, [1;32mtable[0m[32m: tabModule_Def[0m
    [2;3mat[0m crates\spotledger-db\src\schema.rs:208

  [2m2026-04-19T18:15:51.058069Z[0m [34mDEBUG[0m [1;34mspotledger_db::schema[0m[34m: [34mGraph meta records ensured (Phase 2), [1;34mdoctype[0m[34m: Module Def[0m
    [2;3mat[0m crates\spotledger-db\src\schema.rs:551

  [2m2026-04-19T18:15:51.061138Z[0m [34mDEBUG[0m [1;34mspotledger_db::schema[0m[34m: [34mDEFINE TABLE done, [1;34mdoctype[0m[34m: UserModule[0m
    [2;3mat[0m crates\spotledger-db\src\schema.rs:111

  [2m2026-04-19T18:15:51.109015Z[0m [32m INFO[0m [1;32mspotledger_db::schema[0m[32m: [32mSchema DDL synced (Phase 1), [1;32mdoctype[0m[32m: UserModule, [1;32mtable[0m[32m: tabUserModule[0m
    [2;3mat[0m crates\spotledger-db\src\schema.rs:208

  [2m2026-04-19T18:15:51.147054Z[0m [34mDEBUG[0m [1;34mspotledger_db::schema[0m[34m: [34mGraph meta records ensured (Phase 2), [1;34mdoctype[0m[34m: UserModule[0m
    [2;3mat[0m crates\spotledger-db\src\schema.rs:551

  [2m2026-04-19T18:15:51.150366Z[0m [34mDEBUG[0m [1;34mspotledger_db::schema[0m[34m: [34mDEFINE TABLE done, [1;34mdoctype[0m[34m: DefaultValue[0m
    [2;3mat[0m crates\spotledger-db\src\schema.rs:111

  [2m2026-04-19T18:15:51.192930Z[0m [32m INFO[0m [1;32mspotledger_db::schema[0m[32m: [32mSchema DDL synced (Phase 1), [1;32mdoctype[0m[32m: DefaultValue, [1;32mtable[0m[32m: tabDefaultValue[0m
    [2;3mat[0m crates\spotledger-db\src\schema.rs:208

  [2m2026-04-19T18:15:51.236311Z[0m [34mDEBUG[0m [1;34mspotledger_db::schema[0m[34m: [34mGraph meta records ensured (Phase 2), [1;34mdoctype[0m[34m: DefaultValue[0m
    [2;3mat[0m crates\spotledger-db\src\schema.rs:551

  [2m2026-04-19T18:15:51.239172Z[0m [34mDEBUG[0m [1;34mspotledger_db::schema[0m[34m: [34mDEFINE TABLE done, [1;34mdoctype[0m[34m: SystemSettings[0m
    [2;3mat[0m crates\spotledger-db\src\schema.rs:111

  [2m2026-04-19T18:15:51.329489Z[0m [32m INFO[0m [1;32mspotledger_db::schema[0m[32m: [32mSchema DDL synced (Phase 1), [1;32mdoctype[0m[32m: SystemSettings, [1;32mtable[0m[32m: tabSystemSettings[0m
    [2;3mat[0m crates\spotledger-db\src\schema.rs:208

  [2m2026-04-19T18:15:51.461509Z[0m [34mDEBUG[0m [1;34mspotledger_db::schema[0m[34m: [34mGraph meta records ensured (Phase 2), [1;34mdoctype[0m[34m: SystemSettings[0m
    [2;3mat[0m crates\spotledger-db\src\schema.rs:551

  [2m2026-04-19T18:15:51.465103Z[0m [34mDEBUG[0m [1;34mspotledger_db::schema[0m[34m: [34mDEFINE TABLE done, [1;34mdoctype[0m[34m: DocumentNamingSettings[0m
    [2;3mat[0m crates\spotledger-db\src\schema.rs:111

  [2m2026-04-19T18:15:51.505016Z[0m [32m INFO[0m [1;32mspotledger_db::schema[0m[32m: [32mSchema DDL synced (Phase 1), [1;32mdoctype[0m[32m: DocumentNamingSettings, [1;32mtable[0m[32m: tabDocumentNamingSettings[0m
    [2;3mat[0m crates\spotledger-db\src\schema.rs:208

  [2m2026-04-19T18:15:51.539865Z[0m [34mDEBUG[0m [1;34mspotledger_db::schema[0m[34m: [34mGraph meta records ensured (Phase 2), [1;34mdoctype[0m[34m: DocumentNamingSettings[0m
    [2;3mat[0m crates\spotledger-db\src\schema.rs:551

  [2m2026-04-19T18:15:51.543051Z[0m [34mDEBUG[0m [1;34mspotledger_db::schema[0m[34m: [34mDEFINE TABLE done, [1;34mdoctype[0m[34m: DocumentNamingRule[0m
    [2;3mat[0m crates\spotledger-db\src\schema.rs:111

  [2m2026-04-19T18:15:51.593217Z[0m [32m INFO[0m [1;32mspotledger_db::schema[0m[32m: [32mSchema DDL synced (Phase 1), [1;32mdoctype[0m[32m: DocumentNamingRule, [1;32mtable[0m[32m: tabDocumentNamingRule[0m
    [2;3mat[0m crates\spotledger-db\src\schema.rs:208

  [2m2026-04-19T18:15:51.626185Z[0m [34mDEBUG[0m [1;34mspotledger_db::schema[0m[34m: [34mGraph meta records ensured (Phase 2), [1;34mdoctype[0m[34m: DocumentNamingRule[0m
    [2;3mat[0m crates\spotledger-db\src\schema.rs:551

  [2m2026-04-19T18:15:51.630396Z[0m [34mDEBUG[0m [1;34mspotledger_db::schema[0m[34m: [34mDEFINE TABLE done, [1;34mdoctype[0m[34m: User[0m
    [2;3mat[0m crates\spotledger-db\src\schema.rs:111

  [2m2026-04-19T18:15:51.716432Z[0m [32m INFO[0m [1;32mspotledger_db::schema[0m[32m: [32mSchema DDL synced (Phase 1), [1;32mdoctype[0m[32m: User, [1;32mtable[0m[32m: tabUser[0m
    [2;3mat[0m crates\spotledger-db\src\schema.rs:208

  [2m2026-04-19T18:15:51.839963Z[0m [34mDEBUG[0m [1;34mspotledger_db::schema[0m[34m: [34mGraph meta records ensured (Phase 2), [1;34mdoctype[0m[34m: User[0m
    [2;3mat[0m crates\spotledger-db\src\schema.rs:551

  [2m2026-04-19T18:15:51.842958Z[0m [34mDEBUG[0m [1;34mspotledger_db::schema[0m[34m: [34mDEFINE TABLE done, [1;34mdoctype[0m[34m: UserPermission[0m
    [2;3mat[0m crates\spotledger-db\src\schema.rs:111

  [2m2026-04-19T18:15:51.900754Z[0m [32m INFO[0m [1;32mspotledger_db::schema[0m[32m: [32mSchema DDL synced (Phase 1), [1;32mdoctype[0m[32m: UserPermission, [1;32mtable[0m[32m: tabUserPermission[0m
    [2;3mat[0m crates\spotledger-db\src\schema.rs:208

  [2m2026-04-19T18:15:51.959740Z[0m [34mDEBUG[0m [1;34mspotledger_db::schema[0m[34m: [34mGraph meta records ensured (Phase 2), [1;34mdoctype[0m[34m: UserPermission[0m
    [2;3mat[0m crates\spotledger-db\src\schema.rs:551

  [2m2026-04-19T18:15:51.963621Z[0m [34mDEBUG[0m [1;34mspotledger_db::schema[0m[34m: [34mDEFINE TABLE done, [1;34mdoctype[0m[34m: UserType[0m
    [2;3mat[0m crates\spotledger-db\src\schema.rs:111

  [2m2026-04-19T18:15:52.001684Z[0m [32m INFO[0m [1;32mspotledger_db::schema[0m[32m: [32mSchema DDL synced (Phase 1), [1;32mdoctype[0m[32m: UserType, [1;32mtable[0m[32m: tabUserType[0m
    [2;3mat[0m crates\spotledger-db\src\schema.rs:208

  [2m2026-04-19T18:15:52.029529Z[0m [34mDEBUG[0m [1;34mspotledger_db::schema[0m[34m: [34mGraph meta records ensured (Phase 2), [1;34mdoctype[0m[34m: UserType[0m
    [2;3mat[0m crates\spotledger-db\src\schema.rs:551

  [2m2026-04-19T18:15:52.033403Z[0m [34mDEBUG[0m [1;34mspotledger_db::schema[0m[34m: [34mDEFINE TABLE done, [1;34mdoctype[0m[34m: UserGroup[0m
    [2;3mat[0m crates\spotledger-db\src\schema.rs:111

  [2m2026-04-19T18:15:52.072042Z[0m [32m INFO[0m [1;32mspotledger_db::schema[0m[32m: [32mSchema DDL synced (Phase 1), [1;32mdoctype[0m[32m: UserGroup, [1;32mtable[0m[32m: tabUserGroup[0m
    [2;3mat[0m crates\spotledger-db\src\schema.rs:208

  [2m2026-04-19T18:15:52.098710Z[0m [34mDEBUG[0m [1;34mspotledger_db::schema[0m[34m: [34mGraph meta records ensured (Phase 2), [1;34mdoctype[0m[34m: UserGroup[0m
    [2;3mat[0m crates\spotledger-db\src\schema.rs:551

  [2m2026-04-19T18:15:52.101609Z[0m [34mDEBUG[0m [1;34mspotledger_db::schema[0m[34m: [34mDEFINE TABLE done, [1;34mdoctype[0m[34m: UserGroupMember[0m
    [2;3mat[0m crates\spotledger-db\src\schema.rs:111

  [2m2026-04-19T18:15:52.149487Z[0m [32m INFO[0m [1;32mspotledger_db::schema[0m[32m: [32mSchema DDL synced (Phase 1), [1;32mdoctype[0m[32m: UserGroupMember, [1;32mtable[0m[32m: tabUserGroupMember[0m
    [2;3mat[0m crates\spotledger-db\src\schema.rs:208

  [2m2026-04-19T18:15:52.187062Z[0m [34mDEBUG[0m [1;34mspotledger_db::schema[0m[34m: [34mGraph meta records ensured (Phase 2), [1;34mdoctype[0m[34m: UserGroupMember[0m
    [2;3mat[0m crates\spotledger-db\src\schema.rs:551

  [2m2026-04-19T18:15:52.190196Z[0m [34mDEBUG[0m [1;34mspotledger_db::schema[0m[34m: [34mDEFINE TABLE done, [1;34mdoctype[0m[34m: Role[0m
    [2;3mat[0m crates\spotledger-db\src\schema.rs:111

  [2m2026-04-19T18:15:52.233200Z[0m [32m INFO[0m [1;32mspotledger_db::schema[0m[32m: [32mSchema DDL synced (Phase 1), [1;32mdoctype[0m[32m: Role, [1;32mtable[0m[32m: tabRole[0m
    [2;3mat[0m crates\spotledger-db\src\schema.rs:208

  [2m2026-04-19T18:15:52.270911Z[0m [34mDEBUG[0m [1;34mspotledger_db::schema[0m[34m: [34mGraph meta records ensured (Phase 2), [1;34mdoctype[0m[34m: Role[0m
    [2;3mat[0m crates\spotledger-db\src\schema.rs:551

  [2m2026-04-19T18:15:52.274183Z[0m [34mDEBUG[0m [1;34mspotledger_db::schema[0m[34m: [34mDEFINE TABLE done, [1;34mdoctype[0m[34m: HasRole[0m
    [2;3mat[0m crates\spotledger-db\src\schema.rs:111

  [2m2026-04-19T18:15:52.329162Z[0m [32m INFO[0m [1;32mspotledger_db::schema[0m[32m: [32mSchema DDL synced (Phase 1), [1;32mdoctype[0m[32m: HasRole, [1;32mtable[0m[32m: tabHasRole[0m
    [2;3mat[0m crates\spotledger-db\src\schema.rs:208

  [2m2026-04-19T18:15:52.366692Z[0m [34mDEBUG[0m [1;34mspotledger_db::schema[0m[34m: [34mGraph meta records ensured (Phase 2), [1;34mdoctype[0m[34m: HasRole[0m
    [2;3mat[0m crates\spotledger-db\src\schema.rs:551

  [2m2026-04-19T18:15:52.367077Z[0m [32m INFO[0m [1;32mspotledger_http::server[0m[32m: [32mSchema sync complete, [1;32msite[0m[32m: verify_install_only_rebuilt[0m
    [2;3mat[0m crates\spotledger-http\src\server.rs:231

  [2m2026-04-19T18:15:52.403479Z[0m [34mDEBUG[0m [1;34mspotledger_db::schema[0m[34m: [34msync_user: fields loaded, [1;34mdoctype[0m[34m: Address, [1;34mfield_count[0m[34m: 16[0m
    [2;3mat[0m crates\spotledger-db\src\schema.rs:689

  [2m2026-04-19T18:15:52.404168Z[0m [34mDEBUG[0m [1;34mspotledger_db::schema[0m[34m: [34msync_user: executing field DDL, [1;34mdoctype[0m[34m: Address, [1;34mfield[0m[34m: address_title, [1;34msql[0m[34m: DEFINE FIELD OVERWRITE `address_title` ON TABLE `tabAddress` TYPE option<string> PERMISSIONS FULL;[0m
    [2;3mat[0m crates\spotledger-db\src\schema.rs:741

  [2m2026-04-19T18:15:52.408540Z[0m [34mDEBUG[0m [1;34mspotledger_db::schema[0m[34m: [34msync_user: field DDL ok, [1;34mdoctype[0m[34m: Address, [1;34mfield[0m[34m: address_title[0m
    [2;3mat[0m crates\spotledger-db\src\schema.rs:746

  [2m2026-04-19T18:15:52.409048Z[0m [34mDEBUG[0m [1;34mspotledger_db::schema[0m[34m: [34msync_user: executing field DDL, [1;34mdoctype[0m[34m: Address, [1;34mfield[0m[34m: address_type, [1;34msql[0m[34m: DEFINE FIELD OVERWRITE `address_type` ON TABLE `tabAddress` TYPE option<string> PERMISSIONS FULL;[0m
    [2;3mat[0m crates\spotledger-db\src\schema.rs:741

  [2m2026-04-19T18:15:52.412868Z[0m [34mDEBUG[0m [1;34mspotledger_db::schema[0m[34m: [34msync_user: field DDL ok, [1;34mdoctype[0m[34m: Address, [1;34mfield[0m[34m: address_type[0m
    [2;3mat[0m crates\spotledger-db\src\schema.rs:746

  [2m2026-04-19T18:15:52.413621Z[0m [34mDEBUG[0m [1;34mspotledger_db::schema[0m[34m: [34msync_user: executing field DDL, [1;34mdoctype[0m[34m: Address, [1;34mfield[0m[34m: address_line1, [1;34msql[0m[34m: DEFINE FIELD OVERWRITE `address_line1` ON TABLE `tabAddress` TYPE option<string> PERMISSIONS FULL;[0m
    [2;3mat[0m crates\spotledger-db\src\schema.rs:741

  [2m2026-04-19T18:15:52.417104Z[0m [34mDEBUG[0m [1;34mspotledger_db::schema[0m[34m: [34msync_user: field DDL ok, [1;34mdoctype[0m[34m: Address, [1;34mfield[0m[34m: address_line1[0m
    [2;3mat[0m crates\spotledger-db\src\schema.rs:746

  [2m2026-04-19T18:15:52.417723Z[0m [34mDEBUG[0m [1;34mspotledger_db::schema[0m[34m: [34msync_user: executing field DDL, [1;34mdoctype[0m[34m: Address, [1;34mfield[0m[34m: address_line2, [1;34msql[0m[34m: DEFINE FIELD OVERWRITE `address_line2` ON TABLE `tabAddress` TYPE option<string> PERMISSIONS FULL;[0m
    [2;3mat[0m crates\spotledger-db\src\schema.rs:741

  [2m2026-04-19T18:15:52.421163Z[0m [34mDEBUG[0m [1;34mspotledger_db::schema[0m[34m: [34msync_user: field DDL ok, [1;34mdoctype[0m[34m: Address, [1;34mfield[0m[34m: address_line2[0m
    [2;3mat[0m crates\spotledger-db\src\schema.rs:746

  [2m2026-04-19T18:15:52.421605Z[0m [34mDEBUG[0m [1;34mspotledger_db::schema[0m[34m: [34msync_user: executing field DDL, [1;34mdoctype[0m[34m: Address, [1;34mfield[0m[34m: city, [1;34msql[0m[34m: DEFINE FIELD OVERWRITE `city` ON TABLE `tabAddress` TYPE option<string> PERMISSIONS FULL;[0m
    [2;3mat[0m crates\spotledger-db\src\schema.rs:741

  [2m2026-04-19T18:15:52.424625Z[0m [34mDEBUG[0m [1;34mspotledger_db::schema[0m[34m: [34msync_user: field DDL ok, [1;34mdoctype[0m[34m: Address, [1;34mfield[0m[34m: city[0m
    [2;3mat[0m crates\spotledger-db\src\schema.rs:746

  [2m2026-04-19T18:15:52.425195Z[0m [34mDEBUG[0m [1;34mspotledger_db::schema[0m[34m: [34msync_user: executing field DDL, [1;34mdoctype[0m[34m: Address, [1;34mfield[0m[34m: county, [1;34msql[0m[34m: DEFINE FIELD OVERWRITE `county` ON TABLE `tabAddress` TYPE option<string> PERMISSIONS FULL;[0m
    [2;3mat[0m crates\spotledger-db\src\schema.rs:741

  [2m2026-04-19T18:15:52.428728Z[0m [34mDEBUG[0m [1;34mspotledger_db::schema[0m[34m: [34msync_user: field DDL ok, [1;34mdoctype[0m[34m: Address, [1;34mfield[0m[34m: county[0m
    [2;3mat[0m crates\spotledger-db\src\schema.rs:746

  [2m2026-04-19T18:15:52.429236Z[0m [34mDEBUG[0m [1;34mspotledger_db::schema[0m[34m: [34msync_user: executing field DDL, [1;34mdoctype[0m[34m: Address, [1;34mfield[0m[34m: state, [1;34msql[0m[34m: DEFINE FIELD OVERWRITE `state` ON TABLE `tabAddress` TYPE option<string> PERMISSIONS FULL;[0m
    [2;3mat[0m crates\spotledger-db\src\schema.rs:741

  [2m2026-04-19T18:15:52.433430Z[0m [34mDEBUG[0m [1;34mspotledger_db::schema[0m[34m: [34msync_user: field DDL ok, [1;34mdoctype[0m[34m: Address, [1;34mfield[0m[34m: state[0m
    [2;3mat[0m crates\spotledger-db\src\schema.rs:746

  [2m2026-04-19T18:15:52.433962Z[0m [34mDEBUG[0m [1;34mspotledger_db::schema[0m[34m: [34msync_user: executing field DDL, [1;34mdoctype[0m[34m: Address, [1;34mfield[0m[34m: country, [1;34msql[0m[34m: DEFINE FIELD OVERWRITE `country` ON TABLE `tabAddress` TYPE option<string> PERMISSIONS FULL;[0m
    [2;3mat[0m crates\spotledger-db\src\schema.rs:741

  [2m2026-04-19T18:15:52.437112Z[0m [34mDEBUG[0m [1;34mspotledger_db::schema[0m[34m: [34msync_user: field DDL ok, [1;34mdoctype[0m[34m: Address, [1;34mfield[0m[34m: country[0m
    [2;3mat[0m crates\spotledger-db\src\schema.rs:746

  [2m2026-04-19T18:15:52.437710Z[0m [34mDEBUG[0m [1;34mspotledger_db::schema[0m[34m: [34msync_user: executing field DDL, [1;34mdoctype[0m[34m: Address, [1;34mfield[0m[34m: pincode, [1;34msql[0m[34m: DEFINE FIELD OVERWRITE `pincode` ON TABLE `tabAddress` TYPE option<string> PERMISSIONS FULL;[0m
    [2;3mat[0m crates\spotledger-db\src\schema.rs:741

  [2m2026-04-19T18:15:52.440599Z[0m [34mDEBUG[0m [1;34mspotledger_db::schema[0m[34m: [34msync_user: field DDL ok, [1;34mdoctype[0m[34m: Address, [1;34mfield[0m[34m: pincode[0m
    [2;3mat[0m crates\spotledger-db\src\schema.rs:746

  [2m2026-04-19T18:15:52.441075Z[0m [34mDEBUG[0m [1;34mspotledger_db::schema[0m[34m: [34msync_user: executing field DDL, [1;34mdoctype[0m[34m: Address, [1;34mfield[0m[34m: email_id, [1;34msql[0m[34m: DEFINE FIELD OVERWRITE `email_id` ON TABLE `tabAddress` TYPE option<string> PERMISSIONS FULL;[0m
    [2;3mat[0m crates\spotledger-db\src\schema.rs:741

  [2m2026-04-19T18:15:52.443918Z[0m [34mDEBUG[0m [1;34mspotledger_db::schema[0m[34m: [34msync_user: field DDL ok, [1;34mdoctype[0m[34m: Address, [1;34mfield[0m[34m: email_id[0m
    [2;3mat[0m crates\spotledger-db\src\schema.rs:746

  [2m2026-04-19T18:15:52.444346Z[0m [34mDEBUG[0m [1;34mspotledger_db::schema[0m[34m: [34msync_user: executing field DDL, [1;34mdoctype[0m[34m: Address, [1;34mfield[0m[34m: phone, [1;34msql[0m[34m: DEFINE FIELD OVERWRITE `phone` ON TABLE `tabAddress` TYPE option<string> PERMISSIONS FULL;[0m
    [2;3mat[0m crates\spotledger-db\src\schema.rs:741

  [2m2026-04-19T18:15:52.448332Z[0m [34mDEBUG[0m [1;34mspotledger_db::schema[0m[34m: [34msync_user: field DDL ok, [1;34mdoctype[0m[34m: Address, [1;34mfield[0m[34m: phone[0m
    [2;3mat[0m crates\spotledger-db\src\schema.rs:746

  [2m2026-04-19T18:15:52.448798Z[0m [34mDEBUG[0m [1;34mspotledger_db::schema[0m[34m: [34msync_user: executing field DDL, [1;34mdoctype[0m[34m: Address, [1;34mfield[0m[34m: fax, [1;34msql[0m[34m: DEFINE FIELD OVERWRITE `fax` ON TABLE `tabAddress` TYPE option<string> PERMISSIONS FULL;[0m
    [2;3mat[0m crates\spotledger-db\src\schema.rs:741

  [2m2026-04-19T18:15:52.451962Z[0m [34mDEBUG[0m [1;34mspotledger_db::schema[0m[34m: [34msync_user: field DDL ok, [1;34mdoctype[0m[34m: Address, [1;34mfield[0m[34m: fax[0m
    [2;3mat[0m crates\spotledger-db\src\schema.rs:746

  [2m2026-04-19T18:15:52.452417Z[0m [34mDEBUG[0m [1;34mspotledger_db::schema[0m[34m: [34msync_user: executing field DDL, [1;34mdoctype[0m[34m: Address, [1;34mfield[0m[34m: is_primary_address, [1;34msql[0m[34m: DEFINE FIELD OVERWRITE `is_primary_address` ON TABLE `tabAddress` TYPE none | int PERMISSIONS FULL DEFAULT 0;[0m
    [2;3mat[0m crates\spotledger-db\src\schema.rs:741

  [2m2026-04-19T18:15:52.455841Z[0m [34mDEBUG[0m [1;34mspotledger_db::schema[0m[34m: [34msync_user: field DDL ok, [1;34mdoctype[0m[34m: Address, [1;34mfield[0m[34m: is_primary_address[0m
    [2;3mat[0m crates\spotledger-db\src\schema.rs:746

  [2m2026-04-19T18:15:52.456353Z[0m [34mDEBUG[0m [1;34mspotledger_db::schema[0m[34m: [34msync_user: executing field DDL, [1;34mdoctype[0m[34m: Address, [1;34mfield[0m[34m: is_shipping_address, [1;34msql[0m[34m: DEFINE FIELD OVERWRITE `is_shipping_address` ON TABLE `tabAddress` TYPE none | int PERMISSIONS FULL DEFAULT 0;[0m
    [2;3mat[0m crates\spotledger-db\src\schema.rs:741

  [2m2026-04-19T18:15:52.459596Z[0m [34mDEBUG[0m [1;34mspotledger_db::schema[0m[34m: [34msync_user: field DDL ok, [1;34mdoctype[0m[34m: Address, [1;34mfield[0m[34m: is_shipping_address[0m
    [2;3mat[0m crates\spotledger-db\src\schema.rs:746

  [2m2026-04-19T18:15:52.460019Z[0m [34mDEBUG[0m [1;34mspotledger_db::schema[0m[34m: [34msync_user: executing field DDL, [1;34mdoctype[0m[34m: Address, [1;34mfield[0m[34m: disabled, [1;34msql[0m[34m: DEFINE FIELD OVERWRITE `disabled` ON TABLE `tabAddress` TYPE none | int PERMISSIONS FULL DEFAULT 0;[0m
    [2;3mat[0m crates\spotledger-db\src\schema.rs:741

  [2m2026-04-19T18:15:52.464542Z[0m [34mDEBUG[0m [1;34mspotledger_db::schema[0m[34m: [34msync_user: field DDL ok, [1;34mdoctype[0m[34m: Address, [1;34mfield[0m[34m: disabled[0m
    [2;3mat[0m crates\spotledger-db\src\schema.rs:746

  [2m2026-04-19T18:15:52.465000Z[0m [34mDEBUG[0m [1;34mspotledger_db::schema[0m[34m: [34msync_user: executing field DDL, [1;34mdoctype[0m[34m: Address, [1;34mfield[0m[34m: links, [1;34msql[0m[34m: DEFINE FIELD OVERWRITE `links` ON TABLE `tabAddress` TYPE array<any> PERMISSIONS FULL;[0m
    [2;3mat[0m crates\spotledger-db\src\schema.rs:741

  [2m2026-04-19T18:15:52.468262Z[0m [34mDEBUG[0m [1;34mspotledger_db::schema[0m[34m: [34msync_user: field DDL ok, [1;34mdoctype[0m[34m: Address, [1;34mfield[0m[34m: links[0m
    [2;3mat[0m crates\spotledger-db\src\schema.rs:746

  [2m2026-04-19T18:15:52.470882Z[0m [34mDEBUG[0m [1;34mspotledger_db::schema[0m[34m: [34msync_user: schema synced, [1;34mdoctype[0m[34m: Address[0m
    [2;3mat[0m crates\spotledger-db\src\schema.rs:762

  [2m2026-04-19T18:15:52.504571Z[0m [34mDEBUG[0m [1;34mspotledger_db::schema[0m[34m: [34msync_user: fields loaded, [1;34mdoctype[0m[34m: Auto Repeat, [1;34mfield_count[0m[34m: 18[0m
    [2;3mat[0m crates\spotledger-db\src\schema.rs:689

  [2m2026-04-19T18:15:52.505107Z[0m [34mDEBUG[0m [1;34mspotledger_db::schema[0m[34m: [34msync_user: executing field DDL, [1;34mdoctype[0m[34m: Auto Repeat, [1;34mfield[0m[34m: reference_doctype, [1;34msql[0m[34m: DEFINE FIELD OVERWRITE `reference_doctype` ON TABLE `tabAuto_Repeat` TYPE option<string> PERMISSIONS FULL;[0m
    [2;3mat[0m crates\spotledger-db\src\schema.rs:741

  [2m2026-04-19T18:15:52.508579Z[0m [34mDEBUG[0m [1;34mspotledger_db::schema[0m[34m: [34msync_user: field DDL ok, [1;34mdoctype[0m[34m: Auto Repeat, [1;34mfield[0m[34m: reference_doctype[0m
    [2;3mat[0m crates\spotledger-db\src\schema.rs:746

  [2m2026-04-19T18:15:52.509070Z[0m [34mDEBUG[0m [1;34mspotledger_db::schema[0m[34m: [34msync_user: executing field DDL, [1;34mdoctype[0m[34m: Auto Repeat, [1;34mfield[0m[34m: reference_document, [1;34msql[0m[34m: DEFINE FIELD OVERWRITE `reference_document` ON TABLE `tabAuto_Repeat` TYPE option<string> PERMISSIONS FULL;[0m
    [2;3mat[0m crates\spotledger-db\src\schema.rs:741

  [2m2026-04-19T18:15:52.513201Z[0m [34mDEBUG[0m [1;34mspotledger_db::schema[0m[34m: [34msync_user: field DDL ok, [1;34mdoctype[0m[34m: Auto Repeat, [1;34mfield[0m[34m: reference_document[0m
    [2;3mat[0m crates\spotledger-db\src\schema.rs:746

  [2m2026-04-19T18:15:52.513788Z[0m [34mDEBUG[0m [1;34mspotledger_db::schema[0m[34m: [34msync_user: executing field DDL, [1;34mdoctype[0m[34m: Auto Repeat, [1;34mfield[0m[34m: submit_on_creation, [1;34msql[0m[34m: DEFINE FIELD OVERWRITE `submit_on_creation` ON TABLE `tabAuto_Repeat` TYPE none | int PERMISSIONS FULL DEFAULT 0;[0m
    [2;3mat[0m crates\spotledger-db\src\schema.rs:741

  [2m2026-04-19T18:15:52.517194Z[0m [34mDEBUG[0m [1;34mspotledger_db::schema[0m[34m: [34msync_user: field DDL ok, [1;34mdoctype[0m[34m: Auto Repeat, [1;34mfield[0m[34m: submit_on_creation[0m
    [2;3mat[0m crates\spotledger-db\src\schema.rs:746

  [2m2026-04-19T18:15:52.517599Z[0m [34mDEBUG[0m [1;34mspotledger_db::schema[0m[34m: [34msync_user: executing field DDL, [1;34mdoctype[0m[34m: Auto Repeat, [1;34mfield[0m[34m: start_date, [1;34msql[0m[34m: DEFINE FIELD OVERWRITE `start_date` ON TABLE `tabAuto_Repeat` TYPE option<string> PERMISSIONS FULL;[0m
    [2;3mat[0m crates\spotledger-db\src\schema.rs:741

  [2m2026-04-19T18:15:52.521074Z[0m [34mDEBUG[0m [1;34mspotledger_db::schema[0m[34m: [34msync_user: field DDL ok, [1;34mdoctype[0m[34m: Auto Repeat, [1;34mfield[0m[34m: start_date[0m
    [2;3mat[0m crates\spotledger-db\src\schema.rs:746

  [2m2026-04-19T18:15:52.521694Z[0m [34mDEBUG[0m [1;34mspotledger_db::schema[0m[34m: [34msync_user: executing field DDL, [1;34mdoctype[0m[34m: Auto Repeat, [1;34mfield[0m[34m: end_date, [1;34msql[0m[34m: DEFINE FIELD OVERWRITE `end_date` ON TABLE `tabAuto_Repeat` TYPE option<string> PERMISSIONS FULL;[0m
    [2;3mat[0m crates\spotledger-db\src\schema.rs:741

  [2m2026-04-19T18:15:52.525119Z[0m [34mDEBUG[0m [1;34mspotledger_db::schema[0m[34m: [34msync_user: field DDL ok, [1;34mdoctype[0m[34m: Auto Repeat, [1;34mfield[0m[34m: end_date[0m
    [2;3mat[0m crates\spotledger-db\src\schema.rs:746

  [2m2026-04-19T18:15:52.525532Z[0m [34mDEBUG[0m [1;34mspotledger_db::schema[0m[34m: [34msync_user: executing field DDL, [1;34mdoctype[0m[34m: Auto Repeat, [1;34mfield[0m[34m: disabled, [1;34msql[0m[34m: DEFINE FIELD OVERWRITE `disabled` ON TABLE `tabAuto_Repeat` TYPE none | int PERMISSIONS FULL DEFAULT 0;[0m
    [2;3mat[0m crates\spotledger-db\src\schema.rs:741

  [2m2026-04-19T18:15:52.529041Z[0m [34mDEBUG[0m [1;34mspotledger_db::schema[0m[34m: [34msync_user: field DDL ok, [1;34mdoctype[0m[34m: Auto Repeat, [1;34mfield[0m[34m: disabled[0m
    [2;3mat[0m crates\spotledger-db\src\schema.rs:746

  [2m2026-04-19T18:15:52.529736Z[0m [34mDEBUG[0m [1;34mspotledger_db::schema[0m[34m: [34msync_user: executing field DDL, [1;34mdoctype[0m[34m: Auto Repeat, [1;34mfield[0m[34m: frequency, [1;34msql[0m[34m: DEFINE FIELD OVERWRITE `frequency` ON TABLE `tabAuto_Repeat` TYPE option<string> PERMISSIONS FULL;[0m
    [2;3mat[0m crates\spotledger-db\src\schema.rs:741

  [2m2026-04-19T18:15:52.533421Z[0m [34mDEBUG[0m [1;34mspotledger_db::schema[0m[34m: [34msync_user: field DDL ok, [1;34mdoctype[0m[34m: Auto Repeat, [1;34mfield[0m[34m: frequency[0m
    [2;3mat[0m crates\spotledger-db\src\schema.rs:746

  [2m2026-04-19T18:15:52.533806Z[0m [34mDEBUG[0m [1;34mspotledger_db::schema[0m[34m: [34msync_user: executing field DDL, [1;34mdoctype[0m[34m: Auto Repeat, [1;34mfield[0m[34m: repeat_on_day, [1;34msql[0m[34m: DEFINE FIELD OVERWRITE `repeat_on_day` ON TABLE `tabAuto_Repeat` TYPE none | int PERMISSIONS FULL;[0m
    [2;3mat[0m crates\spotledger-db\src\schema.rs:741

  [2m2026-04-19T18:15:52.536885Z[0m [34mDEBUG[0m [1;34mspotledger_db::schema[0m[34m: [34msync_user: field DDL ok, [1;34mdoctype[0m[34m: Auto Repeat, [1;34mfield[0m[34m: repeat_on_day[0m
    [2;3mat[0m crates\spotledger-db\src\schema.rs:746

  [2m2026-04-19T18:15:52.537497Z[0m [34mDEBUG[0m [1;34mspotledger_db::schema[0m[34m: [34msync_user: executing field DDL, [1;34mdoctype[0m[34m: Auto Repeat, [1;34mfield[0m[34m: repeat_on_last_day, [1;34msql[0m[34m: DEFINE FIELD OVERWRITE `repeat_on_last_day` ON TABLE `tabAuto_Repeat` TYPE none | int PERMISSIONS FULL DEFAULT 0;[0m
    [2;3mat[0m crates\spotledger-db\src\schema.rs:741

  [2m2026-04-19T18:15:52.540861Z[0m [34mDEBUG[0m [1;34mspotledger_db::schema[0m[34m: [34msync_user: field DDL ok, [1;34mdoctype[0m[34m: Auto Repeat, [1;34mfield[0m[34m: repeat_on_last_day[0m
    [2;3mat[0m crates\spotledger-db\src\schema.rs:746

  [2m2026-04-19T18:15:52.541366Z[0m [34mDEBUG[0m [1;34mspotledger_db::schema[0m[34m: [34msync_user: executing field DDL, [1;34mdoctype[0m[34m: Auto Repeat, [1;34mfield[0m[34m: next_schedule_date, [1;34msql[0m[34m: DEFINE FIELD OVERWRITE `next_schedule_date` ON TABLE `tabAuto_Repeat` TYPE option<string> PERMISSIONS FULL;[0m
    [2;3mat[0m crates\spotledger-db\src\schema.rs:741

  [2m2026-04-19T18:15:52.545861Z[0m [34mDEBUG[0m [1;34mspotledger_db::schema[0m[34m: [34msync_user: field DDL ok, [1;34mdoctype[0m[34m: Auto Repeat, [1;34mfield[0m[34m: next_schedule_date[0m
    [2;3mat[0m crates\spotledger-db\src\schema.rs:746

  [2m2026-04-19T18:15:52.546641Z[0m [34mDEBUG[0m [1;34mspotledger_db::schema[0m[34m: [34msync_user: executing field DDL, [1;34mdoctype[0m[34m: Auto Repeat, [1;34mfield[0m[34m: notify_by_email, [1;34msql[0m[34m: DEFINE FIELD OVERWRITE `notify_by_email` ON TABLE `tabAuto_Repeat` TYPE none | int PERMISSIONS FULL DEFAULT 0;[0m
    [2;3mat[0m crates\spotledger-db\src\schema.rs:741

  [2m2026-04-19T18:15:52.550806Z[0m [34mDEBUG[0m [1;34mspotledger_db::schema[0m[34m: [34msync_user: field DDL ok, [1;34mdoctype[0m[34m: Auto Repeat, [1;34mfield[0m[34m: notify_by_email[0m
    [2;3mat[0m crates\spotledger-db\src\schema.rs:746

  [2m2026-04-19T18:15:52.551288Z[0m [34mDEBUG[0m [1;34mspotledger_db::schema[0m[34m: [34msync_user: executing field DDL, [1;34mdoctype[0m[34m: Auto Repeat, [1;34mfield[0m[34m: recipients, [1;34msql[0m[34m: DEFINE FIELD OVERWRITE `recipients` ON TABLE `tabAuto_Repeat` TYPE option<string> PERMISSIONS FULL;[0m
    [2;3mat[0m crates\spotledger-db\src\schema.rs:741

  [2m2026-04-19T18:15:52.554638Z[0m [34mDEBUG[0m [1;34mspotledger_db::schema[0m[34m: [34msync_user: field DDL ok, [1;34mdoctype[0m[34m: Auto Repeat, [1;34mfield[0m[34m: recipients[0m
    [2;3mat[0m crates\spotledger-db\src\schema.rs:746

  [2m2026-04-19T18:15:52.555037Z[0m [34mDEBUG[0m [1;34mspotledger_db::schema[0m[34m: [34msync_user: executing field DDL, [1;34mdoctype[0m[34m: Auto Repeat, [1;34mfield[0m[34m: template, [1;34msql[0m[34m: DEFINE FIELD OVERWRITE `template` ON TABLE `tabAuto_Repeat` TYPE option<string> PERMISSIONS FULL;[0m
    [2;3mat[0m crates\spotledger-db\src\schema.rs:741

  [2m2026-04-19T18:15:52.558172Z[0m [34mDEBUG[0m [1;34mspotledger_db::schema[0m[34m: [34msync_user: field DDL ok, [1;34mdoctype[0m[34m: Auto Repeat, [1;34mfield[0m[34m: template[0m
    [2;3mat[0m crates\spotledger-db\src\schema.rs:746

  [2m2026-04-19T18:15:52.558945Z[0m [34mDEBUG[0m [1;34mspotledger_db::schema[0m[34m: [34msync_user: executing field DDL, [1;34mdoctype[0m[34m: Auto Repeat, [1;34mfield[0m[34m: subject, [1;34msql[0m[34m: DEFINE FIELD OVERWRITE `subject` ON TABLE `tabAuto_Repeat` TYPE option<string> PERMISSIONS FULL;[0m
    [2;3mat[0m crates\spotledger-db\src\schema.rs:741

  [2m2026-04-19T18:15:52.563439Z[0m [34mDEBUG[0m [1;34mspotledger_db::schema[0m[34m: [34msync_user: field DDL ok, [1;34mdoctype[0m[34m: Auto Repeat, [1;34mfield[0m[34m: subject[0m
    [2;3mat[0m crates\spotledger-db\src\schema.rs:746

  [2m2026-04-19T18:15:52.563978Z[0m [34mDEBUG[0m [1;34mspotledger_db::schema[0m[34m: [34msync_user: executing field DDL, [1;34mdoctype[0m[34m: Auto Repeat, [1;34mfield[0m[34m: message, [1;34msql[0m[34m: DEFINE FIELD OVERWRITE `message` ON TABLE `tabAuto_Repeat` TYPE option<string> PERMISSIONS FULL;[0m
    [2;3mat[0m crates\spotledger-db\src\schema.rs:741

  [2m2026-04-19T18:15:52.567222Z[0m [34mDEBUG[0m [1;34mspotledger_db::schema[0m[34m: [34msync_user: field DDL ok, [1;34mdoctype[0m[34m: Auto Repeat, [1;34mfield[0m[34m: message[0m
    [2;3mat[0m crates\spotledger-db\src\schema.rs:746

  [2m2026-04-19T18:15:52.567706Z[0m [34mDEBUG[0m [1;34mspotledger_db::schema[0m[34m: [34msync_user: executing field DDL, [1;34mdoctype[0m[34m: Auto Repeat, [1;34mfield[0m[34m: print_format, [1;34msql[0m[34m: DEFINE FIELD OVERWRITE `print_format` ON TABLE `tabAuto_Repeat` TYPE option<string> PERMISSIONS FULL;[0m
    [2;3mat[0m crates\spotledger-db\src\schema.rs:741

  [2m2026-04-19T18:15:52.570861Z[0m [34mDEBUG[0m [1;34mspotledger_db::schema[0m[34m: [34msync_user: field DDL ok, [1;34mdoctype[0m[34m: Auto Repeat, [1;34mfield[0m[34m: print_format[0m
    [2;3mat[0m crates\spotledger-db\src\schema.rs:746

  [2m2026-04-19T18:15:52.571273Z[0m [34mDEBUG[0m [1;34mspotledger_db::schema[0m[34m: [34msync_user: executing field DDL, [1;34mdoctype[0m[34m: Auto Repeat, [1;34mfield[0m[34m: status, [1;34msql[0m[34m: DEFINE FIELD OVERWRITE `status` ON TABLE `tabAuto_Repeat` TYPE option<string> PERMISSIONS FULL;[0m
    [2;3mat[0m crates\spotledger-db\src\schema.rs:741

  [2m2026-04-19T18:15:52.575095Z[0m [34mDEBUG[0m [1;34mspotledger_db::schema[0m[34m: [34msync_user: field DDL ok, [1;34mdoctype[0m[34m: Auto Repeat, [1;34mfield[0m[34m: status[0m
    [2;3mat[0m crates\spotledger-db\src\schema.rs:746

  [2m2026-04-19T18:15:52.575611Z[0m [34mDEBUG[0m [1;34mspotledger_db::schema[0m[34m: [34msync_user: executing field DDL, [1;34mdoctype[0m[34m: Auto Repeat, [1;34mfield[0m[34m: repeat_on_days, [1;34msql[0m[34m: DEFINE FIELD OVERWRITE `repeat_on_days` ON TABLE `tabAuto_Repeat` TYPE array<any> PERMISSIONS FULL;[0m
    [2;3mat[0m crates\spotledger-db\src\schema.rs:741

  [2m2026-04-19T18:15:52.579702Z[0m [34mDEBUG[0m [1;34mspotledger_db::schema[0m[34m: [34msync_user: field DDL ok, [1;34mdoctype[0m[34m: Auto Repeat, [1;34mfield[0m[34m: repeat_on_days[0m
    [2;3mat[0m crates\spotledger-db\src\schema.rs:746

  [2m2026-04-19T18:15:52.582967Z[0m [34mDEBUG[0m [1;34mspotledger_db::schema[0m[34m: [34msync_user: schema synced, [1;34mdoctype[0m[34m: Auto Repeat[0m
    [2;3mat[0m crates\spotledger-db\src\schema.rs:762

  [2m2026-04-19T18:15:52.617551Z[0m [34mDEBUG[0m [1;34mspotledger_db::schema[0m[34m: [34msync_user: fields loaded, [1;34mdoctype[0m[34m: Contact, [1;34mfield_count[0m[34m: 20[0m
    [2;3mat[0m crates\spotledger-db\src\schema.rs:689

  [2m2026-04-19T18:15:52.618074Z[0m [34mDEBUG[0m [1;34mspotledger_db::schema[0m[34m: [34msync_user: executing field DDL, [1;34mdoctype[0m[34m: Contact, [1;34mfield[0m[34m: first_name, [1;34msql[0m[34m: DEFINE FIELD OVERWRITE `first_name` ON TABLE `tabContact` TYPE option<string> PERMISSIONS FULL;[0m
    [2;3mat[0m crates\spotledger-db\src\schema.rs:741

  [2m2026-04-19T18:15:52.621599Z[0m [34mDEBUG[0m [1;34mspotledger_db::schema[0m[34m: [34msync_user: field DDL ok, [1;34mdoctype[0m[34m: Contact, [1;34mfield[0m[34m: first_name[0m
    [2;3mat[0m crates\spotledger-db\src\schema.rs:746

  [2m2026-04-19T18:15:52.622203Z[0m [34mDEBUG[0m [1;34mspotledger_db::schema[0m[34m: [34msync_user: executing field DDL, [1;34mdoctype[0m[34m: Contact, [1;34mfield[0m[34m: middle_name, [1;34msql[0m[34m: DEFINE FIELD OVERWRITE `middle_name` ON TABLE `tabContact` TYPE option<string> PERMISSIONS FULL;[0m
    [2;3mat[0m crates\spotledger-db\src\schema.rs:741

  [2m2026-04-19T18:15:52.625998Z[0m [34mDEBUG[0m [1;34mspotledger_db::schema[0m[34m: [34msync_user: field DDL ok, [1;34mdoctype[0m[34m: Contact, [1;34mfield[0m[34m: middle_name[0m
    [2;3mat[0m crates\spotledger-db\src\schema.rs:746

  [2m2026-04-19T18:15:52.626401Z[0m [34mDEBUG[0m [1;34mspotledger_db::schema[0m[34m: [34msync_user: executing field DDL, [1;34mdoctype[0m[34m: Contact, [1;34mfield[0m[34m: last_name, [1;34msql[0m[34m: DEFINE FIELD OVERWRITE `last_name` ON TABLE `tabContact` TYPE option<string> PERMISSIONS FULL;[0m
    [2;3mat[0m crates\spotledger-db\src\schema.rs:741

  [2m2026-04-19T18:15:52.630390Z[0m [34mDEBUG[0m [1;34mspotledger_db::schema[0m[34m: [34msync_user: field DDL ok, [1;34mdoctype[0m[34m: Contact, [1;34mfield[0m[34m: last_name[0m
    [2;3mat[0m crates\spotledger-db\src\schema.rs:746

  [2m2026-04-19T18:15:52.631026Z[0m [34mDEBUG[0m [1;34mspotledger_db::schema[0m[34m: [34msync_user: executing field DDL, [1;34mdoctype[0m[34m: Contact, [1;34mfield[0m[34m: full_name, [1;34msql[0m[34m: DEFINE FIELD OVERWRITE `full_name` ON TABLE `tabContact` TYPE option<string> PERMISSIONS FULL;[0m
    [2;3mat[0m crates\spotledger-db\src\schema.rs:741

  [2m2026-04-19T18:15:52.634385Z[0m [34mDEBUG[0m [1;34mspotledger_db::schema[0m[34m: [34msync_user: field DDL ok, [1;34mdoctype[0m[34m: Contact, [1;34mfield[0m[34m: full_name[0m
    [2;3mat[0m crates\spotledger-db\src\schema.rs:746

  [2m2026-04-19T18:15:52.634830Z[0m [34mDEBUG[0m [1;34mspotledger_db::schema[0m[34m: [34msync_user: executing field DDL, [1;34mdoctype[0m[34m: Contact, [1;34mfield[0m[34m: email_id, [1;34msql[0m[34m: DEFINE FIELD OVERWRITE `email_id` ON TABLE `tabContact` TYPE option<string> PERMISSIONS FULL;[0m
    [2;3mat[0m crates\spotledger-db\src\schema.rs:741

  [2m2026-04-19T18:15:52.638370Z[0m [34mDEBUG[0m [1;34mspotledger_db::schema[0m[34m: [34msync_user: field DDL ok, [1;34mdoctype[0m[34m: Contact, [1;34mfield[0m[34m: email_id[0m
    [2;3mat[0m crates\spotledger-db\src\schema.rs:746

  [2m2026-04-19T18:15:52.638799Z[0m [34mDEBUG[0m [1;34mspotledger_db::schema[0m[34m: [34msync_user: executing field DDL, [1;34mdoctype[0m[34m: Contact, [1;34mfield[0m[34m: user, [1;34msql[0m[34m: DEFINE FIELD OVERWRITE `user` ON TABLE `tabContact` TYPE option<string> PERMISSIONS FULL;[0m
    [2;3mat[0m crates\spotledger-db\src\schema.rs:741

  [2m2026-04-19T18:15:52.642146Z[0m [34mDEBUG[0m [1;34mspotledger_db::schema[0m[34m: [34msync_user: field DDL ok, [1;34mdoctype[0m[34m: Contact, [1;34mfield[0m[34m: user[0m
    [2;3mat[0m crates\spotledger-db\src\schema.rs:746

  [2m2026-04-19T18:15:52.642636Z[0m [34mDEBUG[0m [1;34mspotledger_db::schema[0m[34m: [34msync_user: executing field DDL, [1;34mdoctype[0m[34m: Contact, [1;34mfield[0m[34m: address, [1;34msql[0m[34m: DEFINE FIELD OVERWRITE `address` ON TABLE `tabContact` TYPE option<string> PERMISSIONS FULL;[0m
    [2;3mat[0m crates\spotledger-db\src\schema.rs:741

  [2m2026-04-19T18:15:52.646323Z[0m [34mDEBUG[0m [1;34mspotledger_db::schema[0m[34m: [34msync_user: field DDL ok, [1;34mdoctype[0m[34m: Contact, [1;34mfield[0m[34m: address[0m
    [2;3mat[0m crates\spotledger-db\src\schema.rs:746

  [2m2026-04-19T18:15:52.646957Z[0m [34mDEBUG[0m [1;34mspotledger_db::schema[0m[34m: [34msync_user: executing field DDL, [1;34mdoctype[0m[34m: Contact, [1;34mfield[0m[34m: status, [1;34msql[0m[34m: DEFINE FIELD OVERWRITE `status` ON TABLE `tabContact` TYPE option<string> PERMISSIONS FULL;[0m
    [2;3mat[0m crates\spotledger-db\src\schema.rs:741

  [2m2026-04-19T18:15:52.650453Z[0m [34mDEBUG[0m [1;34mspotledger_db::schema[0m[34m: [34msync_user: field DDL ok, [1;34mdoctype[0m[34m: Contact, [1;34mfield[0m[34m: status[0m
    [2;3mat[0m crates\spotledger-db\src\schema.rs:746

  [2m2026-04-19T18:15:52.651121Z[0m [34mDEBUG[0m [1;34mspotledger_db::schema[0m[34m: [34msync_user: executing field DDL, [1;34mdoctype[0m[34m: Contact, [1;34mfield[0m[34m: salutation, [1;34msql[0m[34m: DEFINE FIELD OVERWRITE `salutation` ON TABLE `tabContact` TYPE option<string> PERMISSIONS FULL;[0m
    [2;3mat[0m crates\spotledger-db\src\schema.rs:741

  [2m2026-04-19T18:15:52.654688Z[0m [34mDEBUG[0m [1;34mspotledger_db::schema[0m[34m: [34msync_user: field DDL ok, [1;34mdoctype[0m[34m: Contact, [1;34mfield[0m[34m: salutation[0m
    [2;3mat[0m crates\spotledger-db\src\schema.rs:746

  [2m2026-04-19T18:15:52.655088Z[0m [34mDEBUG[0m [1;34mspotledger_db::schema[0m[34m: [34msync_user: executing field DDL, [1;34mdoctype[0m[34m: Contact, [1;34mfield[0m[34m: gender, [1;34msql[0m[34m: DEFINE FIELD OVERWRITE `gender` ON TABLE `tabContact` TYPE option<string> PERMISSIONS FULL;[0m
    [2;3mat[0m crates\spotledger-db\src\schema.rs:741

  [2m2026-04-19T18:15:52.658623Z[0m [34mDEBUG[0m [1;34mspotledger_db::schema[0m[34m: [34msync_user: field DDL ok, [1;34mdoctype[0m[34m: Contact, [1;34mfield[0m[34m: gender[0m
    [2;3mat[0m crates\spotledger-db\src\schema.rs:746

  [2m2026-04-19T18:15:52.659073Z[0m [34mDEBUG[0m [1;34mspotledger_db::schema[0m[34m: [34msync_user: executing field DDL, [1;34mdoctype[0m[34m: Contact, [1;34mfield[0m[34m: phone, [1;34msql[0m[34m: DEFINE FIELD OVERWRITE `phone` ON TABLE `tabContact` TYPE option<string> PERMISSIONS FULL;[0m
    [2;3mat[0m crates\spotledger-db\src\schema.rs:741

  [2m2026-04-19T18:15:52.663753Z[0m [34mDEBUG[0m [1;34mspotledger_db::schema[0m[34m: [34msync_user: field DDL ok, [1;34mdoctype[0m[34m: Contact, [1;34mfield[0m[34m: phone[0m
    [2;3mat[0m crates\spotledger-db\src\schema.rs:746

  [2m2026-04-19T18:15:52.664481Z[0m [34mDEBUG[0m [1;34mspotledger_db::schema[0m[34m: [34msync_user: executing field DDL, [1;34mdoctype[0m[34m: Contact, [1;34mfield[0m[34m: mobile_no, [1;34msql[0m[34m: DEFINE FIELD OVERWRITE `mobile_no` ON TABLE `tabContact` TYPE option<string> PERMISSIONS FULL;[0m
    [2;3mat[0m crates\spotledger-db\src\schema.rs:741

  [2m2026-04-19T18:15:52.667772Z[0m [34mDEBUG[0m [1;34mspotledger_db::schema[0m[34m: [34msync_user: field DDL ok, [1;34mdoctype[0m[34m: Contact, [1;34mfield[0m[34m: mobile_no[0m
    [2;3mat[0m crates\spotledger-db\src\schema.rs:746

  [2m2026-04-19T18:15:52.668410Z[0m [34mDEBUG[0m [1;34mspotledger_db::schema[0m[34m: [34msync_user: executing field DDL, [1;34mdoctype[0m[34m: Contact, [1;34mfield[0m[34m: company_name, [1;34msql[0m[34m: DEFINE FIELD OVERWRITE `company_name` ON TABLE `tabContact` TYPE option<string> PERMISSIONS FULL;[0m
    [2;3mat[0m crates\spotledger-db\src\schema.rs:741

  [2m2026-04-19T18:15:52.671900Z[0m [34mDEBUG[0m [1;34mspotledger_db::schema[0m[34m: [34msync_user: field DDL ok, [1;34mdoctype[0m[34m: Contact, [1;34mfield[0m[34m: company_name[0m
    [2;3mat[0m crates\spotledger-db\src\schema.rs:746

  [2m2026-04-19T18:15:52.672410Z[0m [34mDEBUG[0m [1;34mspotledger_db::schema[0m[34m: [34msync_user: executing field DDL, [1;34mdoctype[0m[34m: Contact, [1;34mfield[0m[34m: designation, [1;34msql[0m[34m: DEFINE FIELD OVERWRITE `designation` ON TABLE `tabContact` TYPE option<string> PERMISSIONS FULL;[0m
    [2;3mat[0m crates\spotledger-db\src\schema.rs:741

  [2m2026-04-19T18:15:52.675682Z[0m [34mDEBUG[0m [1;34mspotledger_db::schema[0m[34m: [34msync_user: field DDL ok, [1;34mdoctype[0m[34m: Contact, [1;34mfield[0m[34m: designation[0m
    [2;3mat[0m crates\spotledger-db\src\schema.rs:746

  [2m2026-04-19T18:15:52.676097Z[0m [34mDEBUG[0m [1;34mspotledger_db::schema[0m[34m: [34msync_user: executing field DDL, [1;34mdoctype[0m[34m: Contact, [1;34mfield[0m[34m: department, [1;34msql[0m[34m: DEFINE FIELD OVERWRITE `department` ON TABLE `tabContact` TYPE option<string> PERMISSIONS FULL;[0m
    [2;3mat[0m crates\spotledger-db\src\schema.rs:741

  [2m2026-04-19T18:15:52.680366Z[0m [34mDEBUG[0m [1;34mspotledger_db::schema[0m[34m: [34msync_user: field DDL ok, [1;34mdoctype[0m[34m: Contact, [1;34mfield[0m[34m: department[0m
    [2;3mat[0m crates\spotledger-db\src\schema.rs:746

  [2m2026-04-19T18:15:52.680930Z[0m [34mDEBUG[0m [1;34mspotledger_db::schema[0m[34m: [34msync_user: executing field DDL, [1;34mdoctype[0m[34m: Contact, [1;34mfield[0m[34m: is_primary_contact, [1;34msql[0m[34m: DEFINE FIELD OVERWRITE `is_primary_contact` ON TABLE `tabContact` TYPE none | int PERMISSIONS FULL DEFAULT 0;[0m
    [2;3mat[0m crates\spotledger-db\src\schema.rs:741

  [2m2026-04-19T18:15:52.684146Z[0m [34mDEBUG[0m [1;34mspotledger_db::schema[0m[34m: [34msync_user: field DDL ok, [1;34mdoctype[0m[34m: Contact, [1;34mfield[0m[34m: is_primary_contact[0m
    [2;3mat[0m crates\spotledger-db\src\schema.rs:746

  [2m2026-04-19T18:15:52.684496Z[0m [34mDEBUG[0m [1;34mspotledger_db::schema[0m[34m: [34msync_user: executing field DDL, [1;34mdoctype[0m[34m: Contact, [1;34mfield[0m[34m: unsubscribed, [1;34msql[0m[34m: DEFINE FIELD OVERWRITE `unsubscribed` ON TABLE `tabContact` TYPE none | int PERMISSIONS FULL DEFAULT 0;[0m
    [2;3mat[0m crates\spotledger-db\src\schema.rs:741

  [2m2026-04-19T18:15:52.687768Z[0m [34mDEBUG[0m [1;34mspotledger_db::schema[0m[34m: [34msync_user: field DDL ok, [1;34mdoctype[0m[34m: Contact, [1;34mfield[0m[34m: unsubscribed[0m
    [2;3mat[0m crates\spotledger-db\src\schema.rs:746

  [2m2026-04-19T18:15:52.688165Z[0m [34mDEBUG[0m [1;34mspotledger_db::schema[0m[34m: [34msync_user: executing field DDL, [1;34mdoctype[0m[34m: Contact, [1;34mfield[0m[34m: email_ids, [1;34msql[0m[34m: DEFINE FIELD OVERWRITE `email_ids` ON TABLE `tabContact` TYPE array<any> PERMISSIONS FULL;[0m
    [2;3mat[0m crates\spotledger-db\src\schema.rs:741

  [2m2026-04-19T18:15:52.692020Z[0m [34mDEBUG[0m [1;34mspotledger_db::schema[0m[34m: [34msync_user: field DDL ok, [1;34mdoctype[0m[34m: Contact, [1;34mfield[0m[34m: email_ids[0m
    [2;3mat[0m crates\spotledger-db\src\schema.rs:746

  [2m2026-04-19T18:15:52.692493Z[0m [34mDEBUG[0m [1;34mspotledger_db::schema[0m[34m: [34msync_user: executing field DDL, [1;34mdoctype[0m[34m: Contact, [1;34mfield[0m[34m: phone_nos, [1;34msql[0m[34m: DEFINE FIELD OVERWRITE `phone_nos` ON TABLE `tabContact` TYPE array<any> PERMISSIONS FULL;[0m
    [2;3mat[0m crates\spotledger-db\src\schema.rs:741

  [2m2026-04-19T18:15:52.696962Z[0m [34mDEBUG[0m [1;34mspotledger_db::schema[0m[34m: [34msync_user: field DDL ok, [1;34mdoctype[0m[34m: Contact, [1;34mfield[0m[34m: phone_nos[0m
    [2;3mat[0m crates\spotledger-db\src\schema.rs:746

  [2m2026-04-19T18:15:52.697370Z[0m [34mDEBUG[0m [1;34mspotledger_db::schema[0m[34m: [34msync_user: executing field DDL, [1;34mdoctype[0m[34m: Contact, [1;34mfield[0m[34m: links, [1;34msql[0m[34m: DEFINE FIELD OVERWRITE `links` ON TABLE `tabContact` TYPE array<any> PERMISSIONS FULL;[0m
    [2;3mat[0m crates\spotledger-db\src\schema.rs:741

  [2m2026-04-19T18:15:52.700535Z[0m [34mDEBUG[0m [1;34mspotledger_db::schema[0m[34m: [34msync_user: field DDL ok, [1;34mdoctype[0m[34m: Contact, [1;34mfield[0m[34m: links[0m
    [2;3mat[0m crates\spotledger-db\src\schema.rs:746

  [2m2026-04-19T18:15:52.703230Z[0m [34mDEBUG[0m [1;34mspotledger_db::schema[0m[34m: [34msync_user: schema synced, [1;34mdoctype[0m[34m: Contact[0m
    [2;3mat[0m crates\spotledger-db\src\schema.rs:762

  [2m2026-04-19T18:15:52.736848Z[0m [34mDEBUG[0m [1;34mspotledger_db::schema[0m[34m: [34msync_user: fields loaded, [1;34mdoctype[0m[34m: Country, [1;34mfield_count[0m[34m: 5[0m
    [2;3mat[0m crates\spotledger-db\src\schema.rs:689

  [2m2026-04-19T18:15:52.737294Z[0m [34mDEBUG[0m [1;34mspotledger_db::schema[0m[34m: [34msync_user: executing field DDL, [1;34mdoctype[0m[34m: Country, [1;34mfield[0m[34m: country_name, [1;34msql[0m[34m: DEFINE FIELD OVERWRITE `country_name` ON TABLE `tabCountry` TYPE option<string> PERMISSIONS FULL;[0m
    [2;3mat[0m crates\spotledger-db\src\schema.rs:741

  [2m2026-04-19T18:15:52.740407Z[0m [34mDEBUG[0m [1;34mspotledger_db::schema[0m[34m: [34msync_user: field DDL ok, [1;34mdoctype[0m[34m: Country, [1;34mfield[0m[34m: country_name[0m
    [2;3mat[0m crates\spotledger-db\src\schema.rs:746

  [2m2026-04-19T18:15:52.740815Z[0m [34mDEBUG[0m [1;34mspotledger_db::schema[0m[34m: [34msync_user: executing field DDL, [1;34mdoctype[0m[34m: Country, [1;34mfield[0m[34m: code, [1;34msql[0m[34m: DEFINE FIELD OVERWRITE `code` ON TABLE `tabCountry` TYPE option<string> PERMISSIONS FULL;[0m
    [2;3mat[0m crates\spotledger-db\src\schema.rs:741

  [2m2026-04-19T18:15:52.744327Z[0m [34mDEBUG[0m [1;34mspotledger_db::schema[0m[34m: [34msync_user: field DDL ok, [1;34mdoctype[0m[34m: Country, [1;34mfield[0m[34m: code[0m
    [2;3mat[0m crates\spotledger-db\src\schema.rs:746

  [2m2026-04-19T18:15:52.745152Z[0m [34mDEBUG[0m [1;34mspotledger_db::schema[0m[34m: [34msync_user: executing field DDL, [1;34mdoctype[0m[34m: Country, [1;34mfield[0m[34m: date_format, [1;34msql[0m[34m: DEFINE FIELD OVERWRITE `date_format` ON TABLE `tabCountry` TYPE option<string> PERMISSIONS FULL;[0m
    [2;3mat[0m crates\spotledger-db\src\schema.rs:741

  [2m2026-04-19T18:15:52.748755Z[0m [34mDEBUG[0m [1;34mspotledger_db::schema[0m[34m: [34msync_user: field DDL ok, [1;34mdoctype[0m[34m: Country, [1;34mfield[0m[34m: date_format[0m
    [2;3mat[0m crates\spotledger-db\src\schema.rs:746

  [2m2026-04-19T18:15:52.749351Z[0m [34mDEBUG[0m [1;34mspotledger_db::schema[0m[34m: [34msync_user: executing field DDL, [1;34mdoctype[0m[34m: Country, [1;34mfield[0m[34m: time_format, [1;34msql[0m[34m: DEFINE FIELD OVERWRITE `time_format` ON TABLE `tabCountry` TYPE option<string> PERMISSIONS FULL;[0m
    [2;3mat[0m crates\spotledger-db\src\schema.rs:741

  [2m2026-04-19T18:15:52.754972Z[0m [34mDEBUG[0m [1;34mspotledger_db::schema[0m[34m: [34msync_user: field DDL ok, [1;34mdoctype[0m[34m: Country, [1;34mfield[0m[34m: time_format[0m
    [2;3mat[0m crates\spotledger-db\src\schema.rs:746

  [2m2026-04-19T18:15:52.755385Z[0m [34mDEBUG[0m [1;34mspotledger_db::schema[0m[34m: [34msync_user: executing field DDL, [1;34mdoctype[0m[34m: Country, [1;34mfield[0m[34m: time_zones, [1;34msql[0m[34m: DEFINE FIELD OVERWRITE `time_zones` ON TABLE `tabCountry` TYPE option<string> PERMISSIONS FULL;[0m
    [2;3mat[0m crates\spotledger-db\src\schema.rs:741

  [2m2026-04-19T18:15:52.758405Z[0m [34mDEBUG[0m [1;34mspotledger_db::schema[0m[34m: [34msync_user: field DDL ok, [1;34mdoctype[0m[34m: Country, [1;34mfield[0m[34m: time_zones[0m
    [2;3mat[0m crates\spotledger-db\src\schema.rs:746

  [2m2026-04-19T18:15:52.761664Z[0m [34mDEBUG[0m [1;34mspotledger_db::schema[0m[34m: [34msync_user: schema synced, [1;34mdoctype[0m[34m: Country[0m
    [2;3mat[0m crates\spotledger-db\src\schema.rs:762

  [2m2026-04-19T18:15:52.794640Z[0m [34mDEBUG[0m [1;34mspotledger_db::schema[0m[34m: [34msync_user: fields loaded, [1;34mdoctype[0m[34m: Currency, [1;34mfield_count[0m[34m: 8[0m
    [2;3mat[0m crates\spotledger-db\src\schema.rs:689

  [2m2026-04-19T18:15:52.795771Z[0m [34mDEBUG[0m [1;34mspotledger_db::schema[0m[34m: [34msync_user: executing field DDL, [1;34mdoctype[0m[34m: Currency, [1;34mfield[0m[34m: currency_name, [1;34msql[0m[34m: DEFINE FIELD OVERWRITE `currency_name` ON TABLE `tabCurrency` TYPE option<string> PERMISSIONS FULL;[0m
    [2;3mat[0m crates\spotledger-db\src\schema.rs:741

  [2m2026-04-19T18:15:52.799305Z[0m [34mDEBUG[0m [1;34mspotledger_db::schema[0m[34m: [34msync_user: field DDL ok, [1;34mdoctype[0m[34m: Currency, [1;34mfield[0m[34m: currency_name[0m
    [2;3mat[0m crates\spotledger-db\src\schema.rs:746

  [2m2026-04-19T18:15:52.799768Z[0m [34mDEBUG[0m [1;34mspotledger_db::schema[0m[34m: [34msync_user: executing field DDL, [1;34mdoctype[0m[34m: Currency, [1;34mfield[0m[34m: enabled, [1;34msql[0m[34m: DEFINE FIELD OVERWRITE `enabled` ON TABLE `tabCurrency` TYPE none | int PERMISSIONS FULL DEFAULT 0;[0m
    [2;3mat[0m crates\spotledger-db\src\schema.rs:741

  [2m2026-04-19T18:15:52.803028Z[0m [34mDEBUG[0m [1;34mspotledger_db::schema[0m[34m: [34msync_user: field DDL ok, [1;34mdoctype[0m[34m: Currency, [1;34mfield[0m[34m: enabled[0m
    [2;3mat[0m crates\spotledger-db\src\schema.rs:746

  [2m2026-04-19T18:15:52.803600Z[0m [34mDEBUG[0m [1;34mspotledger_db::schema[0m[34m: [34msync_user: executing field DDL, [1;34mdoctype[0m[34m: Currency, [1;34mfield[0m[34m: fraction, [1;34msql[0m[34m: DEFINE FIELD OVERWRITE `fraction` ON TABLE `tabCurrency` TYPE option<string> PERMISSIONS FULL;[0m
    [2;3mat[0m crates\spotledger-db\src\schema.rs:741

  [2m2026-04-19T18:15:52.806932Z[0m [34mDEBUG[0m [1;34mspotledger_db::schema[0m[34m: [34msync_user: field DDL ok, [1;34mdoctype[0m[34m: Currency, [1;34mfield[0m[34m: fraction[0m
    [2;3mat[0m crates\spotledger-db\src\schema.rs:746

  [2m2026-04-19T18:15:52.807356Z[0m [34mDEBUG[0m [1;34mspotledger_db::schema[0m[34m: [34msync_user: executing field DDL, [1;34mdoctype[0m[34m: Currency, [1;34mfield[0m[34m: fraction_units, [1;34msql[0m[34m: DEFINE FIELD OVERWRITE `fraction_units` ON TABLE `tabCurrency` TYPE none | int PERMISSIONS FULL;[0m
    [2;3mat[0m crates\spotledger-db\src\schema.rs:741

  [2m2026-04-19T18:15:52.810391Z[0m [34mDEBUG[0m [1;34mspotledger_db::schema[0m[34m: [34msync_user: field DDL ok, [1;34mdoctype[0m[34m: Currency, [1;34mfield[0m[34m: fraction_units[0m
    [2;3mat[0m crates\spotledger-db\src\schema.rs:746

  [2m2026-04-19T18:15:52.811102Z[0m [34mDEBUG[0m [1;34mspotledger_db::schema[0m[34m: [34msync_user: executing field DDL, [1;34mdoctype[0m[34m: Currency, [1;34mfield[0m[34m: smallest_currency_fraction_value, [1;34msql[0m[34m: DEFINE FIELD OVERWRITE `smallest_currency_fraction_value` ON TABLE `tabCurrency` TYPE float PERMISSIONS FULL;[0m
    [2;3mat[0m crates\spotledger-db\src\schema.rs:741

  [2m2026-04-19T18:15:52.815158Z[0m [34mDEBUG[0m [1;34mspotledger_db::schema[0m[34m: [34msync_user: field DDL ok, [1;34mdoctype[0m[34m: Currency, [1;34mfield[0m[34m: smallest_currency_fraction_value[0m
    [2;3mat[0m crates\spotledger-db\src\schema.rs:746

  [2m2026-04-19T18:15:52.815573Z[0m [34mDEBUG[0m [1;34mspotledger_db::schema[0m[34m: [34msync_user: executing field DDL, [1;34mdoctype[0m[34m: Currency, [1;34mfield[0m[34m: symbol, [1;34msql[0m[34m: DEFINE FIELD OVERWRITE `symbol` ON TABLE `tabCurrency` TYPE option<string> PERMISSIONS FULL;[0m
    [2;3mat[0m crates\spotledger-db\src\schema.rs:741

  [2m2026-04-19T18:15:52.818451Z[0m [34mDEBUG[0m [1;34mspotledger_db::schema[0m[34m: [34msync_user: field DDL ok, [1;34mdoctype[0m[34m: Currency, [1;34mfield[0m[34m: symbol[0m
    [2;3mat[0m crates\spotledger-db\src\schema.rs:746

  [2m2026-04-19T18:15:52.819004Z[0m [34mDEBUG[0m [1;34mspotledger_db::schema[0m[34m: [34msync_user: executing field DDL, [1;34mdoctype[0m[34m: Currency, [1;34mfield[0m[34m: symbol_on_right, [1;34msql[0m[34m: DEFINE FIELD OVERWRITE `symbol_on_right` ON TABLE `tabCurrency` TYPE none | int PERMISSIONS FULL DEFAULT 0;[0m
    [2;3mat[0m crates\spotledger-db\src\schema.rs:741

  [2m2026-04-19T18:15:52.822088Z[0m [34mDEBUG[0m [1;34mspotledger_db::schema[0m[34m: [34msync_user: field DDL ok, [1;34mdoctype[0m[34m: Currency, [1;34mfield[0m[34m: symbol_on_right[0m
    [2;3mat[0m crates\spotledger-db\src\schema.rs:746

  [2m2026-04-19T18:15:52.822502Z[0m [34mDEBUG[0m [1;34mspotledger_db::schema[0m[34m: [34msync_user: executing field DDL, [1;34mdoctype[0m[34m: Currency, [1;34mfield[0m[34m: number_format, [1;34msql[0m[34m: DEFINE FIELD OVERWRITE `number_format` ON TABLE `tabCurrency` TYPE option<string> PERMISSIONS FULL;[0m
    [2;3mat[0m crates\spotledger-db\src\schema.rs:741

  [2m2026-04-19T18:15:52.825131Z[0m [34mDEBUG[0m [1;34mspotledger_db::schema[0m[34m: [34msync_user: field DDL ok, [1;34mdoctype[0m[34m: Currency, [1;34mfield[0m[34m: number_format[0m
    [2;3mat[0m crates\spotledger-db\src\schema.rs:746

  [2m2026-04-19T18:15:52.828309Z[0m [34mDEBUG[0m [1;34mspotledger_db::schema[0m[34m: [34msync_user: schema synced, [1;34mdoctype[0m[34m: Currency[0m
    [2;3mat[0m crates\spotledger-db\src\schema.rs:762

  [2m2026-04-19T18:15:52.864867Z[0m [34mDEBUG[0m [1;34mspotledger_db::schema[0m[34m: [34msync_user: fields loaded, [1;34mdoctype[0m[34m: Email Account, [1;34mfield_count[0m[34m: 26[0m
    [2;3mat[0m crates\spotledger-db\src\schema.rs:689

  [2m2026-04-19T18:15:52.865328Z[0m [34mDEBUG[0m [1;34mspotledger_db::schema[0m[34m: [34msync_user: executing field DDL, [1;34mdoctype[0m[34m: Email Account, [1;34mfield[0m[34m: email_id, [1;34msql[0m[34m: DEFINE FIELD OVERWRITE `email_id` ON TABLE `tabEmail_Account` TYPE option<string> PERMISSIONS FULL;[0m
    [2;3mat[0m crates\spotledger-db\src\schema.rs:741

  [2m2026-04-19T18:15:52.868671Z[0m [34mDEBUG[0m [1;34mspotledger_db::schema[0m[34m: [34msync_user: field DDL ok, [1;34mdoctype[0m[34m: Email Account, [1;34mfield[0m[34m: email_id[0m
    [2;3mat[0m crates\spotledger-db\src\schema.rs:746

  [2m2026-04-19T18:15:52.869248Z[0m [34mDEBUG[0m [1;34mspotledger_db::schema[0m[34m: [34msync_user: executing field DDL, [1;34mdoctype[0m[34m: Email Account, [1;34mfield[0m[34m: email_account_name, [1;34msql[0m[34m: DEFINE FIELD OVERWRITE `email_account_name` ON TABLE `tabEmail_Account` TYPE option<string> PERMISSIONS FULL;[0m
    [2;3mat[0m crates\spotledger-db\src\schema.rs:741

  [2m2026-04-19T18:15:52.872867Z[0m [34mDEBUG[0m [1;34mspotledger_db::schema[0m[34m: [34msync_user: field DDL ok, [1;34mdoctype[0m[34m: Email Account, [1;34mfield[0m[34m: email_account_name[0m
    [2;3mat[0m crates\spotledger-db\src\schema.rs:746

  [2m2026-04-19T18:15:52.873523Z[0m [34mDEBUG[0m [1;34mspotledger_db::schema[0m[34m: [34msync_user: executing field DDL, [1;34mdoctype[0m[34m: Email Account, [1;34mfield[0m[34m: service, [1;34msql[0m[34m: DEFINE FIELD OVERWRITE `service` ON TABLE `tabEmail_Account` TYPE option<string> PERMISSIONS FULL;[0m
    [2;3mat[0m crates\spotledger-db\src\schema.rs:741

  [2m2026-04-19T18:15:52.876920Z[0m [34mDEBUG[0m [1;34mspotledger_db::schema[0m[34m: [34msync_user: field DDL ok, [1;34mdoctype[0m[34m: Email Account, [1;34mfield[0m[34m: service[0m
    [2;3mat[0m crates\spotledger-db\src\schema.rs:746

  [2m2026-04-19T18:15:52.877597Z[0m [34mDEBUG[0m [1;34mspotledger_db::schema[0m[34m: [34msync_user: executing field DDL, [1;34mdoctype[0m[34m: Email Account, [1;34mfield[0m[34m: domain, [1;34msql[0m[34m: DEFINE FIELD OVERWRITE `domain` ON TABLE `tabEmail_Account` TYPE option<string> PERMISSIONS FULL;[0m
    [2;3mat[0m crates\spotledger-db\src\schema.rs:741

  [2m2026-04-19T18:15:52.881870Z[0m [34mDEBUG[0m [1;34mspotledger_db::schema[0m[34m: [34msync_user: field DDL ok, [1;34mdoctype[0m[34m: Email Account, [1;34mfield[0m[34m: domain[0m
    [2;3mat[0m crates\spotledger-db\src\schema.rs:746

  [2m2026-04-19T18:15:52.882436Z[0m [34mDEBUG[0m [1;34mspotledger_db::schema[0m[34m: [34msync_user: executing field DDL, [1;34mdoctype[0m[34m: Email Account, [1;34mfield[0m[34m: login_id, [1;34msql[0m[34m: DEFINE FIELD OVERWRITE `login_id` ON TABLE `tabEmail_Account` TYPE option<string> PERMISSIONS FULL;[0m
    [2;3mat[0m crates\spotledger-db\src\schema.rs:741

  [2m2026-04-19T18:15:52.885766Z[0m [34mDEBUG[0m [1;34mspotledger_db::schema[0m[34m: [34msync_user: field DDL ok, [1;34mdoctype[0m[34m: Email Account, [1;34mfield[0m[34m: login_id[0m
    [2;3mat[0m crates\spotledger-db\src\schema.rs:746

  [2m2026-04-19T18:15:52.886437Z[0m [34mDEBUG[0m [1;34mspotledger_db::schema[0m[34m: [34msync_user: executing field DDL, [1;34mdoctype[0m[34m: Email Account, [1;34mfield[0m[34m: password, [1;34msql[0m[34m: DEFINE FIELD OVERWRITE `password` ON TABLE `tabEmail_Account` TYPE option<string> PERMISSIONS FULL;[0m
    [2;3mat[0m crates\spotledger-db\src\schema.rs:741

  [2m2026-04-19T18:15:52.889770Z[0m [34mDEBUG[0m [1;34mspotledger_db::schema[0m[34m: [34msync_user: field DDL ok, [1;34mdoctype[0m[34m: Email Account, [1;34mfield[0m[34m: password[0m
    [2;3mat[0m crates\spotledger-db\src\schema.rs:746

  [2m2026-04-19T18:15:52.890298Z[0m [34mDEBUG[0m [1;34mspotledger_db::schema[0m[34m: [34msync_user: executing field DDL, [1;34mdoctype[0m[34m: Email Account, [1;34mfield[0m[34m: enable_incoming, [1;34msql[0m[34m: DEFINE FIELD OVERWRITE `enable_incoming` ON TABLE `tabEmail_Account` TYPE none | int PERMISSIONS FULL DEFAULT 0;[0m
    [2;3mat[0m crates\spotledger-db\src\schema.rs:741

  [2m2026-04-19T18:15:52.893734Z[0m [34mDEBUG[0m [1;34mspotledger_db::schema[0m[34m: [34msync_user: field DDL ok, [1;34mdoctype[0m[34m: Email Account, [1;34mfield[0m[34m: enable_incoming[0m
    [2;3mat[0m crates\spotledger-db\src\schema.rs:746

  [2m2026-04-19T18:15:52.894734Z[0m [34mDEBUG[0m [1;34mspotledger_db::schema[0m[34m: [34msync_user: executing field DDL, [1;34mdoctype[0m[34m: Email Account, [1;34mfield[0m[34m: email_server, [1;34msql[0m[34m: DEFINE FIELD OVERWRITE `email_server` ON TABLE `tabEmail_Account` TYPE option<string> PERMISSIONS FULL;[0m
    [2;3mat[0m crates\spotledger-db\src\schema.rs:741

  [2m2026-04-19T18:15:52.899225Z[0m [34mDEBUG[0m [1;34mspotledger_db::schema[0m[34m: [34msync_user: field DDL ok, [1;34mdoctype[0m[34m: Email Account, [1;34mfield[0m[34m: email_server[0m
    [2;3mat[0m crates\spotledger-db\src\schema.rs:746

  [2m2026-04-19T18:15:52.899795Z[0m [34mDEBUG[0m [1;34mspotledger_db::schema[0m[34m: [34msync_user: executing field DDL, [1;34mdoctype[0m[34m: Email Account, [1;34mfield[0m[34m: use_imap, [1;34msql[0m[34m: DEFINE FIELD OVERWRITE `use_imap` ON TABLE `tabEmail_Account` TYPE none | int PERMISSIONS FULL DEFAULT 0;[0m
    [2;3mat[0m crates\spotledger-db\src\schema.rs:741

  [2m2026-04-19T18:15:52.903148Z[0m [34mDEBUG[0m [1;34mspotledger_db::schema[0m[34m: [34msync_user: field DDL ok, [1;34mdoctype[0m[34m: Email Account, [1;34mfield[0m[34m: use_imap[0m
    [2;3mat[0m crates\spotledger-db\src\schema.rs:746

  [2m2026-04-19T18:15:52.903875Z[0m [34mDEBUG[0m [1;34mspotledger_db::schema[0m[34m: [34msync_user: executing field DDL, [1;34mdoctype[0m[34m: Email Account, [1;34mfield[0m[34m: use_ssl, [1;34msql[0m[34m: DEFINE FIELD OVERWRITE `use_ssl` ON TABLE `tabEmail_Account` TYPE none | int PERMISSIONS FULL DEFAULT 0;[0m
    [2;3mat[0m crates\spotledger-db\src\schema.rs:741

  [2m2026-04-19T18:15:52.907332Z[0m [34mDEBUG[0m [1;34mspotledger_db::schema[0m[34m: [34msync_user: field DDL ok, [1;34mdoctype[0m[34m: Email Account, [1;34mfield[0m[34m: use_ssl[0m
    [2;3mat[0m crates\spotledger-db\src\schema.rs:746

  [2m2026-04-19T18:15:52.907728Z[0m [34mDEBUG[0m [1;34mspotledger_db::schema[0m[34m: [34msync_user: executing field DDL, [1;34mdoctype[0m[34m: Email Account, [1;34mfield[0m[34m: append_to, [1;34msql[0m[34m: DEFINE FIELD OVERWRITE `append_to` ON TABLE `tabEmail_Account` TYPE option<string> PERMISSIONS FULL;[0m
    [2;3mat[0m crates\spotledger-db\src\schema.rs:741

  [2m2026-04-19T18:15:52.912716Z[0m [34mDEBUG[0m [1;34mspotledger_db::schema[0m[34m: [34msync_user: field DDL ok, [1;34mdoctype[0m[34m: Email Account, [1;34mfield[0m[34m: append_to[0m
    [2;3mat[0m crates\spotledger-db\src\schema.rs:746

  [2m2026-04-19T18:15:52.913365Z[0m [34mDEBUG[0m [1;34mspotledger_db::schema[0m[34m: [34msync_user: executing field DDL, [1;34mdoctype[0m[34m: Email Account, [1;34mfield[0m[34m: default_incoming, [1;34msql[0m[34m: DEFINE FIELD OVERWRITE `default_incoming` ON TABLE `tabEmail_Account` TYPE none | int PERMISSIONS FULL DEFAULT 0;[0m
    [2;3mat[0m crates\spotledger-db\src\schema.rs:741

  [2m2026-04-19T18:15:52.916670Z[0m [34mDEBUG[0m [1;34mspotledger_db::schema[0m[34m: [34msync_user: field DDL ok, [1;34mdoctype[0m[34m: Email Account, [1;34mfield[0m[34m: default_incoming[0m
    [2;3mat[0m crates\spotledger-db\src\schema.rs:746

  [2m2026-04-19T18:15:52.917084Z[0m [34mDEBUG[0m [1;34mspotledger_db::schema[0m[34m: [34msync_user: executing field DDL, [1;34mdoctype[0m[34m: Email Account, [1;34mfield[0m[34m: enable_outgoing, [1;34msql[0m[34m: DEFINE FIELD OVERWRITE `enable_outgoing` ON TABLE `tabEmail_Account` TYPE none | int PERMISSIONS FULL DEFAULT 0;[0m
    [2;3mat[0m crates\spotledger-db\src\schema.rs:741

  [2m2026-04-19T18:15:52.920304Z[0m [34mDEBUG[0m [1;34mspotledger_db::schema[0m[34m: [34msync_user: field DDL ok, [1;34mdoctype[0m[34m: Email Account, [1;34mfield[0m[34m: enable_outgoing[0m
    [2;3mat[0m crates\spotledger-db\src\schema.rs:746

  [2m2026-04-19T18:15:52.920788Z[0m [34mDEBUG[0m [1;34mspotledger_db::schema[0m[34m: [34msync_user: executing field DDL, [1;34mdoctype[0m[34m: Email Account, [1;34mfield[0m[34m: smtp_server, [1;34msql[0m[34m: DEFINE FIELD OVERWRITE `smtp_server` ON TABLE `tabEmail_Account` TYPE option<string> PERMISSIONS FULL;[0m
    [2;3mat[0m crates\spotledger-db\src\schema.rs:741

  [2m2026-04-19T18:15:52.924227Z[0m [34mDEBUG[0m [1;34mspotledger_db::schema[0m[34m: [34msync_user: field DDL ok, [1;34mdoctype[0m[34m: Email Account, [1;34mfield[0m[34m: smtp_server[0m
    [2;3mat[0m crates\spotledger-db\src\schema.rs:746

  [2m2026-04-19T18:15:52.924661Z[0m [34mDEBUG[0m [1;34mspotledger_db::schema[0m[34m: [34msync_user: executing field DDL, [1;34mdoctype[0m[34m: Email Account, [1;34mfield[0m[34m: use_tls, [1;34msql[0m[34m: DEFINE FIELD OVERWRITE `use_tls` ON TABLE `tabEmail_Account` TYPE none | int PERMISSIONS FULL DEFAULT 0;[0m
    [2;3mat[0m crates\spotledger-db\src\schema.rs:741

  [2m2026-04-19T18:15:52.928722Z[0m [34mDEBUG[0m [1;34mspotledger_db::schema[0m[34m: [34msync_user: field DDL ok, [1;34mdoctype[0m[34m: Email Account, [1;34mfield[0m[34m: use_tls[0m
    [2;3mat[0m crates\spotledger-db\src\schema.rs:746

  [2m2026-04-19T18:15:52.929434Z[0m [34mDEBUG[0m [1;34mspotledger_db::schema[0m[34m: [34msync_user: executing field DDL, [1;34mdoctype[0m[34m: Email Account, [1;34mfield[0m[34m: smtp_port, [1;34msql[0m[34m: DEFINE FIELD OVERWRITE `smtp_port` ON TABLE `tabEmail_Account` TYPE option<string> PERMISSIONS FULL;[0m
    [2;3mat[0m crates\spotledger-db\src\schema.rs:741

  [2m2026-04-19T18:15:52.933208Z[0m [34mDEBUG[0m [1;34mspotledger_db::schema[0m[34m: [34msync_user: field DDL ok, [1;34mdoctype[0m[34m: Email Account, [1;34mfield[0m[34m: smtp_port[0m
    [2;3mat[0m crates\spotledger-db\src\schema.rs:746

  [2m2026-04-19T18:15:52.933838Z[0m [34mDEBUG[0m [1;34mspotledger_db::schema[0m[34m: [34msync_user: executing field DDL, [1;34mdoctype[0m[34m: Email Account, [1;34mfield[0m[34m: default_outgoing, [1;34msql[0m[34m: DEFINE FIELD OVERWRITE `default_outgoing` ON TABLE `tabEmail_Account` TYPE none | int PERMISSIONS FULL DEFAULT 0;[0m
    [2;3mat[0m crates\spotledger-db\src\schema.rs:741

  [2m2026-04-19T18:15:52.937405Z[0m [34mDEBUG[0m [1;34mspotledger_db::schema[0m[34m: [34msync_user: field DDL ok, [1;34mdoctype[0m[34m: Email Account, [1;34mfield[0m[34m: default_outgoing[0m
    [2;3mat[0m crates\spotledger-db\src\schema.rs:746

  [2m2026-04-19T18:15:52.937986Z[0m [34mDEBUG[0m [1;34mspotledger_db::schema[0m[34m: [34msync_user: executing field DDL, [1;34mdoctype[0m[34m: Email Account, [1;34mfield[0m[34m: send_unsubscribe_message, [1;34msql[0m[34m: DEFINE FIELD OVERWRITE `send_unsubscribe_message` ON TABLE `tabEmail_Account` TYPE none | int PERMISSIONS FULL DEFAULT 0;[0m
    [2;3mat[0m crates\spotledger-db\src\schema.rs:741

  [2m2026-04-19T18:15:52.941450Z[0m [34mDEBUG[0m [1;34mspotledger_db::schema[0m[34m: [34msync_user: field DDL ok, [1;34mdoctype[0m[34m: Email Account, [1;34mfield[0m[34m: send_unsubscribe_message[0m
    [2;3mat[0m crates\spotledger-db\src\schema.rs:746

  [2m2026-04-19T18:15:52.941874Z[0m [34mDEBUG[0m [1;34mspotledger_db::schema[0m[34m: [34msync_user: executing field DDL, [1;34mdoctype[0m[34m: Email Account, [1;34mfield[0m[34m: track_email_status, [1;34msql[0m[34m: DEFINE FIELD OVERWRITE `track_email_status` ON TABLE `tabEmail_Account` TYPE none | int PERMISSIONS FULL DEFAULT 0;[0m
    [2;3mat[0m crates\spotledger-db\src\schema.rs:741

  [2m2026-04-19T18:15:52.945936Z[0m [34mDEBUG[0m [1;34mspotledger_db::schema[0m[34m: [34msync_user: field DDL ok, [1;34mdoctype[0m[34m: Email Account, [1;34mfield[0m[34m: track_email_status[0m
    [2;3mat[0m crates\spotledger-db\src\schema.rs:746

  [2m2026-04-19T18:15:52.946723Z[0m [34mDEBUG[0m [1;34mspotledger_db::schema[0m[34m: [34msync_user: executing field DDL, [1;34mdoctype[0m[34m: Email Account, [1;34mfield[0m[34m: add_signature, [1;34msql[0m[34m: DEFINE FIELD OVERWRITE `add_signature` ON TABLE `tabEmail_Account` TYPE none | int PERMISSIONS FULL DEFAULT 0;[0m
    [2;3mat[0m crates\spotledger-db\src\schema.rs:741

  [2m2026-04-19T18:15:52.950450Z[0m [34mDEBUG[0m [1;34mspotledger_db::schema[0m[34m: [34msync_user: field DDL ok, [1;34mdoctype[0m[34m: Email Account, [1;34mfield[0m[34m: add_signature[0m
    [2;3mat[0m crates\spotledger-db\src\schema.rs:746

  [2m2026-04-19T18:15:52.951005Z[0m [34mDEBUG[0m [1;34mspotledger_db::schema[0m[34m: [34msync_user: executing field DDL, [1;34mdoctype[0m[34m: Email Account, [1;34mfield[0m[34m: signature, [1;34msql[0m[34m: DEFINE FIELD OVERWRITE `signature` ON TABLE `tabEmail_Account` TYPE option<string> PERMISSIONS FULL;[0m
    [2;3mat[0m crates\spotledger-db\src\schema.rs:741

  [2m2026-04-19T18:15:52.954972Z[0m [34mDEBUG[0m [1;34mspotledger_db::schema[0m[34m: [34msync_user: field DDL ok, [1;34mdoctype[0m[34m: Email Account, [1;34mfield[0m[34m: signature[0m
    [2;3mat[0m crates\spotledger-db\src\schema.rs:746

  [2m2026-04-19T18:15:52.955381Z[0m [34mDEBUG[0m [1;34mspotledger_db::schema[0m[34m: [34msync_user: executing field DDL, [1;34mdoctype[0m[34m: Email Account, [1;34mfield[0m[34m: enable_auto_reply, [1;34msql[0m[34m: DEFINE FIELD OVERWRITE `enable_auto_reply` ON TABLE `tabEmail_Account` TYPE none | int PERMISSIONS FULL DEFAULT 0;[0m
    [2;3mat[0m crates\spotledger-db\src\schema.rs:741

  [2m2026-04-19T18:15:52.958786Z[0m [34mDEBUG[0m [1;34mspotledger_db::schema[0m[34m: [34msync_user: field DDL ok, [1;34mdoctype[0m[34m: Email Account, [1;34mfield[0m[34m: enable_auto_reply[0m
    [2;3mat[0m crates\spotledger-db\src\schema.rs:746

  [2m2026-04-19T18:15:52.959370Z[0m [34mDEBUG[0m [1;34mspotledger_db::schema[0m[34m: [34msync_user: executing field DDL, [1;34mdoctype[0m[34m: Email Account, [1;34mfield[0m[34m: auto_reply_message, [1;34msql[0m[34m: DEFINE FIELD OVERWRITE `auto_reply_message` ON TABLE `tabEmail_Account` TYPE option<string> PERMISSIONS FULL;[0m
    [2;3mat[0m crates\spotledger-db\src\schema.rs:741

  [2m2026-04-19T18:15:52.964009Z[0m [34mDEBUG[0m [1;34mspotledger_db::schema[0m[34m: [34msync_user: field DDL ok, [1;34mdoctype[0m[34m: Email Account, [1;34mfield[0m[34m: auto_reply_message[0m
    [2;3mat[0m crates\spotledger-db\src\schema.rs:746

  [2m2026-04-19T18:15:52.964528Z[0m [34mDEBUG[0m [1;34mspotledger_db::schema[0m[34m: [34msync_user: executing field DDL, [1;34mdoctype[0m[34m: Email Account, [1;34mfield[0m[34m: auth_method, [1;34msql[0m[34m: DEFINE FIELD OVERWRITE `auth_method` ON TABLE `tabEmail_Account` TYPE option<string> PERMISSIONS FULL;[0m
    [2;3mat[0m crates\spotledger-db\src\schema.rs:741

  [2m2026-04-19T18:15:52.968026Z[0m [34mDEBUG[0m [1;34mspotledger_db::schema[0m[34m: [34msync_user: field DDL ok, [1;34mdoctype[0m[34m: Email Account, [1;34mfield[0m[34m: auth_method[0m
    [2;3mat[0m crates\spotledger-db\src\schema.rs:746

  [2m2026-04-19T18:15:52.968550Z[0m [34mDEBUG[0m [1;34mspotledger_db::schema[0m[34m: [34msync_user: executing field DDL, [1;34mdoctype[0m[34m: Email Account, [1;34mfield[0m[34m: connected_app, [1;34msql[0m[34m: DEFINE FIELD OVERWRITE `connected_app` ON TABLE `tabEmail_Account` TYPE option<string> PERMISSIONS FULL;[0m
    [2;3mat[0m crates\spotledger-db\src\schema.rs:741

  [2m2026-04-19T18:15:52.972451Z[0m [34mDEBUG[0m [1;34mspotledger_db::schema[0m[34m: [34msync_user: field DDL ok, [1;34mdoctype[0m[34m: Email Account, [1;34mfield[0m[34m: connected_app[0m
    [2;3mat[0m crates\spotledger-db\src\schema.rs:746

  [2m2026-04-19T18:15:52.973076Z[0m [34mDEBUG[0m [1;34mspotledger_db::schema[0m[34m: [34msync_user: executing field DDL, [1;34mdoctype[0m[34m: Email Account, [1;34mfield[0m[34m: connected_user, [1;34msql[0m[34m: DEFINE FIELD OVERWRITE `connected_user` ON TABLE `tabEmail_Account` TYPE option<string> PERMISSIONS FULL;[0m
    [2;3mat[0m crates\spotledger-db\src\schema.rs:741

  [2m2026-04-19T18:15:52.976316Z[0m [34mDEBUG[0m [1;34mspotledger_db::schema[0m[34m: [34msync_user: field DDL ok, [1;34mdoctype[0m[34m: Email Account, [1;34mfield[0m[34m: connected_user[0m
    [2;3mat[0m crates\spotledger-db\src\schema.rs:746

  [2m2026-04-19T18:15:52.979833Z[0m [34mDEBUG[0m [1;34mspotledger_db::schema[0m[34m: [34msync_user: schema synced, [1;34mdoctype[0m[34m: Email Account[0m
    [2;3mat[0m crates\spotledger-db\src\schema.rs:762

  [2m2026-04-19T18:15:53.018136Z[0m [34mDEBUG[0m [1;34mspotledger_db::schema[0m[34m: [34msync_user: fields loaded, [1;34mdoctype[0m[34m: Email Template, [1;34mfield_count[0m[34m: 4[0m
    [2;3mat[0m crates\spotledger-db\src\schema.rs:689

  [2m2026-04-19T18:15:53.018710Z[0m [34mDEBUG[0m [1;34mspotledger_db::schema[0m[34m: [34msync_user: executing field DDL, [1;34mdoctype[0m[34m: Email Template, [1;34mfield[0m[34m: subject, [1;34msql[0m[34m: DEFINE FIELD OVERWRITE `subject` ON TABLE `tabEmail_Template` TYPE option<string> PERMISSIONS FULL;[0m
    [2;3mat[0m crates\spotledger-db\src\schema.rs:741

  [2m2026-04-19T18:15:53.021748Z[0m [34mDEBUG[0m [1;34mspotledger_db::schema[0m[34m: [34msync_user: field DDL ok, [1;34mdoctype[0m[34m: Email Template, [1;34mfield[0m[34m: subject[0m
    [2;3mat[0m crates\spotledger-db\src\schema.rs:746

  [2m2026-04-19T18:15:53.022355Z[0m [34mDEBUG[0m [1;34mspotledger_db::schema[0m[34m: [34msync_user: executing field DDL, [1;34mdoctype[0m[34m: Email Template, [1;34mfield[0m[34m: response, [1;34msql[0m[34m: DEFINE FIELD OVERWRITE `response` ON TABLE `tabEmail_Template` TYPE option<string> PERMISSIONS FULL;[0m
    [2;3mat[0m crates\spotledger-db\src\schema.rs:741

  [2m2026-04-19T18:15:53.025902Z[0m [34mDEBUG[0m [1;34mspotledger_db::schema[0m[34m: [34msync_user: field DDL ok, [1;34mdoctype[0m[34m: Email Template, [1;34mfield[0m[34m: response[0m
    [2;3mat[0m crates\spotledger-db\src\schema.rs:746

  [2m2026-04-19T18:15:53.026300Z[0m [34mDEBUG[0m [1;34mspotledger_db::schema[0m[34m: [34msync_user: executing field DDL, [1;34mdoctype[0m[34m: Email Template, [1;34mfield[0m[34m: use_html, [1;34msql[0m[34m: DEFINE FIELD OVERWRITE `use_html` ON TABLE `tabEmail_Template` TYPE none | int PERMISSIONS FULL DEFAULT 0;[0m
    [2;3mat[0m crates\spotledger-db\src\schema.rs:741

  [2m2026-04-19T18:15:53.030494Z[0m [34mDEBUG[0m [1;34mspotledger_db::schema[0m[34m: [34msync_user: field DDL ok, [1;34mdoctype[0m[34m: Email Template, [1;34mfield[0m[34m: use_html[0m
    [2;3mat[0m crates\spotledger-db\src\schema.rs:746

  [2m2026-04-19T18:15:53.031195Z[0m [34mDEBUG[0m [1;34mspotledger_db::schema[0m[34m: [34msync_user: executing field DDL, [1;34mdoctype[0m[34m: Email Template, [1;34mfield[0m[34m: response_html, [1;34msql[0m[34m: DEFINE FIELD OVERWRITE `response_html` ON TABLE `tabEmail_Template` TYPE option<string> PERMISSIONS FULL;[0m
    [2;3mat[0m crates\spotledger-db\src\schema.rs:741

  [2m2026-04-19T18:15:53.034623Z[0m [34mDEBUG[0m [1;34mspotledger_db::schema[0m[34m: [34msync_user: field DDL ok, [1;34mdoctype[0m[34m: Email Template, [1;34mfield[0m[34m: response_html[0m
    [2;3mat[0m crates\spotledger-db\src\schema.rs:746

  [2m2026-04-19T18:15:53.037713Z[0m [34mDEBUG[0m [1;34mspotledger_db::schema[0m[34m: [34msync_user: schema synced, [1;34mdoctype[0m[34m: Email Template[0m
    [2;3mat[0m crates\spotledger-db\src\schema.rs:762

  [2m2026-04-19T18:15:53.078904Z[0m [34mDEBUG[0m [1;34mspotledger_db::schema[0m[34m: [34msync_user: fields loaded, [1;34mdoctype[0m[34m: Event, [1;34mfield_count[0m[34m: 25[0m
    [2;3mat[0m crates\spotledger-db\src\schema.rs:689

  [2m2026-04-19T18:15:53.079938Z[0m [34mDEBUG[0m [1;34mspotledger_db::schema[0m[34m: [34msync_user: executing field DDL, [1;34mdoctype[0m[34m: Event, [1;34mfield[0m[34m: subject, [1;34msql[0m[34m: DEFINE FIELD OVERWRITE `subject` ON TABLE `tabEvent` TYPE option<string> PERMISSIONS FULL;[0m
    [2;3mat[0m crates\spotledger-db\src\schema.rs:741

  [2m2026-04-19T18:15:53.083747Z[0m [34mDEBUG[0m [1;34mspotledger_db::schema[0m[34m: [34msync_user: field DDL ok, [1;34mdoctype[0m[34m: Event, [1;34mfield[0m[34m: subject[0m
    [2;3mat[0m crates\spotledger-db\src\schema.rs:746

  [2m2026-04-19T18:15:53.084246Z[0m [34mDEBUG[0m [1;34mspotledger_db::schema[0m[34m: [34msync_user: executing field DDL, [1;34mdoctype[0m[34m: Event, [1;34mfield[0m[34m: event_category, [1;34msql[0m[34m: DEFINE FIELD OVERWRITE `event_category` ON TABLE `tabEvent` TYPE option<string> PERMISSIONS FULL;[0m
    [2;3mat[0m crates\spotledger-db\src\schema.rs:741

  [2m2026-04-19T18:15:53.087948Z[0m [34mDEBUG[0m [1;34mspotledger_db::schema[0m[34m: [34msync_user: field DDL ok, [1;34mdoctype[0m[34m: Event, [1;34mfield[0m[34m: event_category[0m
    [2;3mat[0m crates\spotledger-db\src\schema.rs:746

  [2m2026-04-19T18:15:53.088645Z[0m [34mDEBUG[0m [1;34mspotledger_db::schema[0m[34m: [34msync_user: executing field DDL, [1;34mdoctype[0m[34m: Event, [1;34mfield[0m[34m: event_type, [1;34msql[0m[34m: DEFINE FIELD OVERWRITE `event_type` ON TABLE `tabEvent` TYPE option<string> PERMISSIONS FULL;[0m
    [2;3mat[0m crates\spotledger-db\src\schema.rs:741

  [2m2026-04-19T18:15:53.092329Z[0m [34mDEBUG[0m [1;34mspotledger_db::schema[0m[34m: [34msync_user: field DDL ok, [1;34mdoctype[0m[34m: Event, [1;34mfield[0m[34m: event_type[0m
    [2;3mat[0m crates\spotledger-db\src\schema.rs:746

  [2m2026-04-19T18:15:53.092696Z[0m [34mDEBUG[0m [1;34mspotledger_db::schema[0m[34m: [34msync_user: executing field DDL, [1;34mdoctype[0m[34m: Event, [1;34mfield[0m[34m: starts_on, [1;34msql[0m[34m: DEFINE FIELD OVERWRITE `starts_on` ON TABLE `tabEvent` TYPE option<datetime> PERMISSIONS FULL;[0m
    [2;3mat[0m crates\spotledger-db\src\schema.rs:741

  [2m2026-04-19T18:15:53.097433Z[0m [34mDEBUG[0m [1;34mspotledger_db::schema[0m[34m: [34msync_user: field DDL ok, [1;34mdoctype[0m[34m: Event, [1;34mfield[0m[34m: starts_on[0m
    [2;3mat[0m crates\spotledger-db\src\schema.rs:746

  [2m2026-04-19T18:15:53.097920Z[0m [34mDEBUG[0m [1;34mspotledger_db::schema[0m[34m: [34msync_user: executing field DDL, [1;34mdoctype[0m[34m: Event, [1;34mfield[0m[34m: ends_on, [1;34msql[0m[34m: DEFINE FIELD OVERWRITE `ends_on` ON TABLE `tabEvent` TYPE option<datetime> PERMISSIONS FULL;[0m
    [2;3mat[0m crates\spotledger-db\src\schema.rs:741

  [2m2026-04-19T18:15:53.101059Z[0m [34mDEBUG[0m [1;34mspotledger_db::schema[0m[34m: [34msync_user: field DDL ok, [1;34mdoctype[0m[34m: Event, [1;34mfield[0m[34m: ends_on[0m
    [2;3mat[0m crates\spotledger-db\src\schema.rs:746

  [2m2026-04-19T18:15:53.101581Z[0m [34mDEBUG[0m [1;34mspotledger_db::schema[0m[34m: [34msync_user: executing field DDL, [1;34mdoctype[0m[34m: Event, [1;34mfield[0m[34m: all_day, [1;34msql[0m[34m: DEFINE FIELD OVERWRITE `all_day` ON TABLE `tabEvent` TYPE none | int PERMISSIONS FULL DEFAULT 0;[0m
    [2;3mat[0m crates\spotledger-db\src\schema.rs:741

  [2m2026-04-19T18:15:53.104718Z[0m [34mDEBUG[0m [1;34mspotledger_db::schema[0m[34m: [34msync_user: field DDL ok, [1;34mdoctype[0m[34m: Event, [1;34mfield[0m[34m: all_day[0m
    [2;3mat[0m crates\spotledger-db\src\schema.rs:746

  [2m2026-04-19T18:15:53.105223Z[0m [34mDEBUG[0m [1;34mspotledger_db::schema[0m[34m: [34msync_user: executing field DDL, [1;34mdoctype[0m[34m: Event, [1;34mfield[0m[34m: color, [1;34msql[0m[34m: DEFINE FIELD OVERWRITE `color` ON TABLE `tabEvent` TYPE option<string> PERMISSIONS FULL;[0m
    [2;3mat[0m crates\spotledger-db\src\schema.rs:741

  [2m2026-04-19T18:15:53.108677Z[0m [34mDEBUG[0m [1;34mspotledger_db::schema[0m[34m: [34msync_user: field DDL ok, [1;34mdoctype[0m[34m: Event, [1;34mfield[0m[34m: color[0m
    [2;3mat[0m crates\spotledger-db\src\schema.rs:746

  [2m2026-04-19T18:15:53.109086Z[0m [34mDEBUG[0m [1;34mspotledger_db::schema[0m[34m: [34msync_user: executing field DDL, [1;34mdoctype[0m[34m: Event, [1;34mfield[0m[34m: description, [1;34msql[0m[34m: DEFINE FIELD OVERWRITE `description` ON TABLE `tabEvent` TYPE option<string> PERMISSIONS FULL;[0m
    [2;3mat[0m crates\spotledger-db\src\schema.rs:741

  [2m2026-04-19T18:15:53.113472Z[0m [34mDEBUG[0m [1;34mspotledger_db::schema[0m[34m: [34msync_user: field DDL ok, [1;34mdoctype[0m[34m: Event, [1;34mfield[0m[34m: description[0m
    [2;3mat[0m crates\spotledger-db\src\schema.rs:746

  [2m2026-04-19T18:15:53.114016Z[0m [34mDEBUG[0m [1;34mspotledger_db::schema[0m[34m: [34msync_user: executing field DDL, [1;34mdoctype[0m[34m: Event, [1;34mfield[0m[34m: send_reminder, [1;34msql[0m[34m: DEFINE FIELD OVERWRITE `send_reminder` ON TABLE `tabEvent` TYPE none | int PERMISSIONS FULL DEFAULT 0;[0m
    [2;3mat[0m crates\spotledger-db\src\schema.rs:741

  [2m2026-04-19T18:15:53.117398Z[0m [34mDEBUG[0m [1;34mspotledger_db::schema[0m[34m: [34msync_user: field DDL ok, [1;34mdoctype[0m[34m: Event, [1;34mfield[0m[34m: send_reminder[0m
    [2;3mat[0m crates\spotledger-db\src\schema.rs:746

  [2m2026-04-19T18:15:53.117873Z[0m [34mDEBUG[0m [1;34mspotledger_db::schema[0m[34m: [34msync_user: executing field DDL, [1;34mdoctype[0m[34m: Event, [1;34mfield[0m[34m: status, [1;34msql[0m[34m: DEFINE FIELD OVERWRITE `status` ON TABLE `tabEvent` TYPE option<string> PERMISSIONS FULL;[0m
    [2;3mat[0m crates\spotledger-db\src\schema.rs:741

  [2m2026-04-19T18:15:53.120867Z[0m [34mDEBUG[0m [1;34mspotledger_db::schema[0m[34m: [34msync_user: field DDL ok, [1;34mdoctype[0m[34m: Event, [1;34mfield[0m[34m: status[0m
    [2;3mat[0m crates\spotledger-db\src\schema.rs:746

  [2m2026-04-19T18:15:53.121281Z[0m [34mDEBUG[0m [1;34mspotledger_db::schema[0m[34m: [34msync_user: executing field DDL, [1;34mdoctype[0m[34m: Event, [1;34mfield[0m[34m: repeat_this_event, [1;34msql[0m[34m: DEFINE FIELD OVERWRITE `repeat_this_event` ON TABLE `tabEvent` TYPE none | int PERMISSIONS FULL DEFAULT 0;[0m
    [2;3mat[0m crates\spotledger-db\src\schema.rs:741

  [2m2026-04-19T18:15:53.124489Z[0m [34mDEBUG[0m [1;34mspotledger_db::schema[0m[34m: [34msync_user: field DDL ok, [1;34mdoctype[0m[34m: Event, [1;34mfield[0m[34m: repeat_this_event[0m
    [2;3mat[0m crates\spotledger-db\src\schema.rs:746

  [2m2026-04-19T18:15:53.125053Z[0m [34mDEBUG[0m [1;34mspotledger_db::schema[0m[34m: [34msync_user: executing field DDL, [1;34mdoctype[0m[34m: Event, [1;34mfield[0m[34m: repeat_on, [1;34msql[0m[34m: DEFINE FIELD OVERWRITE `repeat_on` ON TABLE `tabEvent` TYPE option<string> PERMISSIONS FULL;[0m
    [2;3mat[0m crates\spotledger-db\src\schema.rs:741

  [2m2026-04-19T18:15:53.128577Z[0m [34mDEBUG[0m [1;34mspotledger_db::schema[0m[34m: [34msync_user: field DDL ok, [1;34mdoctype[0m[34m: Event, [1;34mfield[0m[34m: repeat_on[0m
    [2;3mat[0m crates\spotledger-db\src\schema.rs:746

  [2m2026-04-19T18:15:53.129135Z[0m [34mDEBUG[0m [1;34mspotledger_db::schema[0m[34m: [34msync_user: executing field DDL, [1;34mdoctype[0m[34m: Event, [1;34mfield[0m[34m: repeat_till, [1;34msql[0m[34m: DEFINE FIELD OVERWRITE `repeat_till` ON TABLE `tabEvent` TYPE option<string> PERMISSIONS FULL;[0m
    [2;3mat[0m crates\spotledger-db\src\schema.rs:741

  [2m2026-04-19T18:15:53.132610Z[0m [34mDEBUG[0m [1;34mspotledger_db::schema[0m[34m: [34msync_user: field DDL ok, [1;34mdoctype[0m[34m: Event, [1;34mfield[0m[34m: repeat_till[0m
    [2;3mat[0m crates\spotledger-db\src\schema.rs:746

  [2m2026-04-19T18:15:53.133161Z[0m [34mDEBUG[0m [1;34mspotledger_db::schema[0m[34m: [34msync_user: executing field DDL, [1;34mdoctype[0m[34m: Event, [1;34mfield[0m[34m: monday, [1;34msql[0m[34m: DEFINE FIELD OVERWRITE `monday` ON TABLE `tabEvent` TYPE none | int PERMISSIONS FULL DEFAULT 0;[0m
    [2;3mat[0m crates\spotledger-db\src\schema.rs:741

  [2m2026-04-19T18:15:53.136643Z[0m [34mDEBUG[0m [1;34mspotledger_db::schema[0m[34m: [34msync_user: field DDL ok, [1;34mdoctype[0m[34m: Event, [1;34mfield[0m[34m: monday[0m
    [2;3mat[0m crates\spotledger-db\src\schema.rs:746

  [2m2026-04-19T18:15:53.137273Z[0m [34mDEBUG[0m [1;34mspotledger_db::schema[0m[34m: [34msync_user: executing field DDL, [1;34mdoctype[0m[34m: Event, [1;34mfield[0m[34m: tuesday, [1;34msql[0m[34m: DEFINE FIELD OVERWRITE `tuesday` ON TABLE `tabEvent` TYPE none | int PERMISSIONS FULL DEFAULT 0;[0m
    [2;3mat[0m crates\spotledger-db\src\schema.rs:741

  [2m2026-04-19T18:15:53.140459Z[0m [34mDEBUG[0m [1;34mspotledger_db::schema[0m[34m: [34msync_user: field DDL ok, [1;34mdoctype[0m[34m: Event, [1;34mfield[0m[34m: tuesday[0m
    [2;3mat[0m crates\spotledger-db\src\schema.rs:746

  [2m2026-04-19T18:15:53.140990Z[0m [34mDEBUG[0m [1;34mspotledger_db::schema[0m[34m: [34msync_user: executing field DDL, [1;34mdoctype[0m[34m: Event, [1;34mfield[0m[34m: wednesday, [1;34msql[0m[34m: DEFINE FIELD OVERWRITE `wednesday` ON TABLE `tabEvent` TYPE none | int PERMISSIONS FULL DEFAULT 0;[0m
    [2;3mat[0m crates\spotledger-db\src\schema.rs:741

  [2m2026-04-19T18:15:53.144892Z[0m [34mDEBUG[0m [1;34mspotledger_db::schema[0m[34m: [34msync_user: field DDL ok, [1;34mdoctype[0m[34m: Event, [1;34mfield[0m[34m: wednesday[0m
    [2;3mat[0m crates\spotledger-db\src\schema.rs:746

  [2m2026-04-19T18:15:53.145535Z[0m [34mDEBUG[0m [1;34mspotledger_db::schema[0m[34m: [34msync_user: executing field DDL, [1;34mdoctype[0m[34m: Event, [1;34mfield[0m[34m: thursday, [1;34msql[0m[34m: DEFINE FIELD OVERWRITE `thursday` ON TABLE `tabEvent` TYPE none | int PERMISSIONS FULL DEFAULT 0;[0m
    [2;3mat[0m crates\spotledger-db\src\schema.rs:741

  [2m2026-04-19T18:15:53.149012Z[0m [34mDEBUG[0m [1;34mspotledger_db::schema[0m[34m: [34msync_user: field DDL ok, [1;34mdoctype[0m[34m: Event, [1;34mfield[0m[34m: thursday[0m
    [2;3mat[0m crates\spotledger-db\src\schema.rs:746

  [2m2026-04-19T18:15:53.149435Z[0m [34mDEBUG[0m [1;34mspotledger_db::schema[0m[34m: [34msync_user: executing field DDL, [1;34mdoctype[0m[34m: Event, [1;34mfield[0m[34m: friday, [1;34msql[0m[34m: DEFINE FIELD OVERWRITE `friday` ON TABLE `tabEvent` TYPE none | int PERMISSIONS FULL DEFAULT 0;[0m
    [2;3mat[0m crates\spotledger-db\src\schema.rs:741

  [2m2026-04-19T18:15:53.152919Z[0m [34mDEBUG[0m [1;34mspotledger_db::schema[0m[34m: [34msync_user: field DDL ok, [1;34mdoctype[0m[34m: Event, [1;34mfield[0m[34m: friday[0m
    [2;3mat[0m crates\spotledger-db\src\schema.rs:746

  [2m2026-04-19T18:15:53.153410Z[0m [34mDEBUG[0m [1;34mspotledger_db::schema[0m[34m: [34msync_user: executing field DDL, [1;34mdoctype[0m[34m: Event, [1;34mfield[0m[34m: saturday, [1;34msql[0m[34m: DEFINE FIELD OVERWRITE `saturday` ON TABLE `tabEvent` TYPE none | int PERMISSIONS FULL DEFAULT 0;[0m
    [2;3mat[0m crates\spotledger-db\src\schema.rs:741

  [2m2026-04-19T18:15:53.156552Z[0m [34mDEBUG[0m [1;34mspotledger_db::schema[0m[34m: [34msync_user: field DDL ok, [1;34mdoctype[0m[34m: Event, [1;34mfield[0m[34m: saturday[0m
    [2;3mat[0m crates\spotledger-db\src\schema.rs:746

  [2m2026-04-19T18:15:53.156964Z[0m [34mDEBUG[0m [1;34mspotledger_db::schema[0m[34m: [34msync_user: executing field DDL, [1;34mdoctype[0m[34m: Event, [1;34mfield[0m[34m: sunday, [1;34msql[0m[34m: DEFINE FIELD OVERWRITE `sunday` ON TABLE `tabEvent` TYPE none | int PERMISSIONS FULL DEFAULT 0;[0m
    [2;3mat[0m crates\spotledger-db\src\schema.rs:741

  [2m2026-04-19T18:15:53.161421Z[0m [34mDEBUG[0m [1;34mspotledger_db::schema[0m[34m: [34msync_user: field DDL ok, [1;34mdoctype[0m[34m: Event, [1;34mfield[0m[34m: sunday[0m
    [2;3mat[0m crates\spotledger-db\src\schema.rs:746

  [2m2026-04-19T18:15:53.162364Z[0m [34mDEBUG[0m [1;34mspotledger_db::schema[0m[34m: [34msync_user: executing field DDL, [1;34mdoctype[0m[34m: Event, [1;34mfield[0m[34m: event_participants, [1;34msql[0m[34m: DEFINE FIELD OVERWRITE `event_participants` ON TABLE `tabEvent` TYPE array<any> PERMISSIONS FULL;[0m
    [2;3mat[0m crates\spotledger-db\src\schema.rs:741

  [2m2026-04-19T18:15:53.165879Z[0m [34mDEBUG[0m [1;34mspotledger_db::schema[0m[34m: [34msync_user: field DDL ok, [1;34mdoctype[0m[34m: Event, [1;34mfield[0m[34m: event_participants[0m
    [2;3mat[0m crates\spotledger-db\src\schema.rs:746

  [2m2026-04-19T18:15:53.166310Z[0m [34mDEBUG[0m [1;34mspotledger_db::schema[0m[34m: [34msync_user: executing field DDL, [1;34mdoctype[0m[34m: Event, [1;34mfield[0m[34m: sync_with_google_calendar, [1;34msql[0m[34m: DEFINE FIELD OVERWRITE `sync_with_google_calendar` ON TABLE `tabEvent` TYPE none | int PERMISSIONS FULL DEFAULT 0;[0m
    [2;3mat[0m crates\spotledger-db\src\schema.rs:741

  [2m2026-04-19T18:15:53.169997Z[0m [34mDEBUG[0m [1;34mspotledger_db::schema[0m[34m: [34msync_user: field DDL ok, [1;34mdoctype[0m[34m: Event, [1;34mfield[0m[34m: sync_with_google_calendar[0m
    [2;3mat[0m crates\spotledger-db\src\schema.rs:746

  [2m2026-04-19T18:15:53.170472Z[0m [34mDEBUG[0m [1;34mspotledger_db::schema[0m[34m: [34msync_user: executing field DDL, [1;34mdoctype[0m[34m: Event, [1;34mfield[0m[34m: google_calendar, [1;34msql[0m[34m: DEFINE FIELD OVERWRITE `google_calendar` ON TABLE `tabEvent` TYPE option<string> PERMISSIONS FULL;[0m
    [2;3mat[0m crates\spotledger-db\src\schema.rs:741

  [2m2026-04-19T18:15:53.173847Z[0m [34mDEBUG[0m [1;34mspotledger_db::schema[0m[34m: [34msync_user: field DDL ok, [1;34mdoctype[0m[34m: Event, [1;34mfield[0m[34m: google_calendar[0m
    [2;3mat[0m crates\spotledger-db\src\schema.rs:746

  [2m2026-04-19T18:15:53.174406Z[0m [34mDEBUG[0m [1;34mspotledger_db::schema[0m[34m: [34msync_user: executing field DDL, [1;34mdoctype[0m[34m: Event, [1;34mfield[0m[34m: reference_doctype, [1;34msql[0m[34m: DEFINE FIELD OVERWRITE `reference_doctype` ON TABLE `tabEvent` TYPE option<string> PERMISSIONS FULL;[0m
    [2;3mat[0m crates\spotledger-db\src\schema.rs:741

  [2m2026-04-19T18:15:53.178379Z[0m [34mDEBUG[0m [1;34mspotledger_db::schema[0m[34m: [34msync_user: field DDL ok, [1;34mdoctype[0m[34m: Event, [1;34mfield[0m[34m: reference_doctype[0m
    [2;3mat[0m crates\spotledger-db\src\schema.rs:746

  [2m2026-04-19T18:15:53.179088Z[0m [34mDEBUG[0m [1;34mspotledger_db::schema[0m[34m: [34msync_user: executing field DDL, [1;34mdoctype[0m[34m: Event, [1;34mfield[0m[34m: reference_docname, [1;34msql[0m[34m: DEFINE FIELD OVERWRITE `reference_docname` ON TABLE `tabEvent` TYPE option<string> PERMISSIONS FULL;[0m
    [2;3mat[0m crates\spotledger-db\src\schema.rs:741

  [2m2026-04-19T18:15:53.183081Z[0m [34mDEBUG[0m [1;34mspotledger_db::schema[0m[34m: [34msync_user: field DDL ok, [1;34mdoctype[0m[34m: Event, [1;34mfield[0m[34m: reference_docname[0m
    [2;3mat[0m crates\spotledger-db\src\schema.rs:746

  [2m2026-04-19T18:15:53.186045Z[0m [34mDEBUG[0m [1;34mspotledger_db::schema[0m[34m: [34msync_user: schema synced, [1;34mdoctype[0m[34m: Event[0m
    [2;3mat[0m crates\spotledger-db\src\schema.rs:762

  [2m2026-04-19T18:15:53.218308Z[0m [34mDEBUG[0m [1;34mspotledger_db::schema[0m[34m: [34msync_user: fields loaded, [1;34mdoctype[0m[34m: Gender, [1;34mfield_count[0m[34m: 1[0m
    [2;3mat[0m crates\spotledger-db\src\schema.rs:689

  [2m2026-04-19T18:15:53.218982Z[0m [34mDEBUG[0m [1;34mspotledger_db::schema[0m[34m: [34msync_user: executing field DDL, [1;34mdoctype[0m[34m: Gender, [1;34mfield[0m[34m: gender, [1;34msql[0m[34m: DEFINE FIELD OVERWRITE `gender` ON TABLE `tabGender` TYPE option<string> PERMISSIONS FULL;[0m
    [2;3mat[0m crates\spotledger-db\src\schema.rs:741

  [2m2026-04-19T18:15:53.222463Z[0m [34mDEBUG[0m [1;34mspotledger_db::schema[0m[34m: [34msync_user: field DDL ok, [1;34mdoctype[0m[34m: Gender, [1;34mfield[0m[34m: gender[0m
    [2;3mat[0m crates\spotledger-db\src\schema.rs:746

  [2m2026-04-19T18:15:53.225335Z[0m [34mDEBUG[0m [1;34mspotledger_db::schema[0m[34m: [34msync_user: schema synced, [1;34mdoctype[0m[34m: Gender[0m
    [2;3mat[0m crates\spotledger-db\src\schema.rs:762

  [2m2026-04-19T18:15:53.257127Z[0m [34mDEBUG[0m [1;34mspotledger_db::schema[0m[34m: [34msync_user: fields loaded, [1;34mdoctype[0m[34m: Global Defaults, [1;34mfield_count[0m[34m: 11[0m
    [2;3mat[0m crates\spotledger-db\src\schema.rs:689

  [2m2026-04-19T18:15:53.257620Z[0m [34mDEBUG[0m [1;34mspotledger_db::schema[0m[34m: [34msync_user: executing field DDL, [1;34mdoctype[0m[34m: Global Defaults, [1;34mfield[0m[34m: default_company, [1;34msql[0m[34m: DEFINE FIELD OVERWRITE `default_company` ON TABLE `tabGlobal_Defaults` TYPE option<string> PERMISSIONS FULL;[0m
    [2;3mat[0m crates\spotledger-db\src\schema.rs:741

  [2m2026-04-19T18:15:53.261488Z[0m [34mDEBUG[0m [1;34mspotledger_db::schema[0m[34m: [34msync_user: field DDL ok, [1;34mdoctype[0m[34m: Global Defaults, [1;34mfield[0m[34m: default_company[0m
    [2;3mat[0m crates\spotledger-db\src\schema.rs:746

  [2m2026-04-19T18:15:53.261999Z[0m [34mDEBUG[0m [1;34mspotledger_db::schema[0m[34m: [34msync_user: executing field DDL, [1;34mdoctype[0m[34m: Global Defaults, [1;34mfield[0m[34m: current_fiscal_year, [1;34msql[0m[34m: DEFINE FIELD OVERWRITE `current_fiscal_year` ON TABLE `tabGlobal_Defaults` TYPE option<string> PERMISSIONS FULL;[0m
    [2;3mat[0m crates\spotledger-db\src\schema.rs:741

  [2m2026-04-19T18:15:53.265595Z[0m [34mDEBUG[0m [1;34mspotledger_db::schema[0m[34m: [34msync_user: field DDL ok, [1;34mdoctype[0m[34m: Global Defaults, [1;34mfield[0m[34m: current_fiscal_year[0m
    [2;3mat[0m crates\spotledger-db\src\schema.rs:746

  [2m2026-04-19T18:15:53.266087Z[0m [34mDEBUG[0m [1;34mspotledger_db::schema[0m[34m: [34msync_user: executing field DDL, [1;34mdoctype[0m[34m: Global Defaults, [1;34mfield[0m[34m: default_currency, [1;34msql[0m[34m: DEFINE FIELD OVERWRITE `default_currency` ON TABLE `tabGlobal_Defaults` TYPE option<string> PERMISSIONS FULL;[0m
    [2;3mat[0m crates\spotledger-db\src\schema.rs:741

  [2m2026-04-19T18:15:53.269346Z[0m [34mDEBUG[0m [1;34mspotledger_db::schema[0m[34m: [34msync_user: field DDL ok, [1;34mdoctype[0m[34m: Global Defaults, [1;34mfield[0m[34m: default_currency[0m
    [2;3mat[0m crates\spotledger-db\src\schema.rs:746

  [2m2026-04-19T18:15:53.269849Z[0m [34mDEBUG[0m [1;34mspotledger_db::schema[0m[34m: [34msync_user: executing field DDL, [1;34mdoctype[0m[34m: Global Defaults, [1;34mfield[0m[34m: disable_rounded_total, [1;34msql[0m[34m: DEFINE FIELD OVERWRITE `disable_rounded_total` ON TABLE `tabGlobal_Defaults` TYPE none | int PERMISSIONS FULL DEFAULT 0;[0m
    [2;3mat[0m crates\spotledger-db\src\schema.rs:741

  [2m2026-04-19T18:15:53.272798Z[0m [34mDEBUG[0m [1;34mspotledger_db::schema[0m[34m: [34msync_user: field DDL ok, [1;34mdoctype[0m[34m: Global Defaults, [1;34mfield[0m[34m: disable_rounded_total[0m
    [2;3mat[0m crates\spotledger-db\src\schema.rs:746

  [2m2026-04-19T18:15:53.273379Z[0m [34mDEBUG[0m [1;34mspotledger_db::schema[0m[34m: [34msync_user: executing field DDL, [1;34mdoctype[0m[34m: Global Defaults, [1;34mfield[0m[34m: disable_in_words, [1;34msql[0m[34m: DEFINE FIELD OVERWRITE `disable_in_words` ON TABLE `tabGlobal_Defaults` TYPE none | int PERMISSIONS FULL DEFAULT 0;[0m
    [2;3mat[0m crates\spotledger-db\src\schema.rs:741

  [2m2026-04-19T18:15:53.276657Z[0m [34mDEBUG[0m [1;34mspotledger_db::schema[0m[34m: [34msync_user: field DDL ok, [1;34mdoctype[0m[34m: Global Defaults, [1;34mfield[0m[34m: disable_in_words[0m
    [2;3mat[0m crates\spotledger-db\src\schema.rs:746

  [2m2026-04-19T18:15:53.277523Z[0m [34mDEBUG[0m [1;34mspotledger_db::schema[0m[34m: [34msync_user: executing field DDL, [1;34mdoctype[0m[34m: Global Defaults, [1;34mfield[0m[34m: hide_currency_symbol, [1;34msql[0m[34m: DEFINE FIELD OVERWRITE `hide_currency_symbol` ON TABLE `tabGlobal_Defaults` TYPE none | int PERMISSIONS FULL DEFAULT 0;[0m
    [2;3mat[0m crates\spotledger-db\src\schema.rs:741

  [2m2026-04-19T18:15:53.281602Z[0m [34mDEBUG[0m [1;34mspotledger_db::schema[0m[34m: [34msync_user: field DDL ok, [1;34mdoctype[0m[34m: Global Defaults, [1;34mfield[0m[34m: hide_currency_symbol[0m
    [2;3mat[0m crates\spotledger-db\src\schema.rs:746

  [2m2026-04-19T18:15:53.282017Z[0m [34mDEBUG[0m [1;34mspotledger_db::schema[0m[34m: [34msync_user: executing field DDL, [1;34mdoctype[0m[34m: Global Defaults, [1;34mfield[0m[34m: float_precision, [1;34msql[0m[34m: DEFINE FIELD OVERWRITE `float_precision` ON TABLE `tabGlobal_Defaults` TYPE option<string> PERMISSIONS FULL;[0m
    [2;3mat[0m crates\spotledger-db\src\schema.rs:741

  [2m2026-04-19T18:15:53.285752Z[0m [34mDEBUG[0m [1;34mspotledger_db::schema[0m[34m: [34msync_user: field DDL ok, [1;34mdoctype[0m[34m: Global Defaults, [1;34mfield[0m[34m: float_precision[0m
    [2;3mat[0m crates\spotledger-db\src\schema.rs:746

  [2m2026-04-19T18:15:53.286259Z[0m [34mDEBUG[0m [1;34mspotledger_db::schema[0m[34m: [34msync_user: executing field DDL, [1;34mdoctype[0m[34m: Global Defaults, [1;34mfield[0m[34m: currency_precision, [1;34msql[0m[34m: DEFINE FIELD OVERWRITE `currency_precision` ON TABLE `tabGlobal_Defaults` TYPE option<string> PERMISSIONS FULL;[0m
    [2;3mat[0m crates\spotledger-db\src\schema.rs:741

  [2m2026-04-19T18:15:53.289591Z[0m [34mDEBUG[0m [1;34mspotledger_db::schema[0m[34m: [34msync_user: field DDL ok, [1;34mdoctype[0m[34m: Global Defaults, [1;34mfield[0m[34m: currency_precision[0m
    [2;3mat[0m crates\spotledger-db\src\schema.rs:746

  [2m2026-04-19T18:15:53.290017Z[0m [34mDEBUG[0m [1;34mspotledger_db::schema[0m[34m: [34msync_user: executing field DDL, [1;34mdoctype[0m[34m: Global Defaults, [1;34mfield[0m[34m: date_format, [1;34msql[0m[34m: DEFINE FIELD OVERWRITE `date_format` ON TABLE `tabGlobal_Defaults` TYPE option<string> PERMISSIONS FULL;[0m
    [2;3mat[0m crates\spotledger-db\src\schema.rs:741

  [2m2026-04-19T18:15:53.292812Z[0m [34mDEBUG[0m [1;34mspotledger_db::schema[0m[34m: [34msync_user: field DDL ok, [1;34mdoctype[0m[34m: Global Defaults, [1;34mfield[0m[34m: date_format[0m
    [2;3mat[0m crates\spotledger-db\src\schema.rs:746

  [2m2026-04-19T18:15:53.293517Z[0m [34mDEBUG[0m [1;34mspotledger_db::schema[0m[34m: [34msync_user: executing field DDL, [1;34mdoctype[0m[34m: Global Defaults, [1;34mfield[0m[34m: time_format, [1;34msql[0m[34m: DEFINE FIELD OVERWRITE `time_format` ON TABLE `tabGlobal_Defaults` TYPE option<string> PERMISSIONS FULL;[0m
    [2;3mat[0m crates\spotledger-db\src\schema.rs:741

  [2m2026-04-19T18:15:53.297996Z[0m [34mDEBUG[0m [1;34mspotledger_db::schema[0m[34m: [34msync_user: field DDL ok, [1;34mdoctype[0m[34m: Global Defaults, [1;34mfield[0m[34m: time_format[0m
    [2;3mat[0m crates\spotledger-db\src\schema.rs:746

  [2m2026-04-19T18:15:53.298413Z[0m [34mDEBUG[0m [1;34mspotledger_db::schema[0m[34m: [34msync_user: executing field DDL, [1;34mdoctype[0m[34m: Global Defaults, [1;34mfield[0m[34m: country, [1;34msql[0m[34m: DEFINE FIELD OVERWRITE `country` ON TABLE `tabGlobal_Defaults` TYPE option<string> PERMISSIONS FULL;[0m
    [2;3mat[0m crates\spotledger-db\src\schema.rs:741

  [2m2026-04-19T18:15:53.301468Z[0m [34mDEBUG[0m [1;34mspotledger_db::schema[0m[34m: [34msync_user: field DDL ok, [1;34mdoctype[0m[34m: Global Defaults, [1;34mfield[0m[34m: country[0m
    [2;3mat[0m crates\spotledger-db\src\schema.rs:746

  [2m2026-04-19T18:15:53.304113Z[0m [34mDEBUG[0m [1;34mspotledger_db::schema[0m[34m: [34msync_user: schema synced, [1;34mdoctype[0m[34m: Global Defaults[0m
    [2;3mat[0m crates\spotledger-db\src\schema.rs:762

  [2m2026-04-19T18:15:53.337423Z[0m [34mDEBUG[0m [1;34mspotledger_db::schema[0m[34m: [34msync_user: fields loaded, [1;34mdoctype[0m[34m: Language, [1;34mfield_count[0m[34m: 9[0m
    [2;3mat[0m crates\spotledger-db\src\schema.rs:689

  [2m2026-04-19T18:15:53.337875Z[0m [34mDEBUG[0m [1;34mspotledger_db::schema[0m[34m: [34msync_user: executing field DDL, [1;34mdoctype[0m[34m: Language, [1;34mfield[0m[34m: language_code, [1;34msql[0m[34m: DEFINE FIELD OVERWRITE `language_code` ON TABLE `tabLanguage` TYPE option<string> PERMISSIONS FULL;[0m
    [2;3mat[0m crates\spotledger-db\src\schema.rs:741

  [2m2026-04-19T18:15:53.341622Z[0m [34mDEBUG[0m [1;34mspotledger_db::schema[0m[34m: [34msync_user: field DDL ok, [1;34mdoctype[0m[34m: Language, [1;34mfield[0m[34m: language_code[0m
    [2;3mat[0m crates\spotledger-db\src\schema.rs:746

  [2m2026-04-19T18:15:53.342362Z[0m [34mDEBUG[0m [1;34mspotledger_db::schema[0m[34m: [34msync_user: executing field DDL, [1;34mdoctype[0m[34m: Language, [1;34mfield[0m[34m: language_name, [1;34msql[0m[34m: DEFINE FIELD OVERWRITE `language_name` ON TABLE `tabLanguage` TYPE option<string> PERMISSIONS FULL;[0m
    [2;3mat[0m crates\spotledger-db\src\schema.rs:741

  [2m2026-04-19T18:15:53.346149Z[0m [34mDEBUG[0m [1;34mspotledger_db::schema[0m[34m: [34msync_user: field DDL ok, [1;34mdoctype[0m[34m: Language, [1;34mfield[0m[34m: language_name[0m
    [2;3mat[0m crates\spotledger-db\src\schema.rs:746

  [2m2026-04-19T18:15:53.346767Z[0m [34mDEBUG[0m [1;34mspotledger_db::schema[0m[34m: [34msync_user: executing field DDL, [1;34mdoctype[0m[34m: Language, [1;34mfield[0m[34m: flag, [1;34msql[0m[34m: DEFINE FIELD OVERWRITE `flag` ON TABLE `tabLanguage` TYPE option<string> PERMISSIONS FULL;[0m
    [2;3mat[0m crates\spotledger-db\src\schema.rs:741

  [2m2026-04-19T18:15:53.350333Z[0m [34mDEBUG[0m [1;34mspotledger_db::schema[0m[34m: [34msync_user: field DDL ok, [1;34mdoctype[0m[34m: Language, [1;34mfield[0m[34m: flag[0m
    [2;3mat[0m crates\spotledger-db\src\schema.rs:746

  [2m2026-04-19T18:15:53.350788Z[0m [34mDEBUG[0m [1;34mspotledger_db::schema[0m[34m: [34msync_user: executing field DDL, [1;34mdoctype[0m[34m: Language, [1;34mfield[0m[34m: based_on, [1;34msql[0m[34m: DEFINE FIELD OVERWRITE `based_on` ON TABLE `tabLanguage` TYPE option<string> PERMISSIONS FULL;[0m
    [2;3mat[0m crates\spotledger-db\src\schema.rs:741

  [2m2026-04-19T18:15:53.354264Z[0m [34mDEBUG[0m [1;34mspotledger_db::schema[0m[34m: [34msync_user: field DDL ok, [1;34mdoctype[0m[34m: Language, [1;34mfield[0m[34m: based_on[0m
    [2;3mat[0m crates\spotledger-db\src\schema.rs:746

  [2m2026-04-19T18:15:53.354686Z[0m [34mDEBUG[0m [1;34mspotledger_db::schema[0m[34m: [34msync_user: executing field DDL, [1;34mdoctype[0m[34m: Language, [1;34mfield[0m[34m: enabled, [1;34msql[0m[34m: DEFINE FIELD OVERWRITE `enabled` ON TABLE `tabLanguage` TYPE none | int PERMISSIONS FULL DEFAULT 0;[0m
    [2;3mat[0m crates\spotledger-db\src\schema.rs:741

  [2m2026-04-19T18:15:53.357723Z[0m [34mDEBUG[0m [1;34mspotledger_db::schema[0m[34m: [34msync_user: field DDL ok, [1;34mdoctype[0m[34m: Language, [1;34mfield[0m[34m: enabled[0m
    [2;3mat[0m crates\spotledger-db\src\schema.rs:746

  [2m2026-04-19T18:15:53.358230Z[0m [34mDEBUG[0m [1;34mspotledger_db::schema[0m[34m: [34msync_user: executing field DDL, [1;34mdoctype[0m[34m: Language, [1;34mfield[0m[34m: date_format, [1;34msql[0m[34m: DEFINE FIELD OVERWRITE `date_format` ON TABLE `tabLanguage` TYPE option<string> PERMISSIONS FULL;[0m
    [2;3mat[0m crates\spotledger-db\src\schema.rs:741

  [2m2026-04-19T18:15:53.362880Z[0m [34mDEBUG[0m [1;34mspotledger_db::schema[0m[34m: [34msync_user: field DDL ok, [1;34mdoctype[0m[34m: Language, [1;34mfield[0m[34m: date_format[0m
    [2;3mat[0m crates\spotledger-db\src\schema.rs:746

  [2m2026-04-19T18:15:53.363324Z[0m [34mDEBUG[0m [1;34mspotledger_db::schema[0m[34m: [34msync_user: executing field DDL, [1;34mdoctype[0m[34m: Language, [1;34mfield[0m[34m: time_format, [1;34msql[0m[34m: DEFINE FIELD OVERWRITE `time_format` ON TABLE `tabLanguage` TYPE option<string> PERMISSIONS FULL;[0m
    [2;3mat[0m crates\spotledger-db\src\schema.rs:741

  [2m2026-04-19T18:15:53.366527Z[0m [34mDEBUG[0m [1;34mspotledger_db::schema[0m[34m: [34msync_user: field DDL ok, [1;34mdoctype[0m[34m: Language, [1;34mfield[0m[34m: time_format[0m
    [2;3mat[0m crates\spotledger-db\src\schema.rs:746

  [2m2026-04-19T18:15:53.366942Z[0m [34mDEBUG[0m [1;34mspotledger_db::schema[0m[34m: [34msync_user: executing field DDL, [1;34mdoctype[0m[34m: Language, [1;34mfield[0m[34m: number_format, [1;34msql[0m[34m: DEFINE FIELD OVERWRITE `number_format` ON TABLE `tabLanguage` TYPE option<string> PERMISSIONS FULL;[0m
    [2;3mat[0m crates\spotledger-db\src\schema.rs:741

  [2m2026-04-19T18:15:53.370542Z[0m [34mDEBUG[0m [1;34mspotledger_db::schema[0m[34m: [34msync_user: field DDL ok, [1;34mdoctype[0m[34m: Language, [1;34mfield[0m[34m: number_format[0m
    [2;3mat[0m crates\spotledger-db\src\schema.rs:746

  [2m2026-04-19T18:15:53.370963Z[0m [34mDEBUG[0m [1;34mspotledger_db::schema[0m[34m: [34msync_user: executing field DDL, [1;34mdoctype[0m[34m: Language, [1;34mfield[0m[34m: first_day_of_the_week, [1;34msql[0m[34m: DEFINE FIELD OVERWRITE `first_day_of_the_week` ON TABLE `tabLanguage` TYPE option<string> PERMISSIONS FULL;[0m
    [2;3mat[0m crates\spotledger-db\src\schema.rs:741

  [2m2026-04-19T18:15:53.374318Z[0m [34mDEBUG[0m [1;34mspotledger_db::schema[0m[34m: [34msync_user: field DDL ok, [1;34mdoctype[0m[34m: Language, [1;34mfield[0m[34m: first_day_of_the_week[0m
    [2;3mat[0m crates\spotledger-db\src\schema.rs:746

  [2m2026-04-19T18:15:53.379088Z[0m [34mDEBUG[0m [1;34mspotledger_db::schema[0m[34m: [34msync_user: schema synced, [1;34mdoctype[0m[34m: Language[0m
    [2;3mat[0m crates\spotledger-db\src\schema.rs:762

  [2m2026-04-19T18:15:53.412727Z[0m [34mDEBUG[0m [1;34mspotledger_db::schema[0m[34m: [34msync_user: fields loaded, [1;34mdoctype[0m[34m: Letter Head, [1;34mfield_count[0m[34m: 17[0m
    [2;3mat[0m crates\spotledger-db\src\schema.rs:689

  [2m2026-04-19T18:15:53.413295Z[0m [34mDEBUG[0m [1;34mspotledger_db::schema[0m[34m: [34msync_user: executing field DDL, [1;34mdoctype[0m[34m: Letter Head, [1;34mfield[0m[34m: letter_head_name, [1;34msql[0m[34m: DEFINE FIELD OVERWRITE `letter_head_name` ON TABLE `tabLetter_Head` TYPE option<string> PERMISSIONS FULL;[0m
    [2;3mat[0m crates\spotledger-db\src\schema.rs:741

  [2m2026-04-19T18:15:53.416470Z[0m [34mDEBUG[0m [1;34mspotledger_db::schema[0m[34m: [34msync_user: field DDL ok, [1;34mdoctype[0m[34m: Letter Head, [1;34mfield[0m[34m: letter_head_name[0m
    [2;3mat[0m crates\spotledger-db\src\schema.rs:746

  [2m2026-04-19T18:15:53.416979Z[0m [34mDEBUG[0m [1;34mspotledger_db::schema[0m[34m: [34msync_user: executing field DDL, [1;34mdoctype[0m[34m: Letter Head, [1;34mfield[0m[34m: source, [1;34msql[0m[34m: DEFINE FIELD OVERWRITE `source` ON TABLE `tabLetter_Head` TYPE option<string> PERMISSIONS FULL;[0m
    [2;3mat[0m crates\spotledger-db\src\schema.rs:741

  [2m2026-04-19T18:15:53.420707Z[0m [34mDEBUG[0m [1;34mspotledger_db::schema[0m[34m: [34msync_user: field DDL ok, [1;34mdoctype[0m[34m: Letter Head, [1;34mfield[0m[34m: source[0m
    [2;3mat[0m crates\spotledger-db\src\schema.rs:746

  [2m2026-04-19T18:15:53.421338Z[0m [34mDEBUG[0m [1;34mspotledger_db::schema[0m[34m: [34msync_user: executing field DDL, [1;34mdoctype[0m[34m: Letter Head, [1;34mfield[0m[34m: footer_source, [1;34msql[0m[34m: DEFINE FIELD OVERWRITE `footer_source` ON TABLE `tabLetter_Head` TYPE option<string> PERMISSIONS FULL;[0m
    [2;3mat[0m crates\spotledger-db\src\schema.rs:741

  [2m2026-04-19T18:15:53.425078Z[0m [34mDEBUG[0m [1;34mspotledger_db::schema[0m[34m: [34msync_user: field DDL ok, [1;34mdoctype[0m[34m: Letter Head, [1;34mfield[0m[34m: footer_source[0m
    [2;3mat[0m crates\spotledger-db\src\schema.rs:746

  [2m2026-04-19T18:15:53.425822Z[0m [34mDEBUG[0m [1;34mspotledger_db::schema[0m[34m: [34msync_user: executing field DDL, [1;34mdoctype[0m[34m: Letter Head, [1;34mfield[0m[34m: disabled, [1;34msql[0m[34m: DEFINE FIELD OVERWRITE `disabled` ON TABLE `tabLetter_Head` TYPE none | int PERMISSIONS FULL DEFAULT 0;[0m
    [2;3mat[0m crates\spotledger-db\src\schema.rs:741

  [2m2026-04-19T18:15:53.430074Z[0m [34mDEBUG[0m [1;34mspotledger_db::schema[0m[34m: [34msync_user: field DDL ok, [1;34mdoctype[0m[34m: Letter Head, [1;34mfield[0m[34m: disabled[0m
    [2;3mat[0m crates\spotledger-db\src\schema.rs:746

  [2m2026-04-19T18:15:53.430635Z[0m [34mDEBUG[0m [1;34mspotledger_db::schema[0m[34m: [34msync_user: executing field DDL, [1;34mdoctype[0m[34m: Letter Head, [1;34mfield[0m[34m: is_default, [1;34msql[0m[34m: DEFINE FIELD OVERWRITE `is_default` ON TABLE `tabLetter_Head` TYPE none | int PERMISSIONS FULL DEFAULT 0;[0m
    [2;3mat[0m crates\spotledger-db\src\schema.rs:741

  [2m2026-04-19T18:15:53.433713Z[0m [34mDEBUG[0m [1;34mspotledger_db::schema[0m[34m: [34msync_user: field DDL ok, [1;34mdoctype[0m[34m: Letter Head, [1;34mfield[0m[34m: is_default[0m
    [2;3mat[0m crates\spotledger-db\src\schema.rs:746

  [2m2026-04-19T18:15:53.434275Z[0m [34mDEBUG[0m [1;34mspotledger_db::schema[0m[34m: [34msync_user: executing field DDL, [1;34mdoctype[0m[34m: Letter Head, [1;34mfield[0m[34m: image, [1;34msql[0m[34m: DEFINE FIELD OVERWRITE `image` ON TABLE `tabLetter_Head` TYPE option<string> PERMISSIONS FULL;[0m
    [2;3mat[0m crates\spotledger-db\src\schema.rs:741

  [2m2026-04-19T18:15:53.437885Z[0m [34mDEBUG[0m [1;34mspotledger_db::schema[0m[34m: [34msync_user: field DDL ok, [1;34mdoctype[0m[34m: Letter Head, [1;34mfield[0m[34m: image[0m
    [2;3mat[0m crates\spotledger-db\src\schema.rs:746

  [2m2026-04-19T18:15:53.438350Z[0m [34mDEBUG[0m [1;34mspotledger_db::schema[0m[34m: [34msync_user: executing field DDL, [1;34mdoctype[0m[34m: Letter Head, [1;34mfield[0m[34m: image_height, [1;34msql[0m[34m: DEFINE FIELD OVERWRITE `image_height` ON TABLE `tabLetter_Head` TYPE float PERMISSIONS FULL;[0m
    [2;3mat[0m crates\spotledger-db\src\schema.rs:741

  [2m2026-04-19T18:15:53.441448Z[0m [34mDEBUG[0m [1;34mspotledger_db::schema[0m[34m: [34msync_user: field DDL ok, [1;34mdoctype[0m[34m: Letter Head, [1;34mfield[0m[34m: image_height[0m
    [2;3mat[0m crates\spotledger-db\src\schema.rs:746

  [2m2026-04-19T18:15:53.441916Z[0m [34mDEBUG[0m [1;34mspotledger_db::schema[0m[34m: [34msync_user: executing field DDL, [1;34mdoctype[0m[34m: Letter Head, [1;34mfield[0m[34m: image_width, [1;34msql[0m[34m: DEFINE FIELD OVERWRITE `image_width` ON TABLE `tabLetter_Head` TYPE float PERMISSIONS FULL;[0m
    [2;3mat[0m crates\spotledger-db\src\schema.rs:741

  [2m2026-04-19T18:15:53.446175Z[0m [34mDEBUG[0m [1;34mspotledger_db::schema[0m[34m: [34msync_user: field DDL ok, [1;34mdoctype[0m[34m: Letter Head, [1;34mfield[0m[34m: image_width[0m
    [2;3mat[0m crates\spotledger-db\src\schema.rs:746

  [2m2026-04-19T18:15:53.447145Z[0m [34mDEBUG[0m [1;34mspotledger_db::schema[0m[34m: [34msync_user: executing field DDL, [1;34mdoctype[0m[34m: Letter Head, [1;34mfield[0m[34m: align, [1;34msql[0m[34m: DEFINE FIELD OVERWRITE `align` ON TABLE `tabLetter_Head` TYPE option<string> PERMISSIONS FULL;[0m
    [2;3mat[0m crates\spotledger-db\src\schema.rs:741

  [2m2026-04-19T18:15:53.450740Z[0m [34mDEBUG[0m [1;34mspotledger_db::schema[0m[34m: [34msync_user: field DDL ok, [1;34mdoctype[0m[34m: Letter Head, [1;34mfield[0m[34m: align[0m
    [2;3mat[0m crates\spotledger-db\src\schema.rs:746

  [2m2026-04-19T18:15:53.451290Z[0m [34mDEBUG[0m [1;34mspotledger_db::schema[0m[34m: [34msync_user: executing field DDL, [1;34mdoctype[0m[34m: Letter Head, [1;34mfield[0m[34m: content, [1;34msql[0m[34m: DEFINE FIELD OVERWRITE `content` ON TABLE `tabLetter_Head` TYPE option<string> PERMISSIONS FULL;[0m
    [2;3mat[0m crates\spotledger-db\src\schema.rs:741

  [2m2026-04-19T18:15:53.454886Z[0m [34mDEBUG[0m [1;34mspotledger_db::schema[0m[34m: [34msync_user: field DDL ok, [1;34mdoctype[0m[34m: Letter Head, [1;34mfield[0m[34m: content[0m
    [2;3mat[0m crates\spotledger-db\src\schema.rs:746

  [2m2026-04-19T18:15:53.455366Z[0m [34mDEBUG[0m [1;34mspotledger_db::schema[0m[34m: [34msync_user: executing field DDL, [1;34mdoctype[0m[34m: Letter Head, [1;34mfield[0m[34m: footer, [1;34msql[0m[34m: DEFINE FIELD OVERWRITE `footer` ON TABLE `tabLetter_Head` TYPE option<string> PERMISSIONS FULL;[0m
    [2;3mat[0m crates\spotledger-db\src\schema.rs:741

  [2m2026-04-19T18:15:53.459199Z[0m [34mDEBUG[0m [1;34mspotledger_db::schema[0m[34m: [34msync_user: field DDL ok, [1;34mdoctype[0m[34m: Letter Head, [1;34mfield[0m[34m: footer[0m
    [2;3mat[0m crates\spotledger-db\src\schema.rs:746

  [2m2026-04-19T18:15:53.459674Z[0m [34mDEBUG[0m [1;34mspotledger_db::schema[0m[34m: [34msync_user: executing field DDL, [1;34mdoctype[0m[34m: Letter Head, [1;34mfield[0m[34m: footer_image, [1;34msql[0m[34m: DEFINE FIELD OVERWRITE `footer_image` ON TABLE `tabLetter_Head` TYPE option<string> PERMISSIONS FULL;[0m
    [2;3mat[0m crates\spotledger-db\src\schema.rs:741

  [2m2026-04-19T18:15:53.471616Z[0m [34mDEBUG[0m [1;34mspotledger_db::schema[0m[34m: [34msync_user: field DDL ok, [1;34mdoctype[0m[34m: Letter Head, [1;34mfield[0m[34m: footer_image[0m
    [2;3mat[0m crates\spotledger-db\src\schema.rs:746

  [2m2026-04-19T18:15:53.472240Z[0m [34mDEBUG[0m [1;34mspotledger_db::schema[0m[34m: [34msync_user: executing field DDL, [1;34mdoctype[0m[34m: Letter Head, [1;34mfield[0m[34m: footer_image_height, [1;34msql[0m[34m: DEFINE FIELD OVERWRITE `footer_image_height` ON TABLE `tabLetter_Head` TYPE float PERMISSIONS FULL;[0m
    [2;3mat[0m crates\spotledger-db\src\schema.rs:741

  [2m2026-04-19T18:15:53.476223Z[0m [34mDEBUG[0m [1;34mspotledger_db::schema[0m[34m: [34msync_user: field DDL ok, [1;34mdoctype[0m[34m: Letter Head, [1;34mfield[0m[34m: footer_image_height[0m
    [2;3mat[0m crates\spotledger-db\src\schema.rs:746

  [2m2026-04-19T18:15:53.479234Z[0m [34mDEBUG[0m [1;34mspotledger_db::schema[0m[34m: [34msync_user: executing field DDL, [1;34mdoctype[0m[34m: Letter Head, [1;34mfield[0m[34m: footer_image_width, [1;34msql[0m[34m: DEFINE FIELD OVERWRITE `footer_image_width` ON TABLE `tabLetter_Head` TYPE float PERMISSIONS FULL;[0m
    [2;3mat[0m crates\spotledger-db\src\schema.rs:741

  [2m2026-04-19T18:15:53.484200Z[0m [34mDEBUG[0m [1;34mspotledger_db::schema[0m[34m: [34msync_user: field DDL ok, [1;34mdoctype[0m[34m: Letter Head, [1;34mfield[0m[34m: footer_image_width[0m
    [2;3mat[0m crates\spotledger-db\src\schema.rs:746

  [2m2026-04-19T18:15:53.484805Z[0m [34mDEBUG[0m [1;34mspotledger_db::schema[0m[34m: [34msync_user: executing field DDL, [1;34mdoctype[0m[34m: Letter Head, [1;34mfield[0m[34m: footer_align, [1;34msql[0m[34m: DEFINE FIELD OVERWRITE `footer_align` ON TABLE `tabLetter_Head` TYPE option<string> PERMISSIONS FULL;[0m
    [2;3mat[0m crates\spotledger-db\src\schema.rs:741

  [2m2026-04-19T18:15:53.488186Z[0m [34mDEBUG[0m [1;34mspotledger_db::schema[0m[34m: [34msync_user: field DDL ok, [1;34mdoctype[0m[34m: Letter Head, [1;34mfield[0m[34m: footer_align[0m
    [2;3mat[0m crates\spotledger-db\src\schema.rs:746

  [2m2026-04-19T18:15:53.488791Z[0m [34mDEBUG[0m [1;34mspotledger_db::schema[0m[34m: [34msync_user: executing field DDL, [1;34mdoctype[0m[34m: Letter Head, [1;34mfield[0m[34m: header_script, [1;34msql[0m[34m: DEFINE FIELD OVERWRITE `header_script` ON TABLE `tabLetter_Head` TYPE option<string> PERMISSIONS FULL;[0m
    [2;3mat[0m crates\spotledger-db\src\schema.rs:741

  [2m2026-04-19T18:15:53.492178Z[0m [34mDEBUG[0m [1;34mspotledger_db::schema[0m[34m: [34msync_user: field DDL ok, [1;34mdoctype[0m[34m: Letter Head, [1;34mfield[0m[34m: header_script[0m
    [2;3mat[0m crates\spotledger-db\src\schema.rs:746

  [2m2026-04-19T18:15:53.492872Z[0m [34mDEBUG[0m [1;34mspotledger_db::schema[0m[34m: [34msync_user: executing field DDL, [1;34mdoctype[0m[34m: Letter Head, [1;34mfield[0m[34m: footer_script, [1;34msql[0m[34m: DEFINE FIELD OVERWRITE `footer_script` ON TABLE `tabLetter_Head` TYPE option<string> PERMISSIONS FULL;[0m
    [2;3mat[0m crates\spotledger-db\src\schema.rs:741

  [2m2026-04-19T18:15:53.497413Z[0m [34mDEBUG[0m [1;34mspotledger_db::schema[0m[34m: [34msync_user: field DDL ok, [1;34mdoctype[0m[34m: Letter Head, [1;34mfield[0m[34m: footer_script[0m
    [2;3mat[0m crates\spotledger-db\src\schema.rs:746

  [2m2026-04-19T18:15:53.500329Z[0m [34mDEBUG[0m [1;34mspotledger_db::schema[0m[34m: [34msync_user: schema synced, [1;34mdoctype[0m[34m: Letter Head[0m
    [2;3mat[0m crates\spotledger-db\src\schema.rs:762

  [2m2026-04-19T18:15:53.504220Z[0m [33m WARN[0m [1;33mspotledger_db::schema[0m[33m: [33msync_user: system field DDL failed, [1;33mdoctype[0m[33m: Naming Series, [1;33mfield[0m[33m: name, [1;33merror[0m[33m: SurrealDB error: A user generated conversion error occured: Conversion("SyntaxError { diagnostic: Diagnostic { kind: Span { kind: Error, span: Span { offset: 6, len: 0 }, label: None }, next: Some(Diagnostic { kind: Cause(\"Unexpected end of file, expected an expression\"), next: None }) } }")[0m
    [2;3mat[0m crates\spotledger-db\src\schema.rs:659

  [2m2026-04-19T18:15:53.506120Z[0m [33m WARN[0m [1;33mspotledger_db::schema[0m[33m: [33msync_user: system field DDL failed, [1;33mdoctype[0m[33m: Naming Series, [1;33mfield[0m[33m: doctype, [1;33merror[0m[33m: SurrealDB error: A user generated conversion error occured: Conversion("SyntaxError { diagnostic: Diagnostic { kind: Span { kind: Error, span: Span { offset: 6, len: 0 }, label: None }, next: Some(Diagnostic { kind: Cause(\"Unexpected end of file, expected an expression\"), next: None }) } }")[0m
    [2;3mat[0m crates\spotledger-db\src\schema.rs:659

  [2m2026-04-19T18:15:53.508098Z[0m [33m WARN[0m [1;33mspotledger_db::schema[0m[33m: [33msync_user: system field DDL failed, [1;33mdoctype[0m[33m: Naming Series, [1;33mfield[0m[33m: owner, [1;33merror[0m[33m: SurrealDB error: A user generated conversion error occured: Conversion("SyntaxError { diagnostic: Diagnostic { kind: Span { kind: Error, span: Span { offset: 6, len: 0 }, label: None }, next: Some(Diagnostic { kind: Cause(\"Unexpected end of file, expected an expression\"), next: None }) } }")[0m
    [2;3mat[0m crates\spotledger-db\src\schema.rs:659

  [2m2026-04-19T18:15:53.510481Z[0m [33m WARN[0m [1;33mspotledger_db::schema[0m[33m: [33msync_user: system field DDL failed, [1;33mdoctype[0m[33m: Naming Series, [1;33mfield[0m[33m: creation, [1;33merror[0m[33m: SurrealDB error: A user generated conversion error occured: Conversion("SyntaxError { diagnostic: Diagnostic { kind: Span { kind: Error, span: Span { offset: 6, len: 0 }, label: None }, next: Some(Diagnostic { kind: Cause(\"Unexpected end of file, expected an expression\"), next: None }) } }")[0m
    [2;3mat[0m crates\spotledger-db\src\schema.rs:659

  [2m2026-04-19T18:15:53.513322Z[0m [33m WARN[0m [1;33mspotledger_db::schema[0m[33m: [33msync_user: system field DDL failed, [1;33mdoctype[0m[33m: Naming Series, [1;33mfield[0m[33m: modified, [1;33merror[0m[33m: SurrealDB error: A user generated conversion error occured: Conversion("SyntaxError { diagnostic: Diagnostic { kind: Span { kind: Error, span: Span { offset: 6, len: 0 }, label: None }, next: Some(Diagnostic { kind: Cause(\"Unexpected end of file, expected an expression\"), next: None }) } }")[0m
    [2;3mat[0m crates\spotledger-db\src\schema.rs:659

  [2m2026-04-19T18:15:53.515389Z[0m [33m WARN[0m [1;33mspotledger_db::schema[0m[33m: [33msync_user: system field DDL failed, [1;33mdoctype[0m[33m: Naming Series, [1;33mfield[0m[33m: modified_by, [1;33merror[0m[33m: SurrealDB error: A user generated conversion error occured: Conversion("SyntaxError { diagnostic: Diagnostic { kind: Span { kind: Error, span: Span { offset: 6, len: 0 }, label: None }, next: Some(Diagnostic { kind: Cause(\"Unexpected end of file, expected an expression\"), next: None }) } }")[0m
    [2;3mat[0m crates\spotledger-db\src\schema.rs:659

  [2m2026-04-19T18:15:53.517383Z[0m [33m WARN[0m [1;33mspotledger_db::schema[0m[33m: [33msync_user: system field DDL failed, [1;33mdoctype[0m[33m: Naming Series, [1;33mfield[0m[33m: docstatus, [1;33merror[0m[33m: SurrealDB error: A user generated conversion error occured: Conversion("SyntaxError { diagnostic: Diagnostic { kind: Span { kind: Error, span: Span { offset: 6, len: 0 }, label: None }, next: Some(Diagnostic { kind: Cause(\"Unexpected end of file, expected an expression\"), next: None }) } }")[0m
    [2;3mat[0m crates\spotledger-db\src\schema.rs:659

  [2m2026-04-19T18:15:53.519374Z[0m [33m WARN[0m [1;33mspotledger_db::schema[0m[33m: [33msync_user: system field DDL failed, [1;33mdoctype[0m[33m: Naming Series, [1;33mfield[0m[33m: idx, [1;33merror[0m[33m: SurrealDB error: A user generated conversion error occured: Conversion("SyntaxError { diagnostic: Diagnostic { kind: Span { kind: Error, span: Span { offset: 6, len: 0 }, label: None }, next: Some(Diagnostic { kind: Cause(\"Unexpected end of file, expected an expression\"), next: None }) } }")[0m
    [2;3mat[0m crates\spotledger-db\src\schema.rs:659

  [2m2026-04-19T18:15:53.527117Z[0m [34mDEBUG[0m [1;34mspotledger_db::schema[0m[34m: [34msync_user: fields loaded, [1;34mdoctype[0m[34m: Naming Series, [1;34mfield_count[0m[34m: 9[0m
    [2;3mat[0m crates\spotledger-db\src\schema.rs:689

  [2m2026-04-19T18:15:53.528101Z[0m [34mDEBUG[0m [1;34mspotledger_db::schema[0m[34m: [34msync_user: executing field DDL, [1;34mdoctype[0m[34m: Naming Series, [1;34mfield[0m[34m: transaction_type, [1;34msql[0m[34m: DEFINE FIELD OVERWRITE `transaction_type` ON TABLE `tabNaming_Series` TYPE option<string> PERMISSIONS FULL;[0m
    [2;3mat[0m crates\spotledger-db\src\schema.rs:741

  [2m2026-04-19T18:15:53.530561Z[0m [33m WARN[0m [1;33mspotledger_db::schema[0m[33m: [33msync_user: user field DDL failed, [1;33mdoctype[0m[33m: Naming Series, [1;33mfield[0m[33m: transaction_type, [1;33merror[0m[33m: SurrealDB error: A user generated conversion error occured: Conversion("SyntaxError { diagnostic: Diagnostic { kind: Span { kind: Error, span: Span { offset: 6, len: 0 }, label: None }, next: Some(Diagnostic { kind: Cause(\"Unexpected end of file, expected an expression\"), next: None }) } }")[0m
    [2;3mat[0m crates\spotledger-db\src\schema.rs:743

  [2m2026-04-19T18:15:53.531215Z[0m [34mDEBUG[0m [1;34mspotledger_db::schema[0m[34m: [34msync_user: executing field DDL, [1;34mdoctype[0m[34m: Naming Series, [1;34mfield[0m[34m: select, [1;34msql[0m[34m: DEFINE FIELD OVERWRITE `select` ON TABLE `tabNaming_Series` TYPE option<string> PERMISSIONS FULL;[0m
    [2;3mat[0m crates\spotledger-db\src\schema.rs:741

  [2m2026-04-19T18:15:53.532904Z[0m [33m WARN[0m [1;33mspotledger_db::schema[0m[33m: [33msync_user: user field DDL failed, [1;33mdoctype[0m[33m: Naming Series, [1;33mfield[0m[33m: select, [1;33merror[0m[33m: SurrealDB error: A user generated conversion error occured: Conversion("SyntaxError { diagnostic: Diagnostic { kind: Span { kind: Error, span: Span { offset: 6, len: 0 }, label: None }, next: Some(Diagnostic { kind: Cause(\"Unexpected end of file, expected an expression\"), next: None }) } }")[0m
    [2;3mat[0m crates\spotledger-db\src\schema.rs:743

  [2m2026-04-19T18:15:53.533561Z[0m [34mDEBUG[0m [1;34mspotledger_db::schema[0m[34m: [34msync_user: executing field DDL, [1;34mdoctype[0m[34m: Naming Series, [1;34mfield[0m[34m: prefix, [1;34msql[0m[34m: DEFINE FIELD OVERWRITE `prefix` ON TABLE `tabNaming_Series` TYPE option<string> PERMISSIONS FULL;[0m
    [2;3mat[0m crates\spotledger-db\src\schema.rs:741

  [2m2026-04-19T18:15:53.535259Z[0m [33m WARN[0m [1;33mspotledger_db::schema[0m[33m: [33msync_user: user field DDL failed, [1;33mdoctype[0m[33m: Naming Series, [1;33mfield[0m[33m: prefix, [1;33merror[0m[33m: SurrealDB error: A user generated conversion error occured: Conversion("SyntaxError { diagnostic: Diagnostic { kind: Span { kind: Error, span: Span { offset: 6, len: 0 }, label: None }, next: Some(Diagnostic { kind: Cause(\"Unexpected end of file, expected an expression\"), next: None }) } }")[0m
    [2;3mat[0m crates\spotledger-db\src\schema.rs:743

  [2m2026-04-19T18:15:53.535873Z[0m [34mDEBUG[0m [1;34mspotledger_db::schema[0m[34m: [34msync_user: executing field DDL, [1;34mdoctype[0m[34m: Naming Series, [1;34mfield[0m[34m: current, [1;34msql[0m[34m: DEFINE FIELD OVERWRITE `current` ON TABLE `tabNaming_Series` TYPE none | int PERMISSIONS FULL;[0m
    [2;3mat[0m crates\spotledger-db\src\schema.rs:741

  [2m2026-04-19T18:15:53.537567Z[0m [33m WARN[0m [1;33mspotledger_db::schema[0m[33m: [33msync_user: user field DDL failed, [1;33mdoctype[0m[33m: Naming Series, [1;33mfield[0m[33m: current, [1;33merror[0m[33m: SurrealDB error: A user generated conversion error occured: Conversion("SyntaxError { diagnostic: Diagnostic { kind: Span { kind: Error, span: Span { offset: 6, len: 0 }, label: None }, next: Some(Diagnostic { kind: Cause(\"Unexpected end of file, expected an expression\"), next: None }) } }")[0m
    [2;3mat[0m crates\spotledger-db\src\schema.rs:743

  [2m2026-04-19T18:15:53.538144Z[0m [34mDEBUG[0m [1;34mspotledger_db::schema[0m[34m: [34msync_user: executing field DDL, [1;34mdoctype[0m[34m: Naming Series, [1;34mfield[0m[34m: update_series, [1;34msql[0m[34m: DEFINE FIELD OVERWRITE `update_series` ON TABLE `tabNaming_Series` TYPE option<string> PERMISSIONS FULL;[0m
    [2;3mat[0m crates\spotledger-db\src\schema.rs:741

  [2m2026-04-19T18:15:53.539906Z[0m [33m WARN[0m [1;33mspotledger_db::schema[0m[33m: [33msync_user: user field DDL failed, [1;33mdoctype[0m[33m: Naming Series, [1;33mfield[0m[33m: update_series, [1;33merror[0m[33m: SurrealDB error: A user generated conversion error occured: Conversion("SyntaxError { diagnostic: Diagnostic { kind: Span { kind: Error, span: Span { offset: 6, len: 0 }, label: None }, next: Some(Diagnostic { kind: Cause(\"Unexpected end of file, expected an expression\"), next: None }) } }")[0m
    [2;3mat[0m crates\spotledger-db\src\schema.rs:743

  [2m2026-04-19T18:15:53.540445Z[0m [34mDEBUG[0m [1;34mspotledger_db::schema[0m[34m: [34msync_user: executing field DDL, [1;34mdoctype[0m[34m: Naming Series, [1;34mfield[0m[34m: check_series, [1;34msql[0m[34m: DEFINE FIELD OVERWRITE `check_series` ON TABLE `tabNaming_Series` TYPE option<string> PERMISSIONS FULL;[0m
    [2;3mat[0m crates\spotledger-db\src\schema.rs:741

  [2m2026-04-19T18:15:53.542261Z[0m [33m WARN[0m [1;33mspotledger_db::schema[0m[33m: [33msync_user: user field DDL failed, [1;33mdoctype[0m[33m: Naming Series, [1;33mfield[0m[33m: check_series, [1;33merror[0m[33m: SurrealDB error: A user generated conversion error occured: Conversion("SyntaxError { diagnostic: Diagnostic { kind: Span { kind: Error, span: Span { offset: 6, len: 0 }, label: None }, next: Some(Diagnostic { kind: Cause(\"Unexpected end of file, expected an expression\"), next: None }) } }")[0m
    [2;3mat[0m crates\spotledger-db\src\schema.rs:743

  [2m2026-04-19T18:15:53.542845Z[0m [34mDEBUG[0m [1;34mspotledger_db::schema[0m[34m: [34msync_user: executing field DDL, [1;34mdoctype[0m[34m: Naming Series, [1;34mfield[0m[34m: try_prefix, [1;34msql[0m[34m: DEFINE FIELD OVERWRITE `try_prefix` ON TABLE `tabNaming_Series` TYPE option<string> PERMISSIONS FULL;[0m
    [2;3mat[0m crates\spotledger-db\src\schema.rs:741

  [2m2026-04-19T18:15:53.545200Z[0m [33m WARN[0m [1;33mspotledger_db::schema[0m[33m: [33msync_user: user field DDL failed, [1;33mdoctype[0m[33m: Naming Series, [1;33mfield[0m[33m: try_prefix, [1;33merror[0m[33m: SurrealDB error: A user generated conversion error occured: Conversion("SyntaxError { diagnostic: Diagnostic { kind: Span { kind: Error, span: Span { offset: 6, len: 0 }, label: None }, next: Some(Diagnostic { kind: Cause(\"Unexpected end of file, expected an expression\"), next: None }) } }")[0m
    [2;3mat[0m crates\spotledger-db\src\schema.rs:743

  [2m2026-04-19T18:15:53.545652Z[0m [34mDEBUG[0m [1;34mspotledger_db::schema[0m[34m: [34msync_user: executing field DDL, [1;34mdoctype[0m[34m: Naming Series, [1;34mfield[0m[34m: series_list, [1;34msql[0m[34m: DEFINE FIELD OVERWRITE `series_list` ON TABLE `tabNaming_Series` TYPE option<string> PERMISSIONS FULL;[0m
    [2;3mat[0m crates\spotledger-db\src\schema.rs:741

  [2m2026-04-19T18:15:53.548238Z[0m [33m WARN[0m [1;33mspotledger_db::schema[0m[33m: [33msync_user: user field DDL failed, [1;33mdoctype[0m[33m: Naming Series, [1;33mfield[0m[33m: series_list, [1;33merror[0m[33m: SurrealDB error: A user generated conversion error occured: Conversion("SyntaxError { diagnostic: Diagnostic { kind: Span { kind: Error, span: Span { offset: 6, len: 0 }, label: None }, next: Some(Diagnostic { kind: Cause(\"Unexpected end of file, expected an expression\"), next: None }) } }")[0m
    [2;3mat[0m crates\spotledger-db\src\schema.rs:743

  [2m2026-04-19T18:15:53.551290Z[0m [34mDEBUG[0m [1;34mspotledger_db::schema[0m[34m: [34msync_user: schema synced, [1;34mdoctype[0m[34m: Naming Series[0m
    [2;3mat[0m crates\spotledger-db\src\schema.rs:762

  [2m2026-04-19T18:15:53.585150Z[0m [34mDEBUG[0m [1;34mspotledger_db::schema[0m[34m: [34msync_user: fields loaded, [1;34mdoctype[0m[34m: Note, [1;34mfield_count[0m[34m: 5[0m
    [2;3mat[0m crates\spotledger-db\src\schema.rs:689

  [2m2026-04-19T18:15:53.585891Z[0m [34mDEBUG[0m [1;34mspotledger_db::schema[0m[34m: [34msync_user: executing field DDL, [1;34mdoctype[0m[34m: Note, [1;34mfield[0m[34m: title, [1;34msql[0m[34m: DEFINE FIELD OVERWRITE `title` ON TABLE `tabNote` TYPE option<string> PERMISSIONS FULL;[0m
    [2;3mat[0m crates\spotledger-db\src\schema.rs:741

  [2m2026-04-19T18:15:53.589648Z[0m [34mDEBUG[0m [1;34mspotledger_db::schema[0m[34m: [34msync_user: field DDL ok, [1;34mdoctype[0m[34m: Note, [1;34mfield[0m[34m: title[0m
    [2;3mat[0m crates\spotledger-db\src\schema.rs:746

  [2m2026-04-19T18:15:53.590246Z[0m [34mDEBUG[0m [1;34mspotledger_db::schema[0m[34m: [34msync_user: executing field DDL, [1;34mdoctype[0m[34m: Note, [1;34mfield[0m[34m: public, [1;34msql[0m[34m: DEFINE FIELD OVERWRITE `public` ON TABLE `tabNote` TYPE none | int PERMISSIONS FULL DEFAULT 0;[0m
    [2;3mat[0m crates\spotledger-db\src\schema.rs:741

  [2m2026-04-19T18:15:53.594012Z[0m [34mDEBUG[0m [1;34mspotledger_db::schema[0m[34m: [34msync_user: field DDL ok, [1;34mdoctype[0m[34m: Note, [1;34mfield[0m[34m: public[0m
    [2;3mat[0m crates\spotledger-db\src\schema.rs:746

  [2m2026-04-19T18:15:53.594816Z[0m [34mDEBUG[0m [1;34mspotledger_db::schema[0m[34m: [34msync_user: executing field DDL, [1;34mdoctype[0m[34m: Note, [1;34mfield[0m[34m: notify_on_every_login, [1;34msql[0m[34m: DEFINE FIELD OVERWRITE `notify_on_every_login` ON TABLE `tabNote` TYPE none | int PERMISSIONS FULL DEFAULT 0;[0m
    [2;3mat[0m crates\spotledger-db\src\schema.rs:741

  [2m2026-04-19T18:15:53.598734Z[0m [34mDEBUG[0m [1;34mspotledger_db::schema[0m[34m: [34msync_user: field DDL ok, [1;34mdoctype[0m[34m: Note, [1;34mfield[0m[34m: notify_on_every_login[0m
    [2;3mat[0m crates\spotledger-db\src\schema.rs:746

  [2m2026-04-19T18:15:53.599166Z[0m [34mDEBUG[0m [1;34mspotledger_db::schema[0m[34m: [34msync_user: executing field DDL, [1;34mdoctype[0m[34m: Note, [1;34mfield[0m[34m: content, [1;34msql[0m[34m: DEFINE FIELD OVERWRITE `content` ON TABLE `tabNote` TYPE option<string> PERMISSIONS FULL;[0m
    [2;3mat[0m crates\spotledger-db\src\schema.rs:741

  [2m2026-04-19T18:15:53.602425Z[0m [34mDEBUG[0m [1;34mspotledger_db::schema[0m[34m: [34msync_user: field DDL ok, [1;34mdoctype[0m[34m: Note, [1;34mfield[0m[34m: content[0m
    [2;3mat[0m crates\spotledger-db\src\schema.rs:746

  [2m2026-04-19T18:15:53.602839Z[0m [34mDEBUG[0m [1;34mspotledger_db::schema[0m[34m: [34msync_user: executing field DDL, [1;34mdoctype[0m[34m: Note, [1;34mfield[0m[34m: seen_by, [1;34msql[0m[34m: DEFINE FIELD OVERWRITE `seen_by` ON TABLE `tabNote` TYPE any PERMISSIONS FULL;[0m
    [2;3mat[0m crates\spotledger-db\src\schema.rs:741

  [2m2026-04-19T18:15:53.605844Z[0m [34mDEBUG[0m [1;34mspotledger_db::schema[0m[34m: [34msync_user: field DDL ok, [1;34mdoctype[0m[34m: Note, [1;34mfield[0m[34m: seen_by[0m
    [2;3mat[0m crates\spotledger-db\src\schema.rs:746

  [2m2026-04-19T18:15:53.608394Z[0m [34mDEBUG[0m [1;34mspotledger_db::schema[0m[34m: [34msync_user: schema synced, [1;34mdoctype[0m[34m: Note[0m
    [2;3mat[0m crates\spotledger-db\src\schema.rs:762

  [2m2026-04-19T18:15:53.642184Z[0m [34mDEBUG[0m [1;34mspotledger_db::schema[0m[34m: [34msync_user: fields loaded, [1;34mdoctype[0m[34m: Notification, [1;34mfield_count[0m[34m: 17[0m
    [2;3mat[0m crates\spotledger-db\src\schema.rs:689

  [2m2026-04-19T18:15:53.642711Z[0m [34mDEBUG[0m [1;34mspotledger_db::schema[0m[34m: [34msync_user: executing field DDL, [1;34mdoctype[0m[34m: Notification, [1;34mfield[0m[34m: name, [1;34msql[0m[34m: DEFINE FIELD OVERWRITE `name` ON TABLE `tabNotification` TYPE option<string> PERMISSIONS FULL;[0m
    [2;3mat[0m crates\spotledger-db\src\schema.rs:741

  [2m2026-04-19T18:15:53.646772Z[0m [34mDEBUG[0m [1;34mspotledger_db::schema[0m[34m: [34msync_user: field DDL ok, [1;34mdoctype[0m[34m: Notification, [1;34mfield[0m[34m: name[0m
    [2;3mat[0m crates\spotledger-db\src\schema.rs:746

  [2m2026-04-19T18:15:53.647194Z[0m [34mDEBUG[0m [1;34mspotledger_db::schema[0m[34m: [34msync_user: executing field DDL, [1;34mdoctype[0m[34m: Notification, [1;34mfield[0m[34m: subject, [1;34msql[0m[34m: DEFINE FIELD OVERWRITE `subject` ON TABLE `tabNotification` TYPE option<string> PERMISSIONS FULL;[0m
    [2;3mat[0m crates\spotledger-db\src\schema.rs:741

  [2m2026-04-19T18:15:53.650355Z[0m [34mDEBUG[0m [1;34mspotledger_db::schema[0m[34m: [34msync_user: field DDL ok, [1;34mdoctype[0m[34m: Notification, [1;34mfield[0m[34m: subject[0m
    [2;3mat[0m crates\spotledger-db\src\schema.rs:746

  [2m2026-04-19T18:15:53.650755Z[0m [34mDEBUG[0m [1;34mspotledger_db::schema[0m[34m: [34msync_user: executing field DDL, [1;34mdoctype[0m[34m: Notification, [1;34mfield[0m[34m: email_or_slack, [1;34msql[0m[34m: DEFINE FIELD OVERWRITE `email_or_slack` ON TABLE `tabNotification` TYPE option<string> PERMISSIONS FULL;[0m
    [2;3mat[0m crates\spotledger-db\src\schema.rs:741

  [2m2026-04-19T18:15:53.654219Z[0m [34mDEBUG[0m [1;34mspotledger_db::schema[0m[34m: [34msync_user: field DDL ok, [1;34mdoctype[0m[34m: Notification, [1;34mfield[0m[34m: email_or_slack[0m
    [2;3mat[0m crates\spotledger-db\src\schema.rs:746

  [2m2026-04-19T18:15:53.654623Z[0m [34mDEBUG[0m [1;34mspotledger_db::schema[0m[34m: [34msync_user: executing field DDL, [1;34mdoctype[0m[34m: Notification, [1;34mfield[0m[34m: channel, [1;34msql[0m[34m: DEFINE FIELD OVERWRITE `channel` ON TABLE `tabNotification` TYPE option<string> PERMISSIONS FULL;[0m
    [2;3mat[0m crates\spotledger-db\src\schema.rs:741

  [2m2026-04-19T18:15:53.657943Z[0m [34mDEBUG[0m [1;34mspotledger_db::schema[0m[34m: [34msync_user: field DDL ok, [1;34mdoctype[0m[34m: Notification, [1;34mfield[0m[34m: channel[0m
    [2;3mat[0m crates\spotledger-db\src\schema.rs:746

  [2m2026-04-19T18:15:53.658433Z[0m [34mDEBUG[0m [1;34mspotledger_db::schema[0m[34m: [34msync_user: executing field DDL, [1;34mdoctype[0m[34m: Notification, [1;34mfield[0m[34m: enabled, [1;34msql[0m[34m: DEFINE FIELD OVERWRITE `enabled` ON TABLE `tabNotification` TYPE none | int PERMISSIONS FULL DEFAULT 0;[0m
    [2;3mat[0m crates\spotledger-db\src\schema.rs:741

  [2m2026-04-19T18:15:53.662886Z[0m [34mDEBUG[0m [1;34mspotledger_db::schema[0m[34m: [34msync_user: field DDL ok, [1;34mdoctype[0m[34m: Notification, [1;34mfield[0m[34m: enabled[0m
    [2;3mat[0m crates\spotledger-db\src\schema.rs:746

  [2m2026-04-19T18:15:53.663360Z[0m [34mDEBUG[0m [1;34mspotledger_db::schema[0m[34m: [34msync_user: executing field DDL, [1;34mdoctype[0m[34m: Notification, [1;34mfield[0m[34m: document_type, [1;34msql[0m[34m: DEFINE FIELD OVERWRITE `document_type` ON TABLE `tabNotification` TYPE option<string> PERMISSIONS FULL;[0m
    [2;3mat[0m crates\spotledger-db\src\schema.rs:741

  [2m2026-04-19T18:15:53.666782Z[0m [34mDEBUG[0m [1;34mspotledger_db::schema[0m[34m: [34msync_user: field DDL ok, [1;34mdoctype[0m[34m: Notification, [1;34mfield[0m[34m: document_type[0m
    [2;3mat[0m crates\spotledger-db\src\schema.rs:746

  [2m2026-04-19T18:15:53.667250Z[0m [34mDEBUG[0m [1;34mspotledger_db::schema[0m[34m: [34msync_user: executing field DDL, [1;34mdoctype[0m[34m: Notification, [1;34mfield[0m[34m: event, [1;34msql[0m[34m: DEFINE FIELD OVERWRITE `event` ON TABLE `tabNotification` TYPE option<string> PERMISSIONS FULL;[0m
    [2;3mat[0m crates\spotledger-db\src\schema.rs:741

  [2m2026-04-19T18:15:53.670402Z[0m [34mDEBUG[0m [1;34mspotledger_db::schema[0m[34m: [34msync_user: field DDL ok, [1;34mdoctype[0m[34m: Notification, [1;34mfield[0m[34m: event[0m
    [2;3mat[0m crates\spotledger-db\src\schema.rs:746

  [2m2026-04-19T18:15:53.670813Z[0m [34mDEBUG[0m [1;34mspotledger_db::schema[0m[34m: [34msync_user: executing field DDL, [1;34mdoctype[0m[34m: Notification, [1;34mfield[0m[34m: is_standard, [1;34msql[0m[34m: DEFINE FIELD OVERWRITE `is_standard` ON TABLE `tabNotification` TYPE none | int PERMISSIONS FULL DEFAULT 0;[0m
    [2;3mat[0m crates\spotledger-db\src\schema.rs:741

  [2m2026-04-19T18:15:53.675030Z[0m [34mDEBUG[0m [1;34mspotledger_db::schema[0m[34m: [34msync_user: field DDL ok, [1;34mdoctype[0m[34m: Notification, [1;34mfield[0m[34m: is_standard[0m
    [2;3mat[0m crates\spotledger-db\src\schema.rs:746

  [2m2026-04-19T18:15:53.675453Z[0m [34mDEBUG[0m [1;34mspotledger_db::schema[0m[34m: [34msync_user: executing field DDL, [1;34mdoctype[0m[34m: Notification, [1;34mfield[0m[34m: module, [1;34msql[0m[34m: DEFINE FIELD OVERWRITE `module` ON TABLE `tabNotification` TYPE option<string> PERMISSIONS FULL;[0m
    [2;3mat[0m crates\spotledger-db\src\schema.rs:741

  [2m2026-04-19T18:15:53.680351Z[0m [34mDEBUG[0m [1;34mspotledger_db::schema[0m[34m: [34msync_user: field DDL ok, [1;34mdoctype[0m[34m: Notification, [1;34mfield[0m[34m: module[0m
    [2;3mat[0m crates\spotledger-db\src\schema.rs:746

  [2m2026-04-19T18:15:53.681048Z[0m [34mDEBUG[0m [1;34mspotledger_db::schema[0m[34m: [34msync_user: executing field DDL, [1;34mdoctype[0m[34m: Notification, [1;34mfield[0m[34m: send_system_notification, [1;34msql[0m[34m: DEFINE FIELD OVERWRITE `send_system_notification` ON TABLE `tabNotification` TYPE none | int PERMISSIONS FULL DEFAULT 0;[0m
    [2;3mat[0m crates\spotledger-db\src\schema.rs:741

  [2m2026-04-19T18:15:53.684554Z[0m [34mDEBUG[0m [1;34mspotledger_db::schema[0m[34m: [34msync_user: field DDL ok, [1;34mdoctype[0m[34m: Notification, [1;34mfield[0m[34m: send_system_notification[0m
    [2;3mat[0m crates\spotledger-db\src\schema.rs:746

  [2m2026-04-19T18:15:53.684981Z[0m [34mDEBUG[0m [1;34mspotledger_db::schema[0m[34m: [34msync_user: executing field DDL, [1;34mdoctype[0m[34m: Notification, [1;34mfield[0m[34m: send_to_all_assignees, [1;34msql[0m[34m: DEFINE FIELD OVERWRITE `send_to_all_assignees` ON TABLE `tabNotification` TYPE none | int PERMISSIONS FULL DEFAULT 0;[0m
    [2;3mat[0m crates\spotledger-db\src\schema.rs:741

  [2m2026-04-19T18:15:53.688422Z[0m [34mDEBUG[0m [1;34mspotledger_db::schema[0m[34m: [34msync_user: field DDL ok, [1;34mdoctype[0m[34m: Notification, [1;34mfield[0m[34m: send_to_all_assignees[0m
    [2;3mat[0m crates\spotledger-db\src\schema.rs:746

  [2m2026-04-19T18:15:53.689613Z[0m [34mDEBUG[0m [1;34mspotledger_db::schema[0m[34m: [34msync_user: executing field DDL, [1;34mdoctype[0m[34m: Notification, [1;34mfield[0m[34m: recipients, [1;34msql[0m[34m: DEFINE FIELD OVERWRITE `recipients` ON TABLE `tabNotification` TYPE any PERMISSIONS FULL;[0m
    [2;3mat[0m crates\spotledger-db\src\schema.rs:741

  [2m2026-04-19T18:15:53.692939Z[0m [34mDEBUG[0m [1;34mspotledger_db::schema[0m[34m: [34msync_user: field DDL ok, [1;34mdoctype[0m[34m: Notification, [1;34mfield[0m[34m: recipients[0m
    [2;3mat[0m crates\spotledger-db\src\schema.rs:746

  [2m2026-04-19T18:15:53.695083Z[0m [34mDEBUG[0m [1;34mspotledger_db::schema[0m[34m: [34msync_user: executing field DDL, [1;34mdoctype[0m[34m: Notification, [1;34mfield[0m[34m: cc, [1;34msql[0m[34m: DEFINE FIELD OVERWRITE `cc` ON TABLE `tabNotification` TYPE option<string> PERMISSIONS FULL;[0m
    [2;3mat[0m crates\spotledger-db\src\schema.rs:741

  [2m2026-04-19T18:15:53.699310Z[0m [34mDEBUG[0m [1;34mspotledger_db::schema[0m[34m: [34msync_user: field DDL ok, [1;34mdoctype[0m[34m: Notification, [1;34mfield[0m[34m: cc[0m
    [2;3mat[0m crates\spotledger-db\src\schema.rs:746

  [2m2026-04-19T18:15:53.699736Z[0m [34mDEBUG[0m [1;34mspotledger_db::schema[0m[34m: [34msync_user: executing field DDL, [1;34mdoctype[0m[34m: Notification, [1;34mfield[0m[34m: bcc, [1;34msql[0m[34m: DEFINE FIELD OVERWRITE `bcc` ON TABLE `tabNotification` TYPE option<string> PERMISSIONS FULL;[0m
    [2;3mat[0m crates\spotledger-db\src\schema.rs:741

  [2m2026-04-19T18:15:53.703019Z[0m [34mDEBUG[0m [1;34mspotledger_db::schema[0m[34m: [34msync_user: field DDL ok, [1;34mdoctype[0m[34m: Notification, [1;34mfield[0m[34m: bcc[0m
    [2;3mat[0m crates\spotledger-db\src\schema.rs:746

  [2m2026-04-19T18:15:53.703355Z[0m [34mDEBUG[0m [1;34mspotledger_db::schema[0m[34m: [34msync_user: executing field DDL, [1;34mdoctype[0m[34m: Notification, [1;34mfield[0m[34m: message_template, [1;34msql[0m[34m: DEFINE FIELD OVERWRITE `message_template` ON TABLE `tabNotification` TYPE option<string> PERMISSIONS FULL;[0m
    [2;3mat[0m crates\spotledger-db\src\schema.rs:741

  [2m2026-04-19T18:15:53.707324Z[0m [34mDEBUG[0m [1;34mspotledger_db::schema[0m[34m: [34msync_user: field DDL ok, [1;34mdoctype[0m[34m: Notification, [1;34mfield[0m[34m: message_template[0m
    [2;3mat[0m crates\spotledger-db\src\schema.rs:746

  [2m2026-04-19T18:15:53.707915Z[0m [34mDEBUG[0m [1;34mspotledger_db::schema[0m[34m: [34msync_user: executing field DDL, [1;34mdoctype[0m[34m: Notification, [1;34mfield[0m[34m: message, [1;34msql[0m[34m: DEFINE FIELD OVERWRITE `message` ON TABLE `tabNotification` TYPE option<string> PERMISSIONS FULL;[0m
    [2;3mat[0m crates\spotledger-db\src\schema.rs:741

  [2m2026-04-19T18:15:53.713392Z[0m [34mDEBUG[0m [1;34mspotledger_db::schema[0m[34m: [34msync_user: field DDL ok, [1;34mdoctype[0m[34m: Notification, [1;34mfield[0m[34m: message[0m
    [2;3mat[0m crates\spotledger-db\src\schema.rs:746

  [2m2026-04-19T18:15:53.713863Z[0m [34mDEBUG[0m [1;34mspotledger_db::schema[0m[34m: [34msync_user: executing field DDL, [1;34mdoctype[0m[34m: Notification, [1;34mfield[0m[34m: condition, [1;34msql[0m[34m: DEFINE FIELD OVERWRITE `condition` ON TABLE `tabNotification` TYPE option<string> PERMISSIONS FULL;[0m
    [2;3mat[0m crates\spotledger-db\src\schema.rs:741

  [2m2026-04-19T18:15:53.717972Z[0m [34mDEBUG[0m [1;34mspotledger_db::schema[0m[34m: [34msync_user: field DDL ok, [1;34mdoctype[0m[34m: Notification, [1;34mfield[0m[34m: condition[0m
    [2;3mat[0m crates\spotledger-db\src\schema.rs:746

  [2m2026-04-19T18:15:53.721961Z[0m [34mDEBUG[0m [1;34mspotledger_db::schema[0m[34m: [34msync_user: schema synced, [1;34mdoctype[0m[34m: Notification[0m
    [2;3mat[0m crates\spotledger-db\src\schema.rs:762

  [2m2026-04-19T18:15:53.771322Z[0m [34mDEBUG[0m [1;34mspotledger_db::schema[0m[34m: [34msync_user: fields loaded, [1;34mdoctype[0m[34m: Print Format, [1;34mfield_count[0m[34m: 16[0m
    [2;3mat[0m crates\spotledger-db\src\schema.rs:689

  [2m2026-04-19T18:15:53.771875Z[0m [34mDEBUG[0m [1;34mspotledger_db::schema[0m[34m: [34msync_user: executing field DDL, [1;34mdoctype[0m[34m: Print Format, [1;34mfield[0m[34m: doc_type, [1;34msql[0m[34m: DEFINE FIELD OVERWRITE `doc_type` ON TABLE `tabPrint_Format` TYPE option<string> PERMISSIONS FULL;[0m
    [2;3mat[0m crates\spotledger-db\src\schema.rs:741

  [2m2026-04-19T18:15:53.778643Z[0m [34mDEBUG[0m [1;34mspotledger_db::schema[0m[34m: [34msync_user: field DDL ok, [1;34mdoctype[0m[34m: Print Format, [1;34mfield[0m[34m: doc_type[0m
    [2;3mat[0m crates\spotledger-db\src\schema.rs:746

  [2m2026-04-19T18:15:53.779027Z[0m [34mDEBUG[0m [1;34mspotledger_db::schema[0m[34m: [34msync_user: executing field DDL, [1;34mdoctype[0m[34m: Print Format, [1;34mfield[0m[34m: module, [1;34msql[0m[34m: DEFINE FIELD OVERWRITE `module` ON TABLE `tabPrint_Format` TYPE option<string> PERMISSIONS FULL;[0m
    [2;3mat[0m crates\spotledger-db\src\schema.rs:741

  [2m2026-04-19T18:15:53.783521Z[0m [34mDEBUG[0m [1;34mspotledger_db::schema[0m[34m: [34msync_user: field DDL ok, [1;34mdoctype[0m[34m: Print Format, [1;34mfield[0m[34m: module[0m
    [2;3mat[0m crates\spotledger-db\src\schema.rs:746

  [2m2026-04-19T18:15:53.783998Z[0m [34mDEBUG[0m [1;34mspotledger_db::schema[0m[34m: [34msync_user: executing field DDL, [1;34mdoctype[0m[34m: Print Format, [1;34mfield[0m[34m: disabled, [1;34msql[0m[34m: DEFINE FIELD OVERWRITE `disabled` ON TABLE `tabPrint_Format` TYPE none | int PERMISSIONS FULL DEFAULT 0;[0m
    [2;3mat[0m crates\spotledger-db\src\schema.rs:741

  [2m2026-04-19T18:15:53.787291Z[0m [34mDEBUG[0m [1;34mspotledger_db::schema[0m[34m: [34msync_user: field DDL ok, [1;34mdoctype[0m[34m: Print Format, [1;34mfield[0m[34m: disabled[0m
    [2;3mat[0m crates\spotledger-db\src\schema.rs:746

  [2m2026-04-19T18:15:53.787803Z[0m [34mDEBUG[0m [1;34mspotledger_db::schema[0m[34m: [34msync_user: executing field DDL, [1;34mdoctype[0m[34m: Print Format, [1;34mfield[0m[34m: standard, [1;34msql[0m[34m: DEFINE FIELD OVERWRITE `standard` ON TABLE `tabPrint_Format` TYPE option<string> PERMISSIONS FULL;[0m
    [2;3mat[0m crates\spotledger-db\src\schema.rs:741

  [2m2026-04-19T18:15:53.790692Z[0m [34mDEBUG[0m [1;34mspotledger_db::schema[0m[34m: [34msync_user: field DDL ok, [1;34mdoctype[0m[34m: Print Format, [1;34mfield[0m[34m: standard[0m
    [2;3mat[0m crates\spotledger-db\src\schema.rs:746

  [2m2026-04-19T18:15:53.791065Z[0m [34mDEBUG[0m [1;34mspotledger_db::schema[0m[34m: [34msync_user: executing field DDL, [1;34mdoctype[0m[34m: Print Format, [1;34mfield[0m[34m: custom_format, [1;34msql[0m[34m: DEFINE FIELD OVERWRITE `custom_format` ON TABLE `tabPrint_Format` TYPE none | int PERMISSIONS FULL DEFAULT 0;[0m
    [2;3mat[0m crates\spotledger-db\src\schema.rs:741

  [2m2026-04-19T18:15:53.794304Z[0m [34mDEBUG[0m [1;34mspotledger_db::schema[0m[34m: [34msync_user: field DDL ok, [1;34mdoctype[0m[34m: Print Format, [1;34mfield[0m[34m: custom_format[0m
    [2;3mat[0m crates\spotledger-db\src\schema.rs:746

  [2m2026-04-19T18:15:53.794985Z[0m [34mDEBUG[0m [1;34mspotledger_db::schema[0m[34m: [34msync_user: executing field DDL, [1;34mdoctype[0m[34m: Print Format, [1;34mfield[0m[34m: print_format_type, [1;34msql[0m[34m: DEFINE FIELD OVERWRITE `print_format_type` ON TABLE `tabPrint_Format` TYPE option<string> PERMISSIONS FULL;[0m
    [2;3mat[0m crates\spotledger-db\src\schema.rs:741

  [2m2026-04-19T18:15:53.799145Z[0m [34mDEBUG[0m [1;34mspotledger_db::schema[0m[34m: [34msync_user: field DDL ok, [1;34mdoctype[0m[34m: Print Format, [1;34mfield[0m[34m: print_format_type[0m
    [2;3mat[0m crates\spotledger-db\src\schema.rs:746

  [2m2026-04-19T18:15:53.799640Z[0m [34mDEBUG[0m [1;34mspotledger_db::schema[0m[34m: [34msync_user: executing field DDL, [1;34mdoctype[0m[34m: Print Format, [1;34mfield[0m[34m: raw_printing, [1;34msql[0m[34m: DEFINE FIELD OVERWRITE `raw_printing` ON TABLE `tabPrint_Format` TYPE none | int PERMISSIONS FULL DEFAULT 0;[0m
    [2;3mat[0m crates\spotledger-db\src\schema.rs:741

  [2m2026-04-19T18:15:53.802971Z[0m [34mDEBUG[0m [1;34mspotledger_db::schema[0m[34m: [34msync_user: field DDL ok, [1;34mdoctype[0m[34m: Print Format, [1;34mfield[0m[34m: raw_printing[0m
    [2;3mat[0m crates\spotledger-db\src\schema.rs:746

  [2m2026-04-19T18:15:53.803507Z[0m [34mDEBUG[0m [1;34mspotledger_db::schema[0m[34m: [34msync_user: executing field DDL, [1;34mdoctype[0m[34m: Print Format, [1;34mfield[0m[34m: html, [1;34msql[0m[34m: DEFINE FIELD OVERWRITE `html` ON TABLE `tabPrint_Format` TYPE option<string> PERMISSIONS FULL;[0m
    [2;3mat[0m crates\spotledger-db\src\schema.rs:741

  [2m2026-04-19T18:15:53.807335Z[0m [34mDEBUG[0m [1;34mspotledger_db::schema[0m[34m: [34msync_user: field DDL ok, [1;34mdoctype[0m[34m: Print Format, [1;34mfield[0m[34m: html[0m
    [2;3mat[0m crates\spotledger-db\src\schema.rs:746

  [2m2026-04-19T18:15:53.807837Z[0m [34mDEBUG[0m [1;34mspotledger_db::schema[0m[34m: [34msync_user: executing field DDL, [1;34mdoctype[0m[34m: Print Format, [1;34mfield[0m[34m: raw_commands, [1;34msql[0m[34m: DEFINE FIELD OVERWRITE `raw_commands` ON TABLE `tabPrint_Format` TYPE option<string> PERMISSIONS FULL;[0m
    [2;3mat[0m crates\spotledger-db\src\schema.rs:741

  [2m2026-04-19T18:15:53.813431Z[0m [34mDEBUG[0m [1;34mspotledger_db::schema[0m[34m: [34msync_user: field DDL ok, [1;34mdoctype[0m[34m: Print Format, [1;34mfield[0m[34m: raw_commands[0m
    [2;3mat[0m crates\spotledger-db\src\schema.rs:746

  [2m2026-04-19T18:15:53.813973Z[0m [34mDEBUG[0m [1;34mspotledger_db::schema[0m[34m: [34msync_user: executing field DDL, [1;34mdoctype[0m[34m: Print Format, [1;34mfield[0m[34m: align_labels_right, [1;34msql[0m[34m: DEFINE FIELD OVERWRITE `align_labels_right` ON TABLE `tabPrint_Format` TYPE none | int PERMISSIONS FULL DEFAULT 0;[0m
    [2;3mat[0m crates\spotledger-db\src\schema.rs:741

  [2m2026-04-19T18:15:53.818225Z[0m [34mDEBUG[0m [1;34mspotledger_db::schema[0m[34m: [34msync_user: field DDL ok, [1;34mdoctype[0m[34m: Print Format, [1;34mfield[0m[34m: align_labels_right[0m
    [2;3mat[0m crates\spotledger-db\src\schema.rs:746

  [2m2026-04-19T18:15:53.818867Z[0m [34mDEBUG[0m [1;34mspotledger_db::schema[0m[34m: [34msync_user: executing field DDL, [1;34mdoctype[0m[34m: Print Format, [1;34mfield[0m[34m: show_section_headings, [1;34msql[0m[34m: DEFINE FIELD OVERWRITE `show_section_headings` ON TABLE `tabPrint_Format` TYPE none | int PERMISSIONS FULL DEFAULT 0;[0m
    [2;3mat[0m crates\spotledger-db\src\schema.rs:741

  [2m2026-04-19T18:15:53.822459Z[0m [34mDEBUG[0m [1;34mspotledger_db::schema[0m[34m: [34msync_user: field DDL ok, [1;34mdoctype[0m[34m: Print Format, [1;34mfield[0m[34m: show_section_headings[0m
    [2;3mat[0m crates\spotledger-db\src\schema.rs:746

  [2m2026-04-19T18:15:53.822871Z[0m [34mDEBUG[0m [1;34mspotledger_db::schema[0m[34m: [34msync_user: executing field DDL, [1;34mdoctype[0m[34m: Print Format, [1;34mfield[0m[34m: default_print_language, [1;34msql[0m[34m: DEFINE FIELD OVERWRITE `default_print_language` ON TABLE `tabPrint_Format` TYPE option<string> PERMISSIONS FULL;[0m
    [2;3mat[0m crates\spotledger-db\src\schema.rs:741

  [2m2026-04-19T18:15:53.825816Z[0m [34mDEBUG[0m [1;34mspotledger_db::schema[0m[34m: [34msync_user: field DDL ok, [1;34mdoctype[0m[34m: Print Format, [1;34mfield[0m[34m: default_print_language[0m
    [2;3mat[0m crates\spotledger-db\src\schema.rs:746

  [2m2026-04-19T18:15:53.828712Z[0m [34mDEBUG[0m [1;34mspotledger_db::schema[0m[34m: [34msync_user: executing field DDL, [1;34mdoctype[0m[34m: Print Format, [1;34mfield[0m[34m: font, [1;34msql[0m[34m: DEFINE FIELD OVERWRITE `font` ON TABLE `tabPrint_Format` TYPE option<string> PERMISSIONS FULL;[0m
    [2;3mat[0m crates\spotledger-db\src\schema.rs:741

  [2m2026-04-19T18:15:53.837193Z[0m [34mDEBUG[0m [1;34mspotledger_db::schema[0m[34m: [34msync_user: field DDL ok, [1;34mdoctype[0m[34m: Print Format, [1;34mfield[0m[34m: font[0m
    [2;3mat[0m crates\spotledger-db\src\schema.rs:746

  [2m2026-04-19T18:15:53.838300Z[0m [34mDEBUG[0m [1;34mspotledger_db::schema[0m[34m: [34msync_user: executing field DDL, [1;34mdoctype[0m[34m: Print Format, [1;34mfield[0m[34m: css, [1;34msql[0m[34m: DEFINE FIELD OVERWRITE `css` ON TABLE `tabPrint_Format` TYPE option<string> PERMISSIONS FULL;[0m
    [2;3mat[0m crates\spotledger-db\src\schema.rs:741

  [2m2026-04-19T18:15:53.842251Z[0m [34mDEBUG[0m [1;34mspotledger_db::schema[0m[34m: [34msync_user: field DDL ok, [1;34mdoctype[0m[34m: Print Format, [1;34mfield[0m[34m: css[0m
    [2;3mat[0m crates\spotledger-db\src\schema.rs:746

  [2m2026-04-19T18:15:53.842684Z[0m [34mDEBUG[0m [1;34mspotledger_db::schema[0m[34m: [34msync_user: executing field DDL, [1;34mdoctype[0m[34m: Print Format, [1;34mfield[0m[34m: format_data, [1;34msql[0m[34m: DEFINE FIELD OVERWRITE `format_data` ON TABLE `tabPrint_Format` TYPE option<string> PERMISSIONS FULL;[0m
    [2;3mat[0m crates\spotledger-db\src\schema.rs:741

  [2m2026-04-19T18:15:53.848229Z[0m [34mDEBUG[0m [1;34mspotledger_db::schema[0m[34m: [34msync_user: field DDL ok, [1;34mdoctype[0m[34m: Print Format, [1;34mfield[0m[34m: format_data[0m
    [2;3mat[0m crates\spotledger-db\src\schema.rs:746

  [2m2026-04-19T18:15:53.848688Z[0m [34mDEBUG[0m [1;34mspotledger_db::schema[0m[34m: [34msync_user: executing field DDL, [1;34mdoctype[0m[34m: Print Format, [1;34mfield[0m[34m: absolute_value, [1;34msql[0m[34m: DEFINE FIELD OVERWRITE `absolute_value` ON TABLE `tabPrint_Format` TYPE none | int PERMISSIONS FULL DEFAULT 0;[0m
    [2;3mat[0m crates\spotledger-db\src\schema.rs:741

  [2m2026-04-19T18:15:53.851591Z[0m [34mDEBUG[0m [1;34mspotledger_db::schema[0m[34m: [34msync_user: field DDL ok, [1;34mdoctype[0m[34m: Print Format, [1;34mfield[0m[34m: absolute_value[0m
    [2;3mat[0m crates\spotledger-db\src\schema.rs:746

  [2m2026-04-19T18:15:53.854854Z[0m [34mDEBUG[0m [1;34mspotledger_db::schema[0m[34m: [34msync_user: schema synced, [1;34mdoctype[0m[34m: Print Format[0m
    [2;3mat[0m crates\spotledger-db\src\schema.rs:762

  [2m2026-04-19T18:15:53.906425Z[0m [34mDEBUG[0m [1;34mspotledger_db::schema[0m[34m: [34msync_user: fields loaded, [1;34mdoctype[0m[34m: Print Heading, [1;34mfield_count[0m[34m: 2[0m
    [2;3mat[0m crates\spotledger-db\src\schema.rs:689

  [2m2026-04-19T18:15:53.907026Z[0m [34mDEBUG[0m [1;34mspotledger_db::schema[0m[34m: [34msync_user: executing field DDL, [1;34mdoctype[0m[34m: Print Heading, [1;34mfield[0m[34m: print_heading, [1;34msql[0m[34m: DEFINE FIELD OVERWRITE `print_heading` ON TABLE `tabPrint_Heading` TYPE option<string> PERMISSIONS FULL;[0m
    [2;3mat[0m crates\spotledger-db\src\schema.rs:741

  [2m2026-04-19T18:15:53.911173Z[0m [34mDEBUG[0m [1;34mspotledger_db::schema[0m[34m: [34msync_user: field DDL ok, [1;34mdoctype[0m[34m: Print Heading, [1;34mfield[0m[34m: print_heading[0m
    [2;3mat[0m crates\spotledger-db\src\schema.rs:746

  [2m2026-04-19T18:15:53.911921Z[0m [34mDEBUG[0m [1;34mspotledger_db::schema[0m[34m: [34msync_user: executing field DDL, [1;34mdoctype[0m[34m: Print Heading, [1;34mfield[0m[34m: description, [1;34msql[0m[34m: DEFINE FIELD OVERWRITE `description` ON TABLE `tabPrint_Heading` TYPE option<string> PERMISSIONS FULL;[0m
    [2;3mat[0m crates\spotledger-db\src\schema.rs:741

  [2m2026-04-19T18:15:53.915464Z[0m [34mDEBUG[0m [1;34mspotledger_db::schema[0m[34m: [34msync_user: field DDL ok, [1;34mdoctype[0m[34m: Print Heading, [1;34mfield[0m[34m: description[0m
    [2;3mat[0m crates\spotledger-db\src\schema.rs:746

  [2m2026-04-19T18:15:53.917854Z[0m [34mDEBUG[0m [1;34mspotledger_db::schema[0m[34m: [34msync_user: schema synced, [1;34mdoctype[0m[34m: Print Heading[0m
    [2;3mat[0m crates\spotledger-db\src\schema.rs:762

  [2m2026-04-19T18:15:53.950492Z[0m [34mDEBUG[0m [1;34mspotledger_db::schema[0m[34m: [34msync_user: fields loaded, [1;34mdoctype[0m[34m: Print Settings, [1;34mfield_count[0m[34m: 13[0m
    [2;3mat[0m crates\spotledger-db\src\schema.rs:689

  [2m2026-04-19T18:15:53.951071Z[0m [34mDEBUG[0m [1;34mspotledger_db::schema[0m[34m: [34msync_user: executing field DDL, [1;34mdoctype[0m[34m: Print Settings, [1;34mfield[0m[34m: print_style, [1;34msql[0m[34m: DEFINE FIELD OVERWRITE `print_style` ON TABLE `tabPrint_Settings` TYPE option<string> PERMISSIONS FULL;[0m
    [2;3mat[0m crates\spotledger-db\src\schema.rs:741

  [2m2026-04-19T18:15:53.954160Z[0m [34mDEBUG[0m [1;34mspotledger_db::schema[0m[34m: [34msync_user: field DDL ok, [1;34mdoctype[0m[34m: Print Settings, [1;34mfield[0m[34m: print_style[0m
    [2;3mat[0m crates\spotledger-db\src\schema.rs:746

  [2m2026-04-19T18:15:53.954564Z[0m [34mDEBUG[0m [1;34mspotledger_db::schema[0m[34m: [34msync_user: executing field DDL, [1;34mdoctype[0m[34m: Print Settings, [1;34mfield[0m[34m: print_with_letterhead, [1;34msql[0m[34m: DEFINE FIELD OVERWRITE `print_with_letterhead` ON TABLE `tabPrint_Settings` TYPE none | int PERMISSIONS FULL DEFAULT 0;[0m
    [2;3mat[0m crates\spotledger-db\src\schema.rs:741

  [2m2026-04-19T18:15:53.957884Z[0m [34mDEBUG[0m [1;34mspotledger_db::schema[0m[34m: [34msync_user: field DDL ok, [1;34mdoctype[0m[34m: Print Settings, [1;34mfield[0m[34m: print_with_letterhead[0m
    [2;3mat[0m crates\spotledger-db\src\schema.rs:746

  [2m2026-04-19T18:15:53.958348Z[0m [34mDEBUG[0m [1;34mspotledger_db::schema[0m[34m: [34msync_user: executing field DDL, [1;34mdoctype[0m[34m: Print Settings, [1;34mfield[0m[34m: allow_print_for_draft, [1;34msql[0m[34m: DEFINE FIELD OVERWRITE `allow_print_for_draft` ON TABLE `tabPrint_Settings` TYPE none | int PERMISSIONS FULL DEFAULT 0;[0m
    [2;3mat[0m crates\spotledger-db\src\schema.rs:741

  [2m2026-04-19T18:15:53.963131Z[0m [34mDEBUG[0m [1;34mspotledger_db::schema[0m[34m: [34msync_user: field DDL ok, [1;34mdoctype[0m[34m: Print Settings, [1;34mfield[0m[34m: allow_print_for_draft[0m
    [2;3mat[0m crates\spotledger-db\src\schema.rs:746

  [2m2026-04-19T18:15:53.963757Z[0m [34mDEBUG[0m [1;34mspotledger_db::schema[0m[34m: [34msync_user: executing field DDL, [1;34mdoctype[0m[34m: Print Settings, [1;34mfield[0m[34m: allow_print_for_cancelled, [1;34msql[0m[34m: DEFINE FIELD OVERWRITE `allow_print_for_cancelled` ON TABLE `tabPrint_Settings` TYPE none | int PERMISSIONS FULL DEFAULT 0;[0m
    [2;3mat[0m crates\spotledger-db\src\schema.rs:741

  [2m2026-04-19T18:15:53.967086Z[0m [34mDEBUG[0m [1;34mspotledger_db::schema[0m[34m: [34msync_user: field DDL ok, [1;34mdoctype[0m[34m: Print Settings, [1;34mfield[0m[34m: allow_print_for_cancelled[0m
    [2;3mat[0m crates\spotledger-db\src\schema.rs:746

  [2m2026-04-19T18:15:53.967452Z[0m [34mDEBUG[0m [1;34mspotledger_db::schema[0m[34m: [34msync_user: executing field DDL, [1;34mdoctype[0m[34m: Print Settings, [1;34mfield[0m[34m: allow_landscape_mode, [1;34msql[0m[34m: DEFINE FIELD OVERWRITE `allow_landscape_mode` ON TABLE `tabPrint_Settings` TYPE none | int PERMISSIONS FULL DEFAULT 0;[0m
    [2;3mat[0m crates\spotledger-db\src\schema.rs:741

  [2m2026-04-19T18:15:53.970358Z[0m [34mDEBUG[0m [1;34mspotledger_db::schema[0m[34m: [34msync_user: field DDL ok, [1;34mdoctype[0m[34m: Print Settings, [1;34mfield[0m[34m: allow_landscape_mode[0m
    [2;3mat[0m crates\spotledger-db\src\schema.rs:746

  [2m2026-04-19T18:15:53.970725Z[0m [34mDEBUG[0m [1;34mspotledger_db::schema[0m[34m: [34msync_user: executing field DDL, [1;34mdoctype[0m[34m: Print Settings, [1;34mfield[0m[34m: repeat_header_footer, [1;34msql[0m[34m: DEFINE FIELD OVERWRITE `repeat_header_footer` ON TABLE `tabPrint_Settings` TYPE none | int PERMISSIONS FULL DEFAULT 0;[0m
    [2;3mat[0m crates\spotledger-db\src\schema.rs:741

  [2m2026-04-19T18:15:53.975112Z[0m [34mDEBUG[0m [1;34mspotledger_db::schema[0m[34m: [34msync_user: field DDL ok, [1;34mdoctype[0m[34m: Print Settings, [1;34mfield[0m[34m: repeat_header_footer[0m
    [2;3mat[0m crates\spotledger-db\src\schema.rs:746

  [2m2026-04-19T18:15:53.975705Z[0m [34mDEBUG[0m [1;34mspotledger_db::schema[0m[34m: [34msync_user: executing field DDL, [1;34mdoctype[0m[34m: Print Settings, [1;34mfield[0m[34m: with_letterhead, [1;34msql[0m[34m: DEFINE FIELD OVERWRITE `with_letterhead` ON TABLE `tabPrint_Settings` TYPE none | int PERMISSIONS FULL DEFAULT 0;[0m
    [2;3mat[0m crates\spotledger-db\src\schema.rs:741

  [2m2026-04-19T18:15:53.981762Z[0m [34mDEBUG[0m [1;34mspotledger_db::schema[0m[34m: [34msync_user: field DDL ok, [1;34mdoctype[0m[34m: Print Settings, [1;34mfield[0m[34m: with_letterhead[0m
    [2;3mat[0m crates\spotledger-db\src\schema.rs:746

  [2m2026-04-19T18:15:53.982179Z[0m [34mDEBUG[0m [1;34mspotledger_db::schema[0m[34m: [34msync_user: executing field DDL, [1;34mdoctype[0m[34m: Print Settings, [1;34mfield[0m[34m: compact_item_print, [1;34msql[0m[34m: DEFINE FIELD OVERWRITE `compact_item_print` ON TABLE `tabPrint_Settings` TYPE none | int PERMISSIONS FULL DEFAULT 0;[0m
    [2;3mat[0m crates\spotledger-db\src\schema.rs:741

  [2m2026-04-19T18:15:53.985620Z[0m [34mDEBUG[0m [1;34mspotledger_db::schema[0m[34m: [34msync_user: field DDL ok, [1;34mdoctype[0m[34m: Print Settings, [1;34mfield[0m[34m: compact_item_print[0m
    [2;3mat[0m crates\spotledger-db\src\schema.rs:746

  [2m2026-04-19T18:15:53.985963Z[0m [34mDEBUG[0m [1;34mspotledger_db::schema[0m[34m: [34msync_user: executing field DDL, [1;34mdoctype[0m[34m: Print Settings, [1;34mfield[0m[34m: send_print_as_pdf, [1;34msql[0m[34m: DEFINE FIELD OVERWRITE `send_print_as_pdf` ON TABLE `tabPrint_Settings` TYPE none | int PERMISSIONS FULL DEFAULT 0;[0m
    [2;3mat[0m crates\spotledger-db\src\schema.rs:741

  [2m2026-04-19T18:15:53.989509Z[0m [34mDEBUG[0m [1;34mspotledger_db::schema[0m[34m: [34msync_user: field DDL ok, [1;34mdoctype[0m[34m: Print Settings, [1;34mfield[0m[34m: send_print_as_pdf[0m
    [2;3mat[0m crates\spotledger-db\src\schema.rs:746

  [2m2026-04-19T18:15:53.990078Z[0m [34mDEBUG[0m [1;34mspotledger_db::schema[0m[34m: [34msync_user: executing field DDL, [1;34mdoctype[0m[34m: Print Settings, [1;34mfield[0m[34m: pdf_page_size, [1;34msql[0m[34m: DEFINE FIELD OVERWRITE `pdf_page_size` ON TABLE `tabPrint_Settings` TYPE option<string> PERMISSIONS FULL;[0m
    [2;3mat[0m crates\spotledger-db\src\schema.rs:741

  [2m2026-04-19T18:15:53.994978Z[0m [34mDEBUG[0m [1;34mspotledger_db::schema[0m[34m: [34msync_user: field DDL ok, [1;34mdoctype[0m[34m: Print Settings, [1;34mfield[0m[34m: pdf_page_size[0m
    [2;3mat[0m crates\spotledger-db\src\schema.rs:746

  [2m2026-04-19T18:15:53.995711Z[0m [34mDEBUG[0m [1;34mspotledger_db::schema[0m[34m: [34msync_user: executing field DDL, [1;34mdoctype[0m[34m: Print Settings, [1;34mfield[0m[34m: pdf_orientation, [1;34msql[0m[34m: DEFINE FIELD OVERWRITE `pdf_orientation` ON TABLE `tabPrint_Settings` TYPE option<string> PERMISSIONS FULL;[0m
    [2;3mat[0m crates\spotledger-db\src\schema.rs:741

  [2m2026-04-19T18:15:53.999533Z[0m [34mDEBUG[0m [1;34mspotledger_db::schema[0m[34m: [34msync_user: field DDL ok, [1;34mdoctype[0m[34m: Print Settings, [1;34mfield[0m[34m: pdf_orientation[0m
    [2;3mat[0m crates\spotledger-db\src\schema.rs:746

  [2m2026-04-19T18:15:53.999896Z[0m [34mDEBUG[0m [1;34mspotledger_db::schema[0m[34m: [34msync_user: executing field DDL, [1;34mdoctype[0m[34m: Print Settings, [1;34mfield[0m[34m: enable_raw_printing, [1;34msql[0m[34m: DEFINE FIELD OVERWRITE `enable_raw_printing` ON TABLE `tabPrint_Settings` TYPE none | int PERMISSIONS FULL DEFAULT 0;[0m
    [2;3mat[0m crates\spotledger-db\src\schema.rs:741

  [2m2026-04-19T18:15:54.003079Z[0m [34mDEBUG[0m [1;34mspotledger_db::schema[0m[34m: [34msync_user: field DDL ok, [1;34mdoctype[0m[34m: Print Settings, [1;34mfield[0m[34m: enable_raw_printing[0m
    [2;3mat[0m crates\spotledger-db\src\schema.rs:746

  [2m2026-04-19T18:15:54.003564Z[0m [34mDEBUG[0m [1;34mspotledger_db::schema[0m[34m: [34msync_user: executing field DDL, [1;34mdoctype[0m[34m: Print Settings, [1;34mfield[0m[34m: add_draft_heading, [1;34msql[0m[34m: DEFINE FIELD OVERWRITE `add_draft_heading` ON TABLE `tabPrint_Settings` TYPE none | int PERMISSIONS FULL DEFAULT 0;[0m
    [2;3mat[0m crates\spotledger-db\src\schema.rs:741

  [2m2026-04-19T18:15:54.007013Z[0m [34mDEBUG[0m [1;34mspotledger_db::schema[0m[34m: [34msync_user: field DDL ok, [1;34mdoctype[0m[34m: Print Settings, [1;34mfield[0m[34m: add_draft_heading[0m
    [2;3mat[0m crates\spotledger-db\src\schema.rs:746

  [2m2026-04-19T18:15:54.011268Z[0m [34mDEBUG[0m [1;34mspotledger_db::schema[0m[34m: [34msync_user: schema synced, [1;34mdoctype[0m[34m: Print Settings[0m
    [2;3mat[0m crates\spotledger-db\src\schema.rs:762

  [2m2026-04-19T18:15:54.062782Z[0m [34mDEBUG[0m [1;34mspotledger_db::schema[0m[34m: [34msync_user: fields loaded, [1;34mdoctype[0m[34m: Salutation, [1;34mfield_count[0m[34m: 1[0m
    [2;3mat[0m crates\spotledger-db\src\schema.rs:689

  [2m2026-04-19T18:15:54.065906Z[0m [34mDEBUG[0m [1;34mspotledger_db::schema[0m[34m: [34msync_user: executing field DDL, [1;34mdoctype[0m[34m: Salutation, [1;34mfield[0m[34m: salutation, [1;34msql[0m[34m: DEFINE FIELD OVERWRITE `salutation` ON TABLE `tabSalutation` TYPE option<string> PERMISSIONS FULL;[0m
    [2;3mat[0m crates\spotledger-db\src\schema.rs:741

  [2m2026-04-19T18:15:54.073198Z[0m [34mDEBUG[0m [1;34mspotledger_db::schema[0m[34m: [34msync_user: field DDL ok, [1;34mdoctype[0m[34m: Salutation, [1;34mfield[0m[34m: salutation[0m
    [2;3mat[0m crates\spotledger-db\src\schema.rs:746

  [2m2026-04-19T18:15:54.077984Z[0m [34mDEBUG[0m [1;34mspotledger_db::schema[0m[34m: [34msync_user: schema synced, [1;34mdoctype[0m[34m: Salutation[0m
    [2;3mat[0m crates\spotledger-db\src\schema.rs:762

  [2m2026-04-19T18:15:54.116074Z[0m [34mDEBUG[0m [1;34mspotledger_db::schema[0m[34m: [34msync_user: fields loaded, [1;34mdoctype[0m[34m: Scheduled Job Type, [1;34mfield_count[0m[34m: 8[0m
    [2;3mat[0m crates\spotledger-db\src\schema.rs:689

  [2m2026-04-19T18:15:54.116670Z[0m [34mDEBUG[0m [1;34mspotledger_db::schema[0m[34m: [34msync_user: executing field DDL, [1;34mdoctype[0m[34m: Scheduled Job Type, [1;34mfield[0m[34m: method, [1;34msql[0m[34m: DEFINE FIELD OVERWRITE `method` ON TABLE `tabScheduled_Job_Type` TYPE option<string> PERMISSIONS FULL;[0m
    [2;3mat[0m crates\spotledger-db\src\schema.rs:741

  [2m2026-04-19T18:15:54.120053Z[0m [34mDEBUG[0m [1;34mspotledger_db::schema[0m[34m: [34msync_user: field DDL ok, [1;34mdoctype[0m[34m: Scheduled Job Type, [1;34mfield[0m[34m: method[0m
    [2;3mat[0m crates\spotledger-db\src\schema.rs:746

  [2m2026-04-19T18:15:54.120686Z[0m [34mDEBUG[0m [1;34mspotledger_db::schema[0m[34m: [34msync_user: executing field DDL, [1;34mdoctype[0m[34m: Scheduled Job Type, [1;34mfield[0m[34m: frequency, [1;34msql[0m[34m: DEFINE FIELD OVERWRITE `frequency` ON TABLE `tabScheduled_Job_Type` TYPE option<string> PERMISSIONS FULL;[0m
    [2;3mat[0m crates\spotledger-db\src\schema.rs:741

  [2m2026-04-19T18:15:54.124306Z[0m [34mDEBUG[0m [1;34mspotledger_db::schema[0m[34m: [34msync_user: field DDL ok, [1;34mdoctype[0m[34m: Scheduled Job Type, [1;34mfield[0m[34m: frequency[0m
    [2;3mat[0m crates\spotledger-db\src\schema.rs:746

  [2m2026-04-19T18:15:54.124846Z[0m [34mDEBUG[0m [1;34mspotledger_db::schema[0m[34m: [34msync_user: executing field DDL, [1;34mdoctype[0m[34m: Scheduled Job Type, [1;34mfield[0m[34m: cron_format, [1;34msql[0m[34m: DEFINE FIELD OVERWRITE `cron_format` ON TABLE `tabScheduled_Job_Type` TYPE option<string> PERMISSIONS FULL;[0m
    [2;3mat[0m crates\spotledger-db\src\schema.rs:741

  [2m2026-04-19T18:15:54.130199Z[0m [34mDEBUG[0m [1;34mspotledger_db::schema[0m[34m: [34msync_user: field DDL ok, [1;34mdoctype[0m[34m: Scheduled Job Type, [1;34mfield[0m[34m: cron_format[0m
    [2;3mat[0m crates\spotledger-db\src\schema.rs:746

  [2m2026-04-19T18:15:54.130780Z[0m [34mDEBUG[0m [1;34mspotledger_db::schema[0m[34m: [34msync_user: executing field DDL, [1;34mdoctype[0m[34m: Scheduled Job Type, [1;34mfield[0m[34m: last_execution, [1;34msql[0m[34m: DEFINE FIELD OVERWRITE `last_execution` ON TABLE `tabScheduled_Job_Type` TYPE option<datetime> PERMISSIONS FULL;[0m
    [2;3mat[0m crates\spotledger-db\src\schema.rs:741

  [2m2026-04-19T18:15:54.133894Z[0m [34mDEBUG[0m [1;34mspotledger_db::schema[0m[34m: [34msync_user: field DDL ok, [1;34mdoctype[0m[34m: Scheduled Job Type, [1;34mfield[0m[34m: last_execution[0m
    [2;3mat[0m crates\spotledger-db\src\schema.rs:746

  [2m2026-04-19T18:15:54.134439Z[0m [34mDEBUG[0m [1;34mspotledger_db::schema[0m[34m: [34msync_user: executing field DDL, [1;34mdoctype[0m[34m: Scheduled Job Type, [1;34mfield[0m[34m: next_execution, [1;34msql[0m[34m: DEFINE FIELD OVERWRITE `next_execution` ON TABLE `tabScheduled_Job_Type` TYPE option<datetime> PERMISSIONS FULL;[0m
    [2;3mat[0m crates\spotledger-db\src\schema.rs:741

  [2m2026-04-19T18:15:54.137661Z[0m [34mDEBUG[0m [1;34mspotledger_db::schema[0m[34m: [34msync_user: field DDL ok, [1;34mdoctype[0m[34m: Scheduled Job Type, [1;34mfield[0m[34m: next_execution[0m
    [2;3mat[0m crates\spotledger-db\src\schema.rs:746

  [2m2026-04-19T18:15:54.138138Z[0m [34mDEBUG[0m [1;34mspotledger_db::schema[0m[34m: [34msync_user: executing field DDL, [1;34mdoctype[0m[34m: Scheduled Job Type, [1;34mfield[0m[34m: stopped, [1;34msql[0m[34m: DEFINE FIELD OVERWRITE `stopped` ON TABLE `tabScheduled_Job_Type` TYPE none | int PERMISSIONS FULL DEFAULT 0;[0m
    [2;3mat[0m crates\spotledger-db\src\schema.rs:741

  [2m2026-04-19T18:15:54.141115Z[0m [34mDEBUG[0m [1;34mspotledger_db::schema[0m[34m: [34msync_user: field DDL ok, [1;34mdoctype[0m[34m: Scheduled Job Type, [1;34mfield[0m[34m: stopped[0m
    [2;3mat[0m crates\spotledger-db\src\schema.rs:746

  [2m2026-04-19T18:15:54.141636Z[0m [34mDEBUG[0m [1;34mspotledger_db::schema[0m[34m: [34msync_user: executing field DDL, [1;34mdoctype[0m[34m: Scheduled Job Type, [1;34mfield[0m[34m: create_log, [1;34msql[0m[34m: DEFINE FIELD OVERWRITE `create_log` ON TABLE `tabScheduled_Job_Type` TYPE none | int PERMISSIONS FULL DEFAULT 0;[0m
    [2;3mat[0m crates\spotledger-db\src\schema.rs:741

  [2m2026-04-19T18:15:54.146432Z[0m [34mDEBUG[0m [1;34mspotledger_db::schema[0m[34m: [34msync_user: field DDL ok, [1;34mdoctype[0m[34m: Scheduled Job Type, [1;34mfield[0m[34m: create_log[0m
    [2;3mat[0m crates\spotledger-db\src\schema.rs:746

  [2m2026-04-19T18:15:54.147172Z[0m [34mDEBUG[0m [1;34mspotledger_db::schema[0m[34m: [34msync_user: executing field DDL, [1;34mdoctype[0m[34m: Scheduled Job Type, [1;34mfield[0m[34m: server_script, [1;34msql[0m[34m: DEFINE FIELD OVERWRITE `server_script` ON TABLE `tabScheduled_Job_Type` TYPE option<string> PERMISSIONS FULL;[0m
    [2;3mat[0m crates\spotledger-db\src\schema.rs:741

  [2m2026-04-19T18:15:54.150199Z[0m [34mDEBUG[0m [1;34mspotledger_db::schema[0m[34m: [34msync_user: field DDL ok, [1;34mdoctype[0m[34m: Scheduled Job Type, [1;34mfield[0m[34m: server_script[0m
    [2;3mat[0m crates\spotledger-db\src\schema.rs:746

  [2m2026-04-19T18:15:54.153058Z[0m [34mDEBUG[0m [1;34mspotledger_db::schema[0m[34m: [34msync_user: schema synced, [1;34mdoctype[0m[34m: Scheduled Job Type[0m
    [2;3mat[0m crates\spotledger-db\src\schema.rs:762

  [2m2026-04-19T18:15:54.190327Z[0m [34mDEBUG[0m [1;34mspotledger_db::schema[0m[34m: [34msync_user: fields loaded, [1;34mdoctype[0m[34m: Server Script, [1;34mfield_count[0m[34m: 9[0m
    [2;3mat[0m crates\spotledger-db\src\schema.rs:689

  [2m2026-04-19T18:15:54.190849Z[0m [34mDEBUG[0m [1;34mspotledger_db::schema[0m[34m: [34msync_user: executing field DDL, [1;34mdoctype[0m[34m: Server Script, [1;34mfield[0m[34m: name, [1;34msql[0m[34m: DEFINE FIELD OVERWRITE `name` ON TABLE `tabServer_Script` TYPE option<string> PERMISSIONS FULL;[0m
    [2;3mat[0m crates\spotledger-db\src\schema.rs:741

  [2m2026-04-19T18:15:54.195754Z[0m [34mDEBUG[0m [1;34mspotledger_db::schema[0m[34m: [34msync_user: field DDL ok, [1;34mdoctype[0m[34m: Server Script, [1;34mfield[0m[34m: name[0m
    [2;3mat[0m crates\spotledger-db\src\schema.rs:746

  [2m2026-04-19T18:15:54.196475Z[0m [34mDEBUG[0m [1;34mspotledger_db::schema[0m[34m: [34msync_user: executing field DDL, [1;34mdoctype[0m[34m: Server Script, [1;34mfield[0m[34m: script_type, [1;34msql[0m[34m: DEFINE FIELD OVERWRITE `script_type` ON TABLE `tabServer_Script` TYPE option<string> PERMISSIONS FULL;[0m
    [2;3mat[0m crates\spotledger-db\src\schema.rs:741

  [2m2026-04-19T18:15:54.199470Z[0m [34mDEBUG[0m [1;34mspotledger_db::schema[0m[34m: [34msync_user: field DDL ok, [1;34mdoctype[0m[34m: Server Script, [1;34mfield[0m[34m: script_type[0m
    [2;3mat[0m crates\spotledger-db\src\schema.rs:746

  [2m2026-04-19T18:15:54.199864Z[0m [34mDEBUG[0m [1;34mspotledger_db::schema[0m[34m: [34msync_user: executing field DDL, [1;34mdoctype[0m[34m: Server Script, [1;34mfield[0m[34m: reference_doctype, [1;34msql[0m[34m: DEFINE FIELD OVERWRITE `reference_doctype` ON TABLE `tabServer_Script` TYPE option<string> PERMISSIONS FULL;[0m
    [2;3mat[0m crates\spotledger-db\src\schema.rs:741

  [2m2026-04-19T18:15:54.202523Z[0m [34mDEBUG[0m [1;34mspotledger_db::schema[0m[34m: [34msync_user: field DDL ok, [1;34mdoctype[0m[34m: Server Script, [1;34mfield[0m[34m: reference_doctype[0m
    [2;3mat[0m crates\spotledger-db\src\schema.rs:746

  [2m2026-04-19T18:15:54.202920Z[0m [34mDEBUG[0m [1;34mspotledger_db::schema[0m[34m: [34msync_user: executing field DDL, [1;34mdoctype[0m[34m: Server Script, [1;34mfield[0m[34m: doctype_event, [1;34msql[0m[34m: DEFINE FIELD OVERWRITE `doctype_event` ON TABLE `tabServer_Script` TYPE option<string> PERMISSIONS FULL;[0m
    [2;3mat[0m crates\spotledger-db\src\schema.rs:741

  [2m2026-04-19T18:15:54.205525Z[0m [34mDEBUG[0m [1;34mspotledger_db::schema[0m[34m: [34msync_user: field DDL ok, [1;34mdoctype[0m[34m: Server Script, [1;34mfield[0m[34m: doctype_event[0m
    [2;3mat[0m crates\spotledger-db\src\schema.rs:746

  [2m2026-04-19T18:15:54.205888Z[0m [34mDEBUG[0m [1;34mspotledger_db::schema[0m[34m: [34msync_user: executing field DDL, [1;34mdoctype[0m[34m: Server Script, [1;34mfield[0m[34m: method_name, [1;34msql[0m[34m: DEFINE FIELD OVERWRITE `method_name` ON TABLE `tabServer_Script` TYPE option<string> PERMISSIONS FULL;[0m
    [2;3mat[0m crates\spotledger-db\src\schema.rs:741

  [2m2026-04-19T18:15:54.208506Z[0m [34mDEBUG[0m [1;34mspotledger_db::schema[0m[34m: [34msync_user: field DDL ok, [1;34mdoctype[0m[34m: Server Script, [1;34mfield[0m[34m: method_name[0m
    [2;3mat[0m crates\spotledger-db\src\schema.rs:746

  [2m2026-04-19T18:15:54.208858Z[0m [34mDEBUG[0m [1;34mspotledger_db::schema[0m[34m: [34msync_user: executing field DDL, [1;34mdoctype[0m[34m: Server Script, [1;34mfield[0m[34m: enabled, [1;34msql[0m[34m: DEFINE FIELD OVERWRITE `enabled` ON TABLE `tabServer_Script` TYPE none | int PERMISSIONS FULL DEFAULT 0;[0m
    [2;3mat[0m crates\spotledger-db\src\schema.rs:741

  [2m2026-04-19T18:15:54.212546Z[0m [34mDEBUG[0m [1;34mspotledger_db::schema[0m[34m: [34msync_user: field DDL ok, [1;34mdoctype[0m[34m: Server Script, [1;34mfield[0m[34m: enabled[0m
    [2;3mat[0m crates\spotledger-db\src\schema.rs:746

  [2m2026-04-19T18:15:54.213120Z[0m [34mDEBUG[0m [1;34mspotledger_db::schema[0m[34m: [34msync_user: executing field DDL, [1;34mdoctype[0m[34m: Server Script, [1;34mfield[0m[34m: allow_guest, [1;34msql[0m[34m: DEFINE FIELD OVERWRITE `allow_guest` ON TABLE `tabServer_Script` TYPE none | int PERMISSIONS FULL DEFAULT 0;[0m
    [2;3mat[0m crates\spotledger-db\src\schema.rs:741

  [2m2026-04-19T18:15:54.215921Z[0m [34mDEBUG[0m [1;34mspotledger_db::schema[0m[34m: [34msync_user: field DDL ok, [1;34mdoctype[0m[34m: Server Script, [1;34mfield[0m[34m: allow_guest[0m
    [2;3mat[0m crates\spotledger-db\src\schema.rs:746

  [2m2026-04-19T18:15:54.216366Z[0m [34mDEBUG[0m [1;34mspotledger_db::schema[0m[34m: [34msync_user: executing field DDL, [1;34mdoctype[0m[34m: Server Script, [1;34mfield[0m[34m: script, [1;34msql[0m[34m: DEFINE FIELD OVERWRITE `script` ON TABLE `tabServer_Script` TYPE option<string> PERMISSIONS FULL;[0m
    [2;3mat[0m crates\spotledger-db\src\schema.rs:741

  [2m2026-04-19T18:15:54.218957Z[0m [34mDEBUG[0m [1;34mspotledger_db::schema[0m[34m: [34msync_user: field DDL ok, [1;34mdoctype[0m[34m: Server Script, [1;34mfield[0m[34m: script[0m
    [2;3mat[0m crates\spotledger-db\src\schema.rs:746

  [2m2026-04-19T18:15:54.219435Z[0m [34mDEBUG[0m [1;34mspotledger_db::schema[0m[34m: [34msync_user: executing field DDL, [1;34mdoctype[0m[34m: Server Script, [1;34mfield[0m[34m: error_log, [1;34msql[0m[34m: DEFINE FIELD OVERWRITE `error_log` ON TABLE `tabServer_Script` TYPE option<string> PERMISSIONS FULL;[0m
    [2;3mat[0m crates\spotledger-db\src\schema.rs:741

  [2m2026-04-19T18:15:54.221840Z[0m [34mDEBUG[0m [1;34mspotledger_db::schema[0m[34m: [34msync_user: field DDL ok, [1;34mdoctype[0m[34m: Server Script, [1;34mfield[0m[34m: error_log[0m
    [2;3mat[0m crates\spotledger-db\src\schema.rs:746

  [2m2026-04-19T18:15:54.224315Z[0m [34mDEBUG[0m [1;34mspotledger_db::schema[0m[34m: [34msync_user: schema synced, [1;34mdoctype[0m[34m: Server Script[0m
    [2;3mat[0m crates\spotledger-db\src\schema.rs:762

  [2m2026-04-19T18:15:54.255109Z[0m [34mDEBUG[0m [1;34mspotledger_db::schema[0m[34m: [34msync_user: fields loaded, [1;34mdoctype[0m[34m: State, [1;34mfield_count[0m[34m: 2[0m
    [2;3mat[0m crates\spotledger-db\src\schema.rs:689

  [2m2026-04-19T18:15:54.255688Z[0m [34mDEBUG[0m [1;34mspotledger_db::schema[0m[34m: [34msync_user: executing field DDL, [1;34mdoctype[0m[34m: State, [1;34mfield[0m[34m: state_name, [1;34msql[0m[34m: DEFINE FIELD OVERWRITE `state_name` ON TABLE `tabState` TYPE option<string> PERMISSIONS FULL;[0m
    [2;3mat[0m crates\spotledger-db\src\schema.rs:741

  [2m2026-04-19T18:15:54.259145Z[0m [34mDEBUG[0m [1;34mspotledger_db::schema[0m[34m: [34msync_user: field DDL ok, [1;34mdoctype[0m[34m: State, [1;34mfield[0m[34m: state_name[0m
    [2;3mat[0m crates\spotledger-db\src\schema.rs:746

  [2m2026-04-19T18:15:54.259812Z[0m [34mDEBUG[0m [1;34mspotledger_db::schema[0m[34m: [34msync_user: executing field DDL, [1;34mdoctype[0m[34m: State, [1;34mfield[0m[34m: country, [1;34msql[0m[34m: DEFINE FIELD OVERWRITE `country` ON TABLE `tabState` TYPE option<string> PERMISSIONS FULL;[0m
    [2;3mat[0m crates\spotledger-db\src\schema.rs:741

  [2m2026-04-19T18:15:54.263558Z[0m [34mDEBUG[0m [1;34mspotledger_db::schema[0m[34m: [34msync_user: field DDL ok, [1;34mdoctype[0m[34m: State, [1;34mfield[0m[34m: country[0m
    [2;3mat[0m crates\spotledger-db\src\schema.rs:746

  [2m2026-04-19T18:15:54.266323Z[0m [34mDEBUG[0m [1;34mspotledger_db::schema[0m[34m: [34msync_user: schema synced, [1;34mdoctype[0m[34m: State[0m
    [2;3mat[0m crates\spotledger-db\src\schema.rs:762

  [2m2026-04-19T18:15:54.302303Z[0m [34mDEBUG[0m [1;34mspotledger_db::schema[0m[34m: [34msync_user: fields loaded, [1;34mdoctype[0m[34m: System Settings, [1;34mfield_count[0m[34m: 30[0m
    [2;3mat[0m crates\spotledger-db\src\schema.rs:689

  [2m2026-04-19T18:15:54.302715Z[0m [34mDEBUG[0m [1;34mspotledger_db::schema[0m[34m: [34msync_user: executing field DDL, [1;34mdoctype[0m[34m: System Settings, [1;34mfield[0m[34m: country, [1;34msql[0m[34m: DEFINE FIELD OVERWRITE `country` ON TABLE `tabSystem_Settings` TYPE option<string> PERMISSIONS FULL;[0m
    [2;3mat[0m crates\spotledger-db\src\schema.rs:741

  [2m2026-04-19T18:15:54.307122Z[0m [34mDEBUG[0m [1;34mspotledger_db::schema[0m[34m: [34msync_user: field DDL ok, [1;34mdoctype[0m[34m: System Settings, [1;34mfield[0m[34m: country[0m
    [2;3mat[0m crates\spotledger-db\src\schema.rs:746

  [2m2026-04-19T18:15:54.307595Z[0m [34mDEBUG[0m [1;34mspotledger_db::schema[0m[34m: [34msync_user: executing field DDL, [1;34mdoctype[0m[34m: System Settings, [1;34mfield[0m[34m: language, [1;34msql[0m[34m: DEFINE FIELD OVERWRITE `language` ON TABLE `tabSystem_Settings` TYPE option<string> PERMISSIONS FULL;[0m
    [2;3mat[0m crates\spotledger-db\src\schema.rs:741

  [2m2026-04-19T18:15:54.311741Z[0m [34mDEBUG[0m [1;34mspotledger_db::schema[0m[34m: [34msync_user: field DDL ok, [1;34mdoctype[0m[34m: System Settings, [1;34mfield[0m[34m: language[0m
    [2;3mat[0m crates\spotledger-db\src\schema.rs:746

  [2m2026-04-19T18:15:54.312533Z[0m [34mDEBUG[0m [1;34mspotledger_db::schema[0m[34m: [34msync_user: executing field DDL, [1;34mdoctype[0m[34m: System Settings, [1;34mfield[0m[34m: time_zone, [1;34msql[0m[34m: DEFINE FIELD OVERWRITE `time_zone` ON TABLE `tabSystem_Settings` TYPE option<string> PERMISSIONS FULL;[0m
    [2;3mat[0m crates\spotledger-db\src\schema.rs:741

  [2m2026-04-19T18:15:54.315981Z[0m [34mDEBUG[0m [1;34mspotledger_db::schema[0m[34m: [34msync_user: field DDL ok, [1;34mdoctype[0m[34m: System Settings, [1;34mfield[0m[34m: time_zone[0m
    [2;3mat[0m crates\spotledger-db\src\schema.rs:746

  [2m2026-04-19T18:15:54.316608Z[0m [34mDEBUG[0m [1;34mspotledger_db::schema[0m[34m: [34msync_user: executing field DDL, [1;34mdoctype[0m[34m: System Settings, [1;34mfield[0m[34m: date_format, [1;34msql[0m[34m: DEFINE FIELD OVERWRITE `date_format` ON TABLE `tabSystem_Settings` TYPE option<string> PERMISSIONS FULL;[0m
    [2;3mat[0m crates\spotledger-db\src\schema.rs:741

  [2m2026-04-19T18:15:54.320785Z[0m [34mDEBUG[0m [1;34mspotledger_db::schema[0m[34m: [34msync_user: field DDL ok, [1;34mdoctype[0m[34m: System Settings, [1;34mfield[0m[34m: date_format[0m
    [2;3mat[0m crates\spotledger-db\src\schema.rs:746

  [2m2026-04-19T18:15:54.321330Z[0m [34mDEBUG[0m [1;34mspotledger_db::schema[0m[34m: [34msync_user: executing field DDL, [1;34mdoctype[0m[34m: System Settings, [1;34mfield[0m[34m: time_format, [1;34msql[0m[34m: DEFINE FIELD OVERWRITE `time_format` ON TABLE `tabSystem_Settings` TYPE option<string> PERMISSIONS FULL;[0m
    [2;3mat[0m crates\spotledger-db\src\schema.rs:741

  [2m2026-04-19T18:15:54.324841Z[0m [34mDEBUG[0m [1;34mspotledger_db::schema[0m[34m: [34msync_user: field DDL ok, [1;34mdoctype[0m[34m: System Settings, [1;34mfield[0m[34m: time_format[0m
    [2;3mat[0m crates\spotledger-db\src\schema.rs:746

  [2m2026-04-19T18:15:54.325395Z[0m [34mDEBUG[0m [1;34mspotledger_db::schema[0m[34m: [34msync_user: executing field DDL, [1;34mdoctype[0m[34m: System Settings, [1;34mfield[0m[34m: float_precision, [1;34msql[0m[34m: DEFINE FIELD OVERWRITE `float_precision` ON TABLE `tabSystem_Settings` TYPE option<string> PERMISSIONS FULL;[0m
    [2;3mat[0m crates\spotledger-db\src\schema.rs:741

  [2m2026-04-19T18:15:54.329523Z[0m [34mDEBUG[0m [1;34mspotledger_db::schema[0m[34m: [34msync_user: field DDL ok, [1;34mdoctype[0m[34m: System Settings, [1;34mfield[0m[34m: float_precision[0m
    [2;3mat[0m crates\spotledger-db\src\schema.rs:746

  [2m2026-04-19T18:15:54.329981Z[0m [34mDEBUG[0m [1;34mspotledger_db::schema[0m[34m: [34msync_user: executing field DDL, [1;34mdoctype[0m[34m: System Settings, [1;34mfield[0m[34m: currency_precision, [1;34msql[0m[34m: DEFINE FIELD OVERWRITE `currency_precision` ON TABLE `tabSystem_Settings` TYPE option<string> PERMISSIONS FULL;[0m
    [2;3mat[0m crates\spotledger-db\src\schema.rs:741

  [2m2026-04-19T18:15:54.333746Z[0m [34mDEBUG[0m [1;34mspotledger_db::schema[0m[34m: [34msync_user: field DDL ok, [1;34mdoctype[0m[34m: System Settings, [1;34mfield[0m[34m: currency_precision[0m
    [2;3mat[0m crates\spotledger-db\src\schema.rs:746

  [2m2026-04-19T18:15:54.334315Z[0m [34mDEBUG[0m [1;34mspotledger_db::schema[0m[34m: [34msync_user: executing field DDL, [1;34mdoctype[0m[34m: System Settings, [1;34mfield[0m[34m: first_day_of_the_week, [1;34msql[0m[34m: DEFINE FIELD OVERWRITE `first_day_of_the_week` ON TABLE `tabSystem_Settings` TYPE option<string> PERMISSIONS FULL;[0m
    [2;3mat[0m crates\spotledger-db\src\schema.rs:741

  [2m2026-04-19T18:15:54.337817Z[0m [34mDEBUG[0m [1;34mspotledger_db::schema[0m[34m: [34msync_user: field DDL ok, [1;34mdoctype[0m[34m: System Settings, [1;34mfield[0m[34m: first_day_of_the_week[0m
    [2;3mat[0m crates\spotledger-db\src\schema.rs:746

  [2m2026-04-19T18:15:54.338229Z[0m [34mDEBUG[0m [1;34mspotledger_db::schema[0m[34m: [34msync_user: executing field DDL, [1;34mdoctype[0m[34m: System Settings, [1;34mfield[0m[34m: send_welcom_email, [1;34msql[0m[34m: DEFINE FIELD OVERWRITE `send_welcom_email` ON TABLE `tabSystem_Settings` TYPE none | int PERMISSIONS FULL DEFAULT 0;[0m
    [2;3mat[0m crates\spotledger-db\src\schema.rs:741

  [2m2026-04-19T18:15:54.341649Z[0m [34mDEBUG[0m [1;34mspotledger_db::schema[0m[34m: [34msync_user: field DDL ok, [1;34mdoctype[0m[34m: System Settings, [1;34mfield[0m[34m: send_welcom_email[0m
    [2;3mat[0m crates\spotledger-db\src\schema.rs:746

  [2m2026-04-19T18:15:54.342136Z[0m [34mDEBUG[0m [1;34mspotledger_db::schema[0m[34m: [34msync_user: executing field DDL, [1;34mdoctype[0m[34m: System Settings, [1;34mfield[0m[34m: enable_scheduler, [1;34msql[0m[34m: DEFINE FIELD OVERWRITE `enable_scheduler` ON TABLE `tabSystem_Settings` TYPE none | int PERMISSIONS FULL DEFAULT 0;[0m
    [2;3mat[0m crates\spotledger-db\src\schema.rs:741

  [2m2026-04-19T18:15:54.346828Z[0m [34mDEBUG[0m [1;34mspotledger_db::schema[0m[34m: [34msync_user: field DDL ok, [1;34mdoctype[0m[34m: System Settings, [1;34mfield[0m[34m: enable_scheduler[0m
    [2;3mat[0m crates\spotledger-db\src\schema.rs:746

  [2m2026-04-19T18:15:54.347369Z[0m [34mDEBUG[0m [1;34mspotledger_db::schema[0m[34m: [34msync_user: executing field DDL, [1;34mdoctype[0m[34m: System Settings, [1;34mfield[0m[34m: session_expiry, [1;34msql[0m[34m: DEFINE FIELD OVERWRITE `session_expiry` ON TABLE `tabSystem_Settings` TYPE option<string> PERMISSIONS FULL;[0m
    [2;3mat[0m crates\spotledger-db\src\schema.rs:741

  [2m2026-04-19T18:15:54.351218Z[0m [34mDEBUG[0m [1;34mspotledger_db::schema[0m[34m: [34msync_user: field DDL ok, [1;34mdoctype[0m[34m: System Settings, [1;34mfield[0m[34m: session_expiry[0m
    [2;3mat[0m crates\spotledger-db\src\schema.rs:746

  [2m2026-04-19T18:15:54.351833Z[0m [34mDEBUG[0m [1;34mspotledger_db::schema[0m[34m: [34msync_user: executing field DDL, [1;34mdoctype[0m[34m: System Settings, [1;34mfield[0m[34m: session_expiry_mobile, [1;34msql[0m[34m: DEFINE FIELD OVERWRITE `session_expiry_mobile` ON TABLE `tabSystem_Settings` TYPE option<string> PERMISSIONS FULL;[0m
    [2;3mat[0m crates\spotledger-db\src\schema.rs:741

  [2m2026-04-19T18:15:54.356116Z[0m [34mDEBUG[0m [1;34mspotledger_db::schema[0m[34m: [34msync_user: field DDL ok, [1;34mdoctype[0m[34m: System Settings, [1;34mfield[0m[34m: session_expiry_mobile[0m
    [2;3mat[0m crates\spotledger-db\src\schema.rs:746

  [2m2026-04-19T18:15:54.356638Z[0m [34mDEBUG[0m [1;34mspotledger_db::schema[0m[34m: [34msync_user: executing field DDL, [1;34mdoctype[0m[34m: System Settings, [1;34mfield[0m[34m: max_failed_login_attempts, [1;34msql[0m[34m: DEFINE FIELD OVERWRITE `max_failed_login_attempts` ON TABLE `tabSystem_Settings` TYPE none | int PERMISSIONS FULL;[0m
    [2;3mat[0m crates\spotledger-db\src\schema.rs:741

  [2m2026-04-19T18:15:54.361102Z[0m [34mDEBUG[0m [1;34mspotledger_db::schema[0m[34m: [34msync_user: field DDL ok, [1;34mdoctype[0m[34m: System Settings, [1;34mfield[0m[34m: max_failed_login_attempts[0m
    [2;3mat[0m crates\spotledger-db\src\schema.rs:746

  [2m2026-04-19T18:15:54.361739Z[0m [34mDEBUG[0m [1;34mspotledger_db::schema[0m[34m: [34msync_user: executing field DDL, [1;34mdoctype[0m[34m: System Settings, [1;34mfield[0m[34m: allow_consecutive_login_attempts, [1;34msql[0m[34m: DEFINE FIELD OVERWRITE `allow_consecutive_login_attempts` ON TABLE `tabSystem_Settings` TYPE none | int PERMISSIONS FULL;[0m
    [2;3mat[0m crates\spotledger-db\src\schema.rs:741

  [2m2026-04-19T18:15:54.365840Z[0m [34mDEBUG[0m [1;34mspotledger_db::schema[0m[34m: [34msync_user: field DDL ok, [1;34mdoctype[0m[34m: System Settings, [1;34mfield[0m[34m: allow_consecutive_login_attempts[0m
    [2;3mat[0m crates\spotledger-db\src\schema.rs:746

  [2m2026-04-19T18:15:54.366403Z[0m [34mDEBUG[0m [1;34mspotledger_db::schema[0m[34m: [34msync_user: executing field DDL, [1;34mdoctype[0m[34m: System Settings, [1;34mfield[0m[34m: allow_login_using_mobile_number, [1;34msql[0m[34m: DEFINE FIELD OVERWRITE `allow_login_using_mobile_number` ON TABLE `tabSystem_Settings` TYPE none | int PERMISSIONS FULL DEFAULT 0;[0m
    [2;3mat[0m crates\spotledger-db\src\schema.rs:741

  [2m2026-04-19T18:15:54.369734Z[0m [34mDEBUG[0m [1;34mspotledger_db::schema[0m[34m: [34msync_user: field DDL ok, [1;34mdoctype[0m[34m: System Settings, [1;34mfield[0m[34m: allow_login_using_mobile_number[0m
    [2;3mat[0m crates\spotledger-db\src\schema.rs:746

  [2m2026-04-19T18:15:54.370309Z[0m [34mDEBUG[0m [1;34mspotledger_db::schema[0m[34m: [34msync_user: executing field DDL, [1;34mdoctype[0m[34m: System Settings, [1;34mfield[0m[34m: allow_login_using_user_name, [1;34msql[0m[34m: DEFINE FIELD OVERWRITE `allow_login_using_user_name` ON TABLE `tabSystem_Settings` TYPE none | int PERMISSIONS FULL DEFAULT 0;[0m
    [2;3mat[0m crates\spotledger-db\src\schema.rs:741

  [2m2026-04-19T18:15:54.374073Z[0m [34mDEBUG[0m [1;34mspotledger_db::schema[0m[34m: [34msync_user: field DDL ok, [1;34mdoctype[0m[34m: System Settings, [1;34mfield[0m[34m: allow_login_using_user_name[0m
    [2;3mat[0m crates\spotledger-db\src\schema.rs:746

  [2m2026-04-19T18:15:54.374653Z[0m [34mDEBUG[0m [1;34mspotledger_db::schema[0m[34m: [34msync_user: executing field DDL, [1;34mdoctype[0m[34m: System Settings, [1;34mfield[0m[34m: login_with_email_link, [1;34msql[0m[34m: DEFINE FIELD OVERWRITE `login_with_email_link` ON TABLE `tabSystem_Settings` TYPE none | int PERMISSIONS FULL DEFAULT 0;[0m
    [2;3mat[0m crates\spotledger-db\src\schema.rs:741

  [2m2026-04-19T18:15:54.378972Z[0m [34mDEBUG[0m [1;34mspotledger_db::schema[0m[34m: [34msync_user: field DDL ok, [1;34mdoctype[0m[34m: System Settings, [1;34mfield[0m[34m: login_with_email_link[0m
    [2;3mat[0m crates\spotledger-db\src\schema.rs:746

  [2m2026-04-19T18:15:54.379558Z[0m [34mDEBUG[0m [1;34mspotledger_db::schema[0m[34m: [34msync_user: executing field DDL, [1;34mdoctype[0m[34m: System Settings, [1;34mfield[0m[34m: logout_on_password_reset, [1;34msql[0m[34m: DEFINE FIELD OVERWRITE `logout_on_password_reset` ON TABLE `tabSystem_Settings` TYPE none | int PERMISSIONS FULL DEFAULT 0;[0m
    [2;3mat[0m crates\spotledger-db\src\schema.rs:741

  [2m2026-04-19T18:15:54.383302Z[0m [34mDEBUG[0m [1;34mspotledger_db::schema[0m[34m: [34msync_user: field DDL ok, [1;34mdoctype[0m[34m: System Settings, [1;34mfield[0m[34m: logout_on_password_reset[0m
    [2;3mat[0m crates\spotledger-db\src\schema.rs:746

  [2m2026-04-19T18:15:54.383694Z[0m [34mDEBUG[0m [1;34mspotledger_db::schema[0m[34m: [34msync_user: executing field DDL, [1;34mdoctype[0m[34m: System Settings, [1;34mfield[0m[34m: simultaneous_sessions, [1;34msql[0m[34m: DEFINE FIELD OVERWRITE `simultaneous_sessions` ON TABLE `tabSystem_Settings` TYPE none | int PERMISSIONS FULL;[0m
    [2;3mat[0m crates\spotledger-db\src\schema.rs:741

  [2m2026-04-19T18:15:54.387618Z[0m [34mDEBUG[0m [1;34mspotledger_db::schema[0m[34m: [34msync_user: field DDL ok, [1;34mdoctype[0m[34m: System Settings, [1;34mfield[0m[34m: simultaneous_sessions[0m
    [2;3mat[0m crates\spotledger-db\src\schema.rs:746

  [2m2026-04-19T18:15:54.388236Z[0m [34mDEBUG[0m [1;34mspotledger_db::schema[0m[34m: [34msync_user: executing field DDL, [1;34mdoctype[0m[34m: System Settings, [1;34mfield[0m[34m: apply_strict_user_permissions, [1;34msql[0m[34m: DEFINE FIELD OVERWRITE `apply_strict_user_permissions` ON TABLE `tabSystem_Settings` TYPE none | int PERMISSIONS FULL DEFAULT 0;[0m
    [2;3mat[0m crates\spotledger-db\src\schema.rs:741

  [2m2026-04-19T18:15:54.392279Z[0m [34mDEBUG[0m [1;34mspotledger_db::schema[0m[34m: [34msync_user: field DDL ok, [1;34mdoctype[0m[34m: System Settings, [1;34mfield[0m[34m: apply_strict_user_permissions[0m
    [2;3mat[0m crates\spotledger-db\src\schema.rs:746

  [2m2026-04-19T18:15:54.393295Z[0m [34mDEBUG[0m [1;34mspotledger_db::schema[0m[34m: [34msync_user: executing field DDL, [1;34mdoctype[0m[34m: System Settings, [1;34mfield[0m[34m: allow_guests_to_upload_files, [1;34msql[0m[34m: DEFINE FIELD OVERWRITE `allow_guests_to_upload_files` ON TABLE `tabSystem_Settings` TYPE none | int PERMISSIONS FULL DEFAULT 0;[0m
    [2;3mat[0m crates\spotledger-db\src\schema.rs:741

  [2m2026-04-19T18:15:54.398549Z[0m [34mDEBUG[0m [1;34mspotledger_db::schema[0m[34m: [34msync_user: field DDL ok, [1;34mdoctype[0m[34m: System Settings, [1;34mfield[0m[34m: allow_guests_to_upload_files[0m
    [2;3mat[0m crates\spotledger-db\src\schema.rs:746

  [2m2026-04-19T18:15:54.398972Z[0m [34mDEBUG[0m [1;34mspotledger_db::schema[0m[34m: [34msync_user: executing field DDL, [1;34mdoctype[0m[34m: System Settings, [1;34mfield[0m[34m: deny_multiple_sessions, [1;34msql[0m[34m: DEFINE FIELD OVERWRITE `deny_multiple_sessions` ON TABLE `tabSystem_Settings` TYPE none | int PERMISSIONS FULL DEFAULT 0;[0m
    [2;3mat[0m crates\spotledger-db\src\schema.rs:741

  [2m2026-04-19T18:15:54.402592Z[0m [34mDEBUG[0m [1;34mspotledger_db::schema[0m[34m: [34msync_user: field DDL ok, [1;34mdoctype[0m[34m: System Settings, [1;34mfield[0m[34m: deny_multiple_sessions[0m
    [2;3mat[0m crates\spotledger-db\src\schema.rs:746

  [2m2026-04-19T18:15:54.402969Z[0m [34mDEBUG[0m [1;34mspotledger_db::schema[0m[34m: [34msync_user: executing field DDL, [1;34mdoctype[0m[34m: System Settings, [1;34mfield[0m[34m: force_user_to_reset_password, [1;34msql[0m[34m: DEFINE FIELD OVERWRITE `force_user_to_reset_password` ON TABLE `tabSystem_Settings` TYPE none | int PERMISSIONS FULL;[0m
    [2;3mat[0m crates\spotledger-db\src\schema.rs:741

  [2m2026-04-19T18:15:54.406516Z[0m [34mDEBUG[0m [1;34mspotledger_db::schema[0m[34m: [34msync_user: field DDL ok, [1;34mdoctype[0m[34m: System Settings, [1;34mfield[0m[34m: force_user_to_reset_password[0m
    [2;3mat[0m crates\spotledger-db\src\schema.rs:746

  [2m2026-04-19T18:15:54.407093Z[0m [34mDEBUG[0m [1;34mspotledger_db::schema[0m[34m: [34msync_user: executing field DDL, [1;34mdoctype[0m[34m: System Settings, [1;34mfield[0m[34m: hide_footer_in_auto_email_reports, [1;34msql[0m[34m: DEFINE FIELD OVERWRITE `hide_footer_in_auto_email_reports` ON TABLE `tabSystem_Settings` TYPE none | int PERMISSIONS FULL DEFAULT 0;[0m
    [2;3mat[0m crates\spotledger-db\src\schema.rs:741

  [2m2026-04-19T18:15:54.411948Z[0m [34mDEBUG[0m [1;34mspotledger_db::schema[0m[34m: [34msync_user: field DDL ok, [1;34mdoctype[0m[34m: System Settings, [1;34mfield[0m[34m: hide_footer_in_auto_email_reports[0m
    [2;3mat[0m crates\spotledger-db\src\schema.rs:746

  [2m2026-04-19T18:15:54.412598Z[0m [34mDEBUG[0m [1;34mspotledger_db::schema[0m[34m: [34msync_user: executing field DDL, [1;34mdoctype[0m[34m: System Settings, [1;34mfield[0m[34m: rounding_method, [1;34msql[0m[34m: DEFINE FIELD OVERWRITE `rounding_method` ON TABLE `tabSystem_Settings` TYPE option<string> PERMISSIONS FULL;[0m
    [2;3mat[0m crates\spotledger-db\src\schema.rs:741

  [2m2026-04-19T18:15:54.416274Z[0m [34mDEBUG[0m [1;34mspotledger_db::schema[0m[34m: [34msync_user: field DDL ok, [1;34mdoctype[0m[34m: System Settings, [1;34mfield[0m[34m: rounding_method[0m
    [2;3mat[0m crates\spotledger-db\src\schema.rs:746

  [2m2026-04-19T18:15:54.416647Z[0m [34mDEBUG[0m [1;34mspotledger_db::schema[0m[34m: [34msync_user: executing field DDL, [1;34mdoctype[0m[34m: System Settings, [1;34mfield[0m[34m: strip_exif_metadata_from_uploaded_files, [1;34msql[0m[34m: DEFINE FIELD OVERWRITE `strip_exif_metadata_from_uploaded_files` ON TABLE `tabSystem_Settings` TYPE none | int PERMISSIONS FULL DEFAULT 0;[0m
    [2;3mat[0m crates\spotledger-db\src\schema.rs:741

  [2m2026-04-19T18:15:54.420175Z[0m [34mDEBUG[0m [1;34mspotledger_db::schema[0m[34m: [34msync_user: field DDL ok, [1;34mdoctype[0m[34m: System Settings, [1;34mfield[0m[34m: strip_exif_metadata_from_uploaded_files[0m
    [2;3mat[0m crates\spotledger-db\src\schema.rs:746

  [2m2026-04-19T18:15:54.420669Z[0m [34mDEBUG[0m [1;34mspotledger_db::schema[0m[34m: [34msync_user: executing field DDL, [1;34mdoctype[0m[34m: System Settings, [1;34mfield[0m[34m: enable_onboarding, [1;34msql[0m[34m: DEFINE FIELD OVERWRITE `enable_onboarding` ON TABLE `tabSystem_Settings` TYPE none | int PERMISSIONS FULL DEFAULT 0;[0m
    [2;3mat[0m crates\spotledger-db\src\schema.rs:741

  [2m2026-04-19T18:15:54.423969Z[0m [34mDEBUG[0m [1;34mspotledger_db::schema[0m[34m: [34msync_user: field DDL ok, [1;34mdoctype[0m[34m: System Settings, [1;34mfield[0m[34m: enable_onboarding[0m
    [2;3mat[0m crates\spotledger-db\src\schema.rs:746

  [2m2026-04-19T18:15:54.424453Z[0m [34mDEBUG[0m [1;34mspotledger_db::schema[0m[34m: [34msync_user: executing field DDL, [1;34mdoctype[0m[34m: System Settings, [1;34mfield[0m[34m: enable_telemetry, [1;34msql[0m[34m: DEFINE FIELD OVERWRITE `enable_telemetry` ON TABLE `tabSystem_Settings` TYPE none | int PERMISSIONS FULL DEFAULT 0;[0m
    [2;3mat[0m crates\spotledger-db\src\schema.rs:741

  [2m2026-04-19T18:15:54.431788Z[0m [34mDEBUG[0m [1;34mspotledger_db::schema[0m[34m: [34msync_user: field DDL ok, [1;34mdoctype[0m[34m: System Settings, [1;34mfield[0m[34m: enable_telemetry[0m
    [2;3mat[0m crates\spotledger-db\src\schema.rs:746

  [2m2026-04-19T18:15:54.432322Z[0m [34mDEBUG[0m [1;34mspotledger_db::schema[0m[34m: [34msync_user: executing field DDL, [1;34mdoctype[0m[34m: System Settings, [1;34mfield[0m[34m: backup_limit, [1;34msql[0m[34m: DEFINE FIELD OVERWRITE `backup_limit` ON TABLE `tabSystem_Settings` TYPE none | int PERMISSIONS FULL;[0m
    [2;3mat[0m crates\spotledger-db\src\schema.rs:741

  [2m2026-04-19T18:15:54.435995Z[0m [34mDEBUG[0m [1;34mspotledger_db::schema[0m[34m: [34msync_user: field DDL ok, [1;34mdoctype[0m[34m: System Settings, [1;34mfield[0m[34m: backup_limit[0m
    [2;3mat[0m crates\spotledger-db\src\schema.rs:746

  [2m2026-04-19T18:15:54.436408Z[0m [34mDEBUG[0m [1;34mspotledger_db::schema[0m[34m: [34msync_user: executing field DDL, [1;34mdoctype[0m[34m: System Settings, [1;34mfield[0m[34m: setup_complete, [1;34msql[0m[34m: DEFINE FIELD OVERWRITE `setup_complete` ON TABLE `tabSystem_Settings` TYPE none | int PERMISSIONS FULL DEFAULT 0;[0m
    [2;3mat[0m crates\spotledger-db\src\schema.rs:741

  [2m2026-04-19T18:15:54.440201Z[0m [34mDEBUG[0m [1;34mspotledger_db::schema[0m[34m: [34msync_user: field DDL ok, [1;34mdoctype[0m[34m: System Settings, [1;34mfield[0m[34m: setup_complete[0m
    [2;3mat[0m crates\spotledger-db\src\schema.rs:746

  [2m2026-04-19T18:15:54.446401Z[0m [34mDEBUG[0m [1;34mspotledger_db::schema[0m[34m: [34msync_user: schema synced, [1;34mdoctype[0m[34m: System Settings[0m
    [2;3mat[0m crates\spotledger-db\src\schema.rs:762

  [2m2026-04-19T18:15:54.482974Z[0m [34mDEBUG[0m [1;34mspotledger_db::schema[0m[34m: [34msync_user: fields loaded, [1;34mdoctype[0m[34m: Tag, [1;34mfield_count[0m[34m: 1[0m
    [2;3mat[0m crates\spotledger-db\src\schema.rs:689

  [2m2026-04-19T18:15:54.483514Z[0m [34mDEBUG[0m [1;34mspotledger_db::schema[0m[34m: [34msync_user: executing field DDL, [1;34mdoctype[0m[34m: Tag, [1;34mfield[0m[34m: name, [1;34msql[0m[34m: DEFINE FIELD OVERWRITE `name` ON TABLE `tabTag` TYPE option<string> PERMISSIONS FULL;[0m
    [2;3mat[0m crates\spotledger-db\src\schema.rs:741

  [2m2026-04-19T18:15:54.486593Z[0m [34mDEBUG[0m [1;34mspotledger_db::schema[0m[34m: [34msync_user: field DDL ok, [1;34mdoctype[0m[34m: Tag, [1;34mfield[0m[34m: name[0m
    [2;3mat[0m crates\spotledger-db\src\schema.rs:746

  [2m2026-04-19T18:15:54.489273Z[0m [34mDEBUG[0m [1;34mspotledger_db::schema[0m[34m: [34msync_user: schema synced, [1;34mdoctype[0m[34m: Tag[0m
    [2;3mat[0m crates\spotledger-db\src\schema.rs:762

  [2m2026-04-19T18:15:54.535099Z[0m [34mDEBUG[0m [1;34mspotledger_db::schema[0m[34m: [34msync_user: fields loaded, [1;34mdoctype[0m[34m: Timezone, [1;34mfield_count[0m[34m: 2[0m
    [2;3mat[0m crates\spotledger-db\src\schema.rs:689

  [2m2026-04-19T18:15:54.535795Z[0m [34mDEBUG[0m [1;34mspotledger_db::schema[0m[34m: [34msync_user: executing field DDL, [1;34mdoctype[0m[34m: Timezone, [1;34mfield[0m[34m: name, [1;34msql[0m[34m: DEFINE FIELD OVERWRITE `name` ON TABLE `tabTimezone` TYPE option<string> PERMISSIONS FULL;[0m
    [2;3mat[0m crates\spotledger-db\src\schema.rs:741

  [2m2026-04-19T18:15:54.539648Z[0m [34mDEBUG[0m [1;34mspotledger_db::schema[0m[34m: [34msync_user: field DDL ok, [1;34mdoctype[0m[34m: Timezone, [1;34mfield[0m[34m: name[0m
    [2;3mat[0m crates\spotledger-db\src\schema.rs:746

  [2m2026-04-19T18:15:54.540149Z[0m [34mDEBUG[0m [1;34mspotledger_db::schema[0m[34m: [34msync_user: executing field DDL, [1;34mdoctype[0m[34m: Timezone, [1;34mfield[0m[34m: utc_offset, [1;34msql[0m[34m: DEFINE FIELD OVERWRITE `utc_offset` ON TABLE `tabTimezone` TYPE option<string> PERMISSIONS FULL;[0m
    [2;3mat[0m crates\spotledger-db\src\schema.rs:741

  [2m2026-04-19T18:15:54.544903Z[0m [34mDEBUG[0m [1;34mspotledger_db::schema[0m[34m: [34msync_user: field DDL ok, [1;34mdoctype[0m[34m: Timezone, [1;34mfield[0m[34m: utc_offset[0m
    [2;3mat[0m crates\spotledger-db\src\schema.rs:746

  [2m2026-04-19T18:15:54.549622Z[0m [34mDEBUG[0m [1;34mspotledger_db::schema[0m[34m: [34msync_user: schema synced, [1;34mdoctype[0m[34m: Timezone[0m
    [2;3mat[0m crates\spotledger-db\src\schema.rs:762

  [2m2026-04-19T18:15:54.587757Z[0m [34mDEBUG[0m [1;34mspotledger_db::schema[0m[34m: [34msync_user: fields loaded, [1;34mdoctype[0m[34m: UTM Campaign, [1;34mfield_count[0m[34m: 2[0m
    [2;3mat[0m crates\spotledger-db\src\schema.rs:689

  [2m2026-04-19T18:15:54.588311Z[0m [34mDEBUG[0m [1;34mspotledger_db::schema[0m[34m: [34msync_user: executing field DDL, [1;34mdoctype[0m[34m: UTM Campaign, [1;34mfield[0m[34m: campaign_description, [1;34msql[0m[34m: DEFINE FIELD OVERWRITE `campaign_description` ON TABLE `tabUTM_Campaign` TYPE option<string> PERMISSIONS FULL;[0m
    [2;3mat[0m crates\spotledger-db\src\schema.rs:741

  [2m2026-04-19T18:15:54.591716Z[0m [34mDEBUG[0m [1;34mspotledger_db::schema[0m[34m: [34msync_user: field DDL ok, [1;34mdoctype[0m[34m: UTM Campaign, [1;34mfield[0m[34m: campaign_description[0m
    [2;3mat[0m crates\spotledger-db\src\schema.rs:746

  [2m2026-04-19T18:15:54.594333Z[0m [34mDEBUG[0m [1;34mspotledger_db::schema[0m[34m: [34msync_user: executing field DDL, [1;34mdoctype[0m[34m: UTM Campaign, [1;34mfield[0m[34m: slug, [1;34msql[0m[34m: DEFINE FIELD OVERWRITE `slug` ON TABLE `tabUTM_Campaign` TYPE option<string> PERMISSIONS FULL;[0m
    [2;3mat[0m crates\spotledger-db\src\schema.rs:741

  [2m2026-04-19T18:15:54.600725Z[0m [34mDEBUG[0m [1;34mspotledger_db::schema[0m[34m: [34msync_user: field DDL ok, [1;34mdoctype[0m[34m: UTM Campaign, [1;34mfield[0m[34m: slug[0m
    [2;3mat[0m crates\spotledger-db\src\schema.rs:746

  [2m2026-04-19T18:15:54.604486Z[0m [34mDEBUG[0m [1;34mspotledger_db::schema[0m[34m: [34msync_user: schema synced, [1;34mdoctype[0m[34m: UTM Campaign[0m
    [2;3mat[0m crates\spotledger-db\src\schema.rs:762

  [2m2026-04-19T18:15:54.640528Z[0m [34mDEBUG[0m [1;34mspotledger_db::schema[0m[34m: [34msync_user: fields loaded, [1;34mdoctype[0m[34m: UTM Medium, [1;34mfield_count[0m[34m: 2[0m
    [2;3mat[0m crates\spotledger-db\src\schema.rs:689

  [2m2026-04-19T18:15:54.640969Z[0m [34mDEBUG[0m [1;34mspotledger_db::schema[0m[34m: [34msync_user: executing field DDL, [1;34mdoctype[0m[34m: UTM Medium, [1;34mfield[0m[34m: description, [1;34msql[0m[34m: DEFINE FIELD OVERWRITE `description` ON TABLE `tabUTM_Medium` TYPE option<string> PERMISSIONS FULL;[0m
    [2;3mat[0m crates\spotledger-db\src\schema.rs:741

  [2m2026-04-19T18:15:54.645862Z[0m [34mDEBUG[0m [1;34mspotledger_db::schema[0m[34m: [34msync_user: field DDL ok, [1;34mdoctype[0m[34m: UTM Medium, [1;34mfield[0m[34m: description[0m
    [2;3mat[0m crates\spotledger-db\src\schema.rs:746

  [2m2026-04-19T18:15:54.646371Z[0m [34mDEBUG[0m [1;34mspotledger_db::schema[0m[34m: [34msync_user: executing field DDL, [1;34mdoctype[0m[34m: UTM Medium, [1;34mfield[0m[34m: slug, [1;34msql[0m[34m: DEFINE FIELD OVERWRITE `slug` ON TABLE `tabUTM_Medium` TYPE option<string> PERMISSIONS FULL;[0m
    [2;3mat[0m crates\spotledger-db\src\schema.rs:741

  [2m2026-04-19T18:15:54.649452Z[0m [34mDEBUG[0m [1;34mspotledger_db::schema[0m[34m: [34msync_user: field DDL ok, [1;34mdoctype[0m[34m: UTM Medium, [1;34mfield[0m[34m: slug[0m
    [2;3mat[0m crates\spotledger-db\src\schema.rs:746

  [2m2026-04-19T18:15:54.651829Z[0m [34mDEBUG[0m [1;34mspotledger_db::schema[0m[34m: [34msync_user: schema synced, [1;34mdoctype[0m[34m: UTM Medium[0m
    [2;3mat[0m crates\spotledger-db\src\schema.rs:762

  [2m2026-04-19T18:15:54.678494Z[0m [34mDEBUG[0m [1;34mspotledger_db::schema[0m[34m: [34msync_user: fields loaded, [1;34mdoctype[0m[34m: UTM Source, [1;34mfield_count[0m[34m: 2[0m
    [2;3mat[0m crates\spotledger-db\src\schema.rs:689

  [2m2026-04-19T18:15:54.679140Z[0m [34mDEBUG[0m [1;34mspotledger_db::schema[0m[34m: [34msync_user: executing field DDL, [1;34mdoctype[0m[34m: UTM Source, [1;34mfield[0m[34m: description, [1;34msql[0m[34m: DEFINE FIELD OVERWRITE `description` ON TABLE `tabUTM_Source` TYPE option<string> PERMISSIONS FULL;[0m
    [2;3mat[0m crates\spotledger-db\src\schema.rs:741

  [2m2026-04-19T18:15:54.682021Z[0m [34mDEBUG[0m [1;34mspotledger_db::schema[0m[34m: [34msync_user: field DDL ok, [1;34mdoctype[0m[34m: UTM Source, [1;34mfield[0m[34m: description[0m
    [2;3mat[0m crates\spotledger-db\src\schema.rs:746

  [2m2026-04-19T18:15:54.682487Z[0m [34mDEBUG[0m [1;34mspotledger_db::schema[0m[34m: [34msync_user: executing field DDL, [1;34mdoctype[0m[34m: UTM Source, [1;34mfield[0m[34m: slug, [1;34msql[0m[34m: DEFINE FIELD OVERWRITE `slug` ON TABLE `tabUTM_Source` TYPE option<string> PERMISSIONS FULL;[0m
    [2;3mat[0m crates\spotledger-db\src\schema.rs:741

  [2m2026-04-19T18:15:54.684931Z[0m [34mDEBUG[0m [1;34mspotledger_db::schema[0m[34m: [34msync_user: field DDL ok, [1;34mdoctype[0m[34m: UTM Source, [1;34mfield[0m[34m: slug[0m
    [2;3mat[0m crates\spotledger-db\src\schema.rs:746

  [2m2026-04-19T18:15:54.687113Z[0m [34mDEBUG[0m [1;34mspotledger_db::schema[0m[34m: [34msync_user: schema synced, [1;34mdoctype[0m[34m: UTM Source[0m
    [2;3mat[0m crates\spotledger-db\src\schema.rs:762

  [2m2026-04-19T18:15:54.717124Z[0m [34mDEBUG[0m [1;34mspotledger_db::schema[0m[34m: [34msync_user: fields loaded, [1;34mdoctype[0m[34m: Webhook, [1;34mfield_count[0m[34m: 13[0m
    [2;3mat[0m crates\spotledger-db\src\schema.rs:689

  [2m2026-04-19T18:15:54.717637Z[0m [34mDEBUG[0m [1;34mspotledger_db::schema[0m[34m: [34msync_user: executing field DDL, [1;34mdoctype[0m[34m: Webhook, [1;34mfield[0m[34m: name, [1;34msql[0m[34m: DEFINE FIELD OVERWRITE `name` ON TABLE `tabWebhook` TYPE option<string> PERMISSIONS FULL;[0m
    [2;3mat[0m crates\spotledger-db\src\schema.rs:741

  [2m2026-04-19T18:15:54.720822Z[0m [34mDEBUG[0m [1;34mspotledger_db::schema[0m[34m: [34msync_user: field DDL ok, [1;34mdoctype[0m[34m: Webhook, [1;34mfield[0m[34m: name[0m
    [2;3mat[0m crates\spotledger-db\src\schema.rs:746

  [2m2026-04-19T18:15:54.721315Z[0m [34mDEBUG[0m [1;34mspotledger_db::schema[0m[34m: [34msync_user: executing field DDL, [1;34mdoctype[0m[34m: Webhook, [1;34mfield[0m[34m: webhook_doctype, [1;34msql[0m[34m: DEFINE FIELD OVERWRITE `webhook_doctype` ON TABLE `tabWebhook` TYPE option<string> PERMISSIONS FULL;[0m
    [2;3mat[0m crates\spotledger-db\src\schema.rs:741

  [2m2026-04-19T18:15:54.724788Z[0m [34mDEBUG[0m [1;34mspotledger_db::schema[0m[34m: [34msync_user: field DDL ok, [1;34mdoctype[0m[34m: Webhook, [1;34mfield[0m[34m: webhook_doctype[0m
    [2;3mat[0m crates\spotledger-db\src\schema.rs:746

  [2m2026-04-19T18:15:54.727810Z[0m [34mDEBUG[0m [1;34mspotledger_db::schema[0m[34m: [34msync_user: executing field DDL, [1;34mdoctype[0m[34m: Webhook, [1;34mfield[0m[34m: webhook_docevent, [1;34msql[0m[34m: DEFINE FIELD OVERWRITE `webhook_docevent` ON TABLE `tabWebhook` TYPE option<string> PERMISSIONS FULL;[0m
    [2;3mat[0m crates\spotledger-db\src\schema.rs:741

  [2m2026-04-19T18:15:54.732952Z[0m [34mDEBUG[0m [1;34mspotledger_db::schema[0m[34m: [34msync_user: field DDL ok, [1;34mdoctype[0m[34m: Webhook, [1;34mfield[0m[34m: webhook_docevent[0m
    [2;3mat[0m crates\spotledger-db\src\schema.rs:746

  [2m2026-04-19T18:15:54.733625Z[0m [34mDEBUG[0m [1;34mspotledger_db::schema[0m[34m: [34msync_user: executing field DDL, [1;34mdoctype[0m[34m: Webhook, [1;34mfield[0m[34m: enabled, [1;34msql[0m[34m: DEFINE FIELD OVERWRITE `enabled` ON TABLE `tabWebhook` TYPE none | int PERMISSIONS FULL DEFAULT 0;[0m
    [2;3mat[0m crates\spotledger-db\src\schema.rs:741

  [2m2026-04-19T18:15:54.737087Z[0m [34mDEBUG[0m [1;34mspotledger_db::schema[0m[34m: [34msync_user: field DDL ok, [1;34mdoctype[0m[34m: Webhook, [1;34mfield[0m[34m: enabled[0m
    [2;3mat[0m crates\spotledger-db\src\schema.rs:746

  [2m2026-04-19T18:15:54.737555Z[0m [34mDEBUG[0m [1;34mspotledger_db::schema[0m[34m: [34msync_user: executing field DDL, [1;34mdoctype[0m[34m: Webhook, [1;34mfield[0m[34m: request_url, [1;34msql[0m[34m: DEFINE FIELD OVERWRITE `request_url` ON TABLE `tabWebhook` TYPE option<string> PERMISSIONS FULL;[0m
    [2;3mat[0m crates\spotledger-db\src\schema.rs:741

  [2m2026-04-19T18:15:54.740742Z[0m [34mDEBUG[0m [1;34mspotledger_db::schema[0m[34m: [34msync_user: field DDL ok, [1;34mdoctype[0m[34m: Webhook, [1;34mfield[0m[34m: request_url[0m
    [2;3mat[0m crates\spotledger-db\src\schema.rs:746

  [2m2026-04-19T18:15:54.741225Z[0m [34mDEBUG[0m [1;34mspotledger_db::schema[0m[34m: [34msync_user: executing field DDL, [1;34mdoctype[0m[34m: Webhook, [1;34mfield[0m[34m: request_method, [1;34msql[0m[34m: DEFINE FIELD OVERWRITE `request_method` ON TABLE `tabWebhook` TYPE option<string> PERMISSIONS FULL;[0m
    [2;3mat[0m crates\spotledger-db\src\schema.rs:741

  [2m2026-04-19T18:15:54.745841Z[0m [34mDEBUG[0m [1;34mspotledger_db::schema[0m[34m: [34msync_user: field DDL ok, [1;34mdoctype[0m[34m: Webhook, [1;34mfield[0m[34m: request_method[0m
    [2;3mat[0m crates\spotledger-db\src\schema.rs:746

  [2m2026-04-19T18:15:54.746281Z[0m [34mDEBUG[0m [1;34mspotledger_db::schema[0m[34m: [34msync_user: executing field DDL, [1;34mdoctype[0m[34m: Webhook, [1;34mfield[0m[34m: webhook_headers, [1;34msql[0m[34m: DEFINE FIELD OVERWRITE `webhook_headers` ON TABLE `tabWebhook` TYPE any PERMISSIONS FULL;[0m
    [2;3mat[0m crates\spotledger-db\src\schema.rs:741

  [2m2026-04-19T18:15:54.749686Z[0m [34mDEBUG[0m [1;34mspotledger_db::schema[0m[34m: [34msync_user: field DDL ok, [1;34mdoctype[0m[34m: Webhook, [1;34mfield[0m[34m: webhook_headers[0m
    [2;3mat[0m crates\spotledger-db\src\schema.rs:746

  [2m2026-04-19T18:15:54.750273Z[0m [34mDEBUG[0m [1;34mspotledger_db::schema[0m[34m: [34msync_user: executing field DDL, [1;34mdoctype[0m[34m: Webhook, [1;34mfield[0m[34m: webhook_data, [1;34msql[0m[34m: DEFINE FIELD OVERWRITE `webhook_data` ON TABLE `tabWebhook` TYPE any PERMISSIONS FULL;[0m
    [2;3mat[0m crates\spotledger-db\src\schema.rs:741

  [2m2026-04-19T18:15:54.755809Z[0m [34mDEBUG[0m [1;34mspotledger_db::schema[0m[34m: [34msync_user: field DDL ok, [1;34mdoctype[0m[34m: Webhook, [1;34mfield[0m[34m: webhook_data[0m
    [2;3mat[0m crates\spotledger-db\src\schema.rs:746

  [2m2026-04-19T18:15:54.756789Z[0m [34mDEBUG[0m [1;34mspotledger_db::schema[0m[34m: [34msync_user: executing field DDL, [1;34mdoctype[0m[34m: Webhook, [1;34mfield[0m[34m: condition, [1;34msql[0m[34m: DEFINE FIELD OVERWRITE `condition` ON TABLE `tabWebhook` TYPE option<string> PERMISSIONS FULL;[0m
    [2;3mat[0m crates\spotledger-db\src\schema.rs:741

  [2m2026-04-19T18:15:54.761323Z[0m [34mDEBUG[0m [1;34mspotledger_db::schema[0m[34m: [34msync_user: field DDL ok, [1;34mdoctype[0m[34m: Webhook, [1;34mfield[0m[34m: condition[0m
    [2;3mat[0m crates\spotledger-db\src\schema.rs:746

  [2m2026-04-19T18:15:54.761835Z[0m [34mDEBUG[0m [1;34mspotledger_db::schema[0m[34m: [34msync_user: executing field DDL, [1;34mdoctype[0m[34m: Webhook, [1;34mfield[0m[34m: meet_condition, [1;34msql[0m[34m: DEFINE FIELD OVERWRITE `meet_condition` ON TABLE `tabWebhook` TYPE option<string> PERMISSIONS FULL;[0m
    [2;3mat[0m crates\spotledger-db\src\schema.rs:741

  [2m2026-04-19T18:15:54.765392Z[0m [34mDEBUG[0m [1;34mspotledger_db::schema[0m[34m: [34msync_user: field DDL ok, [1;34mdoctype[0m[34m: Webhook, [1;34mfield[0m[34m: meet_condition[0m
    [2;3mat[0m crates\spotledger-db\src\schema.rs:746

  [2m2026-04-19T18:15:54.768750Z[0m [34mDEBUG[0m [1;34mspotledger_db::schema[0m[34m: [34msync_user: executing field DDL, [1;34mdoctype[0m[34m: Webhook, [1;34mfield[0m[34m: webhook_json, [1;34msql[0m[34m: DEFINE FIELD OVERWRITE `webhook_json` ON TABLE `tabWebhook` TYPE option<string> PERMISSIONS FULL;[0m
    [2;3mat[0m crates\spotledger-db\src\schema.rs:741

  [2m2026-04-19T18:15:54.773543Z[0m [34mDEBUG[0m [1;34mspotledger_db::schema[0m[34m: [34msync_user: field DDL ok, [1;34mdoctype[0m[34m: Webhook, [1;34mfield[0m[34m: webhook_json[0m
    [2;3mat[0m crates\spotledger-db\src\schema.rs:746

  [2m2026-04-19T18:15:54.774714Z[0m [34mDEBUG[0m [1;34mspotledger_db::schema[0m[34m: [34msync_user: executing field DDL, [1;34mdoctype[0m[34m: Webhook, [1;34mfield[0m[34m: enable_security, [1;34msql[0m[34m: DEFINE FIELD OVERWRITE `enable_security` ON TABLE `tabWebhook` TYPE none | int PERMISSIONS FULL DEFAULT 0;[0m
    [2;3mat[0m crates\spotledger-db\src\schema.rs:741

  [2m2026-04-19T18:15:54.791989Z[0m [34mDEBUG[0m [1;34mspotledger_db::schema[0m[34m: [34msync_user: field DDL ok, [1;34mdoctype[0m[34m: Webhook, [1;34mfield[0m[34m: enable_security[0m
    [2;3mat[0m crates\spotledger-db\src\schema.rs:746

  [2m2026-04-19T18:15:54.805915Z[0m [34mDEBUG[0m [1;34mspotledger_db::schema[0m[34m: [34msync_user: executing field DDL, [1;34mdoctype[0m[34m: Webhook, [1;34mfield[0m[34m: webhook_secret, [1;34msql[0m[34m: DEFINE FIELD OVERWRITE `webhook_secret` ON TABLE `tabWebhook` TYPE option<string> PERMISSIONS FULL;[0m
    [2;3mat[0m crates\spotledger-db\src\schema.rs:741

  [2m2026-04-19T18:15:54.813136Z[0m [34mDEBUG[0m [1;34mspotledger_db::schema[0m[34m: [34msync_user: field DDL ok, [1;34mdoctype[0m[34m: Webhook, [1;34mfield[0m[34m: webhook_secret[0m
    [2;3mat[0m crates\spotledger-db\src\schema.rs:746

  [2m2026-04-19T18:15:54.819177Z[0m [34mDEBUG[0m [1;34mspotledger_db::schema[0m[34m: [34msync_user: schema synced, [1;34mdoctype[0m[34m: Webhook[0m
    [2;3mat[0m crates\spotledger-db\src\schema.rs:762

  [2m2026-04-19T18:15:54.862769Z[0m [34mDEBUG[0m [1;34mspotledger_db::schema[0m[34m: [34msync_user: fields loaded, [1;34mdoctype[0m[34m: Workspace, [1;34mfield_count[0m[34m: 17[0m
    [2;3mat[0m crates\spotledger-db\src\schema.rs:689

  [2m2026-04-19T18:15:54.863328Z[0m [34mDEBUG[0m [1;34mspotledger_db::schema[0m[34m: [34msync_user: executing field DDL, [1;34mdoctype[0m[34m: Workspace, [1;34mfield[0m[34m: name, [1;34msql[0m[34m: DEFINE FIELD OVERWRITE `name` ON TABLE `tabWorkspace` TYPE option<string> PERMISSIONS FULL;[0m
    [2;3mat[0m crates\spotledger-db\src\schema.rs:741

  [2m2026-04-19T18:15:54.867372Z[0m [34mDEBUG[0m [1;34mspotledger_db::schema[0m[34m: [34msync_user: field DDL ok, [1;34mdoctype[0m[34m: Workspace, [1;34mfield[0m[34m: name[0m
    [2;3mat[0m crates\spotledger-db\src\schema.rs:746

  [2m2026-04-19T18:15:54.867813Z[0m [34mDEBUG[0m [1;34mspotledger_db::schema[0m[34m: [34msync_user: executing field DDL, [1;34mdoctype[0m[34m: Workspace, [1;34mfield[0m[34m: title, [1;34msql[0m[34m: DEFINE FIELD OVERWRITE `title` ON TABLE `tabWorkspace` TYPE option<string> PERMISSIONS FULL;[0m
    [2;3mat[0m crates\spotledger-db\src\schema.rs:741

  [2m2026-04-19T18:15:54.870995Z[0m [34mDEBUG[0m [1;34mspotledger_db::schema[0m[34m: [34msync_user: field DDL ok, [1;34mdoctype[0m[34m: Workspace, [1;34mfield[0m[34m: title[0m
    [2;3mat[0m crates\spotledger-db\src\schema.rs:746

  [2m2026-04-19T18:15:54.871384Z[0m [34mDEBUG[0m [1;34mspotledger_db::schema[0m[34m: [34msync_user: executing field DDL, [1;34mdoctype[0m[34m: Workspace, [1;34mfield[0m[34m: module, [1;34msql[0m[34m: DEFINE FIELD OVERWRITE `module` ON TABLE `tabWorkspace` TYPE option<string> PERMISSIONS FULL;[0m
    [2;3mat[0m crates\spotledger-db\src\schema.rs:741

  [2m2026-04-19T18:15:54.874277Z[0m [34mDEBUG[0m [1;34mspotledger_db::schema[0m[34m: [34msync_user: field DDL ok, [1;34mdoctype[0m[34m: Workspace, [1;34mfield[0m[34m: module[0m
    [2;3mat[0m crates\spotledger-db\src\schema.rs:746

  [2m2026-04-19T18:15:54.874696Z[0m [34mDEBUG[0m [1;34mspotledger_db::schema[0m[34m: [34msync_user: executing field DDL, [1;34mdoctype[0m[34m: Workspace, [1;34mfield[0m[34m: icon, [1;34msql[0m[34m: DEFINE FIELD OVERWRITE `icon` ON TABLE `tabWorkspace` TYPE option<string> PERMISSIONS FULL;[0m
    [2;3mat[0m crates\spotledger-db\src\schema.rs:741

  [2m2026-04-19T18:15:54.878462Z[0m [34mDEBUG[0m [1;34mspotledger_db::schema[0m[34m: [34msync_user: field DDL ok, [1;34mdoctype[0m[34m: Workspace, [1;34mfield[0m[34m: icon[0m
    [2;3mat[0m crates\spotledger-db\src\schema.rs:746

  [2m2026-04-19T18:15:54.878926Z[0m [34mDEBUG[0m [1;34mspotledger_db::schema[0m[34m: [34msync_user: executing field DDL, [1;34mdoctype[0m[34m: Workspace, [1;34mfield[0m[34m: indicator_color, [1;34msql[0m[34m: DEFINE FIELD OVERWRITE `indicator_color` ON TABLE `tabWorkspace` TYPE option<string> PERMISSIONS FULL;[0m
    [2;3mat[0m crates\spotledger-db\src\schema.rs:741

  [2m2026-04-19T18:15:54.882074Z[0m [34mDEBUG[0m [1;34mspotledger_db::schema[0m[34m: [34msync_user: field DDL ok, [1;34mdoctype[0m[34m: Workspace, [1;34mfield[0m[34m: indicator_color[0m
    [2;3mat[0m crates\spotledger-db\src\schema.rs:746

  [2m2026-04-19T18:15:54.882455Z[0m [34mDEBUG[0m [1;34mspotledger_db::schema[0m[34m: [34msync_user: executing field DDL, [1;34mdoctype[0m[34m: Workspace, [1;34mfield[0m[34m: is_standard, [1;34msql[0m[34m: DEFINE FIELD OVERWRITE `is_standard` ON TABLE `tabWorkspace` TYPE none | int PERMISSIONS FULL DEFAULT 0;[0m
    [2;3mat[0m crates\spotledger-db\src\schema.rs:741

  [2m2026-04-19T18:15:54.885352Z[0m [34mDEBUG[0m [1;34mspotledger_db::schema[0m[34m: [34msync_user: field DDL ok, [1;34mdoctype[0m[34m: Workspace, [1;34mfield[0m[34m: is_standard[0m
    [2;3mat[0m crates\spotledger-db\src\schema.rs:746

  [2m2026-04-19T18:15:54.885779Z[0m [34mDEBUG[0m [1;34mspotledger_db::schema[0m[34m: [34msync_user: executing field DDL, [1;34mdoctype[0m[34m: Workspace, [1;34mfield[0m[34m: public, [1;34msql[0m[34m: DEFINE FIELD OVERWRITE `public` ON TABLE `tabWorkspace` TYPE none | int PERMISSIONS FULL DEFAULT 0;[0m
    [2;3mat[0m crates\spotledger-db\src\schema.rs:741

  [2m2026-04-19T18:15:54.888845Z[0m [34mDEBUG[0m [1;34mspotledger_db::schema[0m[34m: [34msync_user: field DDL ok, [1;34mdoctype[0m[34m: Workspace, [1;34mfield[0m[34m: public[0m
    [2;3mat[0m crates\spotledger-db\src\schema.rs:746

  [2m2026-04-19T18:15:54.889312Z[0m [34mDEBUG[0m [1;34mspotledger_db::schema[0m[34m: [34msync_user: executing field DDL, [1;34mdoctype[0m[34m: Workspace, [1;34mfield[0m[34m: roles, [1;34msql[0m[34m: DEFINE FIELD OVERWRITE `roles` ON TABLE `tabWorkspace` TYPE any PERMISSIONS FULL;[0m
    [2;3mat[0m crates\spotledger-db\src\schema.rs:741

  [2m2026-04-19T18:15:54.895397Z[0m [34mDEBUG[0m [1;34mspotledger_db::schema[0m[34m: [34msync_user: field DDL ok, [1;34mdoctype[0m[34m: Workspace, [1;34mfield[0m[34m: roles[0m
    [2;3mat[0m crates\spotledger-db\src\schema.rs:746

  [2m2026-04-19T18:15:54.896035Z[0m [34mDEBUG[0m [1;34mspotledger_db::schema[0m[34m: [34msync_user: executing field DDL, [1;34mdoctype[0m[34m: Workspace, [1;34mfield[0m[34m: shortcuts, [1;34msql[0m[34m: DEFINE FIELD OVERWRITE `shortcuts` ON TABLE `tabWorkspace` TYPE any PERMISSIONS FULL;[0m
    [2;3mat[0m crates\spotledger-db\src\schema.rs:741

  [2m2026-04-19T18:15:54.903136Z[0m [34mDEBUG[0m [1;34mspotledger_db::schema[0m[34m: [34msync_user: field DDL ok, [1;34mdoctype[0m[34m: Workspace, [1;34mfield[0m[34m: shortcuts[0m
    [2;3mat[0m crates\spotledger-db\src\schema.rs:746

  [2m2026-04-19T18:15:54.903748Z[0m [34mDEBUG[0m [1;34mspotledger_db::schema[0m[34m: [34msync_user: executing field DDL, [1;34mdoctype[0m[34m: Workspace, [1;34mfield[0m[34m: links, [1;34msql[0m[34m: DEFINE FIELD OVERWRITE `links` ON TABLE `tabWorkspace` TYPE any PERMISSIONS FULL;[0m
    [2;3mat[0m crates\spotledger-db\src\schema.rs:741

  [2m2026-04-19T18:15:54.908061Z[0m [34mDEBUG[0m [1;34mspotledger_db::schema[0m[34m: [34msync_user: field DDL ok, [1;34mdoctype[0m[34m: Workspace, [1;34mfield[0m[34m: links[0m
    [2;3mat[0m crates\spotledger-db\src\schema.rs:746

  [2m2026-04-19T18:15:54.931369Z[0m [34mDEBUG[0m [1;34mspotledger_db::schema[0m[34m: [34msync_user: executing field DDL, [1;34mdoctype[0m[34m: Workspace, [1;34mfield[0m[34m: onboarding, [1;34msql[0m[34m: DEFINE FIELD OVERWRITE `onboarding` ON TABLE `tabWorkspace` TYPE option<string> PERMISSIONS FULL;[0m
    [2;3mat[0m crates\spotledger-db\src\schema.rs:741

  [2m2026-04-19T18:15:54.985875Z[0m [34mDEBUG[0m [1;34mspotledger_db::schema[0m[34m: [34msync_user: field DDL ok, [1;34mdoctype[0m[34m: Workspace, [1;34mfield[0m[34m: onboarding[0m
    [2;3mat[0m crates\spotledger-db\src\schema.rs:746

  [2m2026-04-19T18:15:54.986338Z[0m [34mDEBUG[0m [1;34mspotledger_db::schema[0m[34m: [34msync_user: executing field DDL, [1;34mdoctype[0m[34m: Workspace, [1;34mfield[0m[34m: charts, [1;34msql[0m[34m: DEFINE FIELD OVERWRITE `charts` ON TABLE `tabWorkspace` TYPE any PERMISSIONS FULL;[0m
    [2;3mat[0m crates\spotledger-db\src\schema.rs:741

  [2m2026-04-19T18:15:54.990080Z[0m [34mDEBUG[0m [1;34mspotledger_db::schema[0m[34m: [34msync_user: field DDL ok, [1;34mdoctype[0m[34m: Workspace, [1;34mfield[0m[34m: charts[0m
    [2;3mat[0m crates\spotledger-db\src\schema.rs:746

  [2m2026-04-19T18:15:54.990697Z[0m [34mDEBUG[0m [1;34mspotledger_db::schema[0m[34m: [34msync_user: executing field DDL, [1;34mdoctype[0m[34m: Workspace, [1;34mfield[0m[34m: cards, [1;34msql[0m[34m: DEFINE FIELD OVERWRITE `cards` ON TABLE `tabWorkspace` TYPE any PERMISSIONS FULL;[0m
    [2;3mat[0m crates\spotledger-db\src\schema.rs:741

  [2m2026-04-19T18:15:54.998271Z[0m [34mDEBUG[0m [1;34mspotledger_db::schema[0m[34m: [34msync_user: field DDL ok, [1;34mdoctype[0m[34m: Workspace, [1;34mfield[0m[34m: cards[0m
    [2;3mat[0m crates\spotledger-db\src\schema.rs:746

  [2m2026-04-19T18:15:54.998766Z[0m [34mDEBUG[0m [1;34mspotledger_db::schema[0m[34m: [34msync_user: executing field DDL, [1;34mdoctype[0m[34m: Workspace, [1;34mfield[0m[34m: sequence_id, [1;34msql[0m[34m: DEFINE FIELD OVERWRITE `sequence_id` ON TABLE `tabWorkspace` TYPE none | int PERMISSIONS FULL;[0m
    [2;3mat[0m crates\spotledger-db\src\schema.rs:741

  [2m2026-04-19T18:15:55.002479Z[0m [34mDEBUG[0m [1;34mspotledger_db::schema[0m[34m: [34msync_user: field DDL ok, [1;34mdoctype[0m[34m: Workspace, [1;34mfield[0m[34m: sequence_id[0m
    [2;3mat[0m crates\spotledger-db\src\schema.rs:746

  [2m2026-04-19T18:15:55.003100Z[0m [34mDEBUG[0m [1;34mspotledger_db::schema[0m[34m: [34msync_user: executing field DDL, [1;34mdoctype[0m[34m: Workspace, [1;34mfield[0m[34m: parent_page, [1;34msql[0m[34m: DEFINE FIELD OVERWRITE `parent_page` ON TABLE `tabWorkspace` TYPE option<string> PERMISSIONS FULL;[0m
    [2;3mat[0m crates\spotledger-db\src\schema.rs:741

  [2m2026-04-19T18:15:55.007346Z[0m [34mDEBUG[0m [1;34mspotledger_db::schema[0m[34m: [34msync_user: field DDL ok, [1;34mdoctype[0m[34m: Workspace, [1;34mfield[0m[34m: parent_page[0m
    [2;3mat[0m crates\spotledger-db\src\schema.rs:746

  [2m2026-04-19T18:15:55.008070Z[0m [34mDEBUG[0m [1;34mspotledger_db::schema[0m[34m: [34msync_user: executing field DDL, [1;34mdoctype[0m[34m: Workspace, [1;34mfield[0m[34m: extends_another_page, [1;34msql[0m[34m: DEFINE FIELD OVERWRITE `extends_another_page` ON TABLE `tabWorkspace` TYPE none | int PERMISSIONS FULL DEFAULT 0;[0m
    [2;3mat[0m crates\spotledger-db\src\schema.rs:741

  [2m2026-04-19T18:15:55.015989Z[0m [34mDEBUG[0m [1;34mspotledger_db::schema[0m[34m: [34msync_user: field DDL ok, [1;34mdoctype[0m[34m: Workspace, [1;34mfield[0m[34m: extends_another_page[0m
    [2;3mat[0m crates\spotledger-db\src\schema.rs:746

  [2m2026-04-19T18:15:55.016604Z[0m [34mDEBUG[0m [1;34mspotledger_db::schema[0m[34m: [34msync_user: executing field DDL, [1;34mdoctype[0m[34m: Workspace, [1;34mfield[0m[34m: extends, [1;34msql[0m[34m: DEFINE FIELD OVERWRITE `extends` ON TABLE `tabWorkspace` TYPE option<string> PERMISSIONS FULL;[0m
    [2;3mat[0m crates\spotledger-db\src\schema.rs:741

  [2m2026-04-19T18:15:55.019993Z[0m [34mDEBUG[0m [1;34mspotledger_db::schema[0m[34m: [34msync_user: field DDL ok, [1;34mdoctype[0m[34m: Workspace, [1;34mfield[0m[34m: extends[0m
    [2;3mat[0m crates\spotledger-db\src\schema.rs:746

  [2m2026-04-19T18:15:55.024410Z[0m [34mDEBUG[0m [1;34mspotledger_db::schema[0m[34m: [34msync_user: schema synced, [1;34mdoctype[0m[34m: Workspace[0m
    [2;3mat[0m crates\spotledger-db\src\schema.rs:762

  [2m2026-04-19T18:15:55.025031Z[0m [32m INFO[0m [1;32mspotledger_db::schema[0m[32m: [32mUser doctype schema sync complete, [1;32msynced[0m[32m: 30, [1;32merrors[0m[32m: 0[0m
    [2;3mat[0m crates\spotledger-db\src\schema.rs:765

  [2m2026-04-19T18:15:55.037501Z[0m [34mDEBUG[0m [1;34mspotledger_db::schema[0m[34m: [34mNaming functions applied[0m
    [2;3mat[0m crates\spotledger-db\src\schema.rs:785

  [2m2026-04-19T18:15:55.051763Z[0m [34mDEBUG[0m [1;34mspotledger_db::schema[0m[34m: [34mPermission functions applied[0m
    [2;3mat[0m crates\spotledger-db\src\schema.rs:805

  [2m2026-04-19T18:15:55.053854Z[0m [34mDEBUG[0m [1;34mspotledger_db::migrations[0m[34m: [34mNo pending migrations.[0m
    [2;3mat[0m crates\spotledger-db\src\migrations.rs:134

  [2m2026-04-19T18:15:55.054327Z[0m [34mDEBUG[0m [1;34mspotledger_http::server[0m[34m: [34mNo pending migrations, [1;34msite[0m[34m: verify_install_only_rebuilt[0m
    [2;3mat[0m crates\spotledger-http\src\server.rs:251

  [2m2026-04-19T18:15:55.055598Z[0m [32m INFO[0m [1;32mspotledger_http::server[0m[32m: [32mSite ready, [1;32msite[0m[32m: verify_install_only_rebuilt[0m
    [2;3mat[0m crates\spotledger-http\src\server.rs:257

  [2m2026-04-19T18:15:55.057584Z[0m [32m INFO[0m [1;32mspotledger_http::server[0m[32m: [32mSpotledger listening, [1;32maddr[0m[32m: 0.0.0.0:8080, [1;32mmode[0m[32m: Dev[0m
    [2;3mat[0m crates\spotledger-http\src\server.rs:134

  [2m2026-04-19T18:15:55.214082Z[0m [34mDEBUG[0m [1;34mtower_http::trace::on_request[0m[34m: [34mstarted processing request[0m
    [2;3mat[0m C:\Users\Ehsen\.cargo\registry\src\index.crates.io-1949cf8c6b5b557f\tower-http-0.6.8\src\trace\on_request.rs:80
    [2;3min[0m tower_http::trace::make_span::[1mrequest[0m [2;3mwith[0m [1mmethod[0m: GET, [1muri[0m: /api/resource/Account%20Group?fields=[%5C, [1mversion[0m: HTTP/1.1

  [2m2026-04-19T18:15:55.221082Z[0m [34mDEBUG[0m [1;34mtower_http::trace::on_response[0m[34m: [34mfinished processing request, [1;34mlatency[0m[34m: 7 ms, [1;34mstatus[0m[34m: 403[0m
    [2;3mat[0m C:\Users\Ehsen\.cargo\registry\src\index.crates.io-1949cf8c6b5b557f\tower-http-0.6.8\src\trace\on_response.rs:114
    [2;3min[0m tower_http::trace::make_span::[1mrequest[0m [2;3mwith[0m [1mmethod[0m: GET, [1muri[0m: /api/resource/Account%20Group?fields=[%5C, [1mversion[0m: HTTP/1.1

  [2m2026-04-19T18:15:57.266328Z[0m [34mDEBUG[0m [1;34mtower_http::trace::on_request[0m[34m: [34mstarted processing request[0m
    [2;3mat[0m C:\Users\Ehsen\.cargo\registry\src\index.crates.io-1949cf8c6b5b557f\tower-http-0.6.8\src\trace\on_request.rs:80
    [2;3min[0m tower_http::trace::make_span::[1mrequest[0m [2;3mwith[0m [1mmethod[0m: GET, [1muri[0m: /api/resource/Account?fields=[%5C, [1mversion[0m: HTTP/1.1

  [2m2026-04-19T18:15:57.272855Z[0m [34mDEBUG[0m [1;34mtower_http::trace::on_response[0m[34m: [34mfinished processing request, [1;34mlatency[0m[34m: 6 ms, [1;34mstatus[0m[34m: 403[0m
    [2;3mat[0m C:\Users\Ehsen\.cargo\registry\src\index.crates.io-1949cf8c6b5b557f\tower-http-0.6.8\src\trace\on_response.rs:114
    [2;3min[0m tower_http::trace::make_span::[1mrequest[0m [2;3mwith[0m [1mmethod[0m: GET, [1muri[0m: /api/resource/Account?fields=[%5C, [1mversion[0m: HTTP/1.1

  [2m2026-04-19T18:16:11.000228Z[0m [34mDEBUG[0m [1;34mtower_http::trace::on_request[0m[34m: [34mstarted processing request[0m
    [2;3mat[0m C:\Users\Ehsen\.cargo\registry\src\index.crates.io-1949cf8c6b5b557f\tower-http-0.6.8\src\trace\on_request.rs:80
    [2;3min[0m tower_http::trace::make_span::[1mrequest[0m [2;3mwith[0m [1mmethod[0m: POST, [1muri[0m: /api/method/login, [1mversion[0m: HTTP/1.1

  [2m2026-04-19T18:16:11.105709Z[0m [34mDEBUG[0m [1;34mtower_http::trace::on_response[0m[34m: [34mfinished processing request, [1;34mlatency[0m[34m: 105 ms, [1;34mstatus[0m[34m: 200[0m
    [2;3mat[0m C:\Users\Ehsen\.cargo\registry\src\index.crates.io-1949cf8c6b5b557f\tower-http-0.6.8\src\trace\on_response.rs:114
    [2;3min[0m tower_http::trace::make_span::[1mrequest[0m [2;3mwith[0m [1mmethod[0m: POST, [1muri[0m: /api/method/login, [1mversion[0m: HTTP/1.1

  [2m2026-04-19T18:16:13.141600Z[0m [34mDEBUG[0m [1;34mtower_http::trace::on_request[0m[34m: [34mstarted processing request[0m
    [2;3mat[0m C:\Users\Ehsen\.cargo\registry\src\index.crates.io-1949cf8c6b5b557f\tower-http-0.6.8\src\trace\on_request.rs:80
    [2;3min[0m tower_http::trace::make_span::[1mrequest[0m [2;3mwith[0m [1mmethod[0m: GET, [1muri[0m: /api/resource/Account%20Group?fields=[%5C, [1mversion[0m: HTTP/1.1

  [2m2026-04-19T18:16:13.142693Z[0m [34mDEBUG[0m [1;34mspotledger_db::document[0m[34m: [34mget_list, [1;34msql[0m[34m: SELECT * FROM `tabAccount_Group` LIMIT 20 START 0[0m
    [2;3mat[0m crates\spotledger-db\src\document.rs:109
    [2;3min[0m tower_http::trace::make_span::[1mrequest[0m [2;3mwith[0m [1mmethod[0m: GET, [1muri[0m: /api/resource/Account%20Group?fields=[%5C, [1mversion[0m: HTTP/1.1

  [2m2026-04-19T18:16:13.147042Z[0m [34mDEBUG[0m [1;34mtower_http::trace::on_response[0m[34m: [34mfinished processing request, [1;34mlatency[0m[34m: 5 ms, [1;34mstatus[0m[34m: 200[0m
    [2;3mat[0m C:\Users\Ehsen\.cargo\registry\src\index.crates.io-1949cf8c6b5b557f\tower-http-0.6.8\src\trace\on_response.rs:114
    [2;3min[0m tower_http::trace::make_span::[1mrequest[0m [2;3mwith[0m [1mmethod[0m: GET, [1muri[0m: /api/resource/Account%20Group?fields=[%5C, [1mversion[0m: HTTP/1.1

  [2m2026-04-19T18:16:15.171248Z[0m [34mDEBUG[0m [1;34mtower_http::trace::on_request[0m[34m: [34mstarted processing request[0m
    [2;3mat[0m C:\Users\Ehsen\.cargo\registry\src\index.crates.io-1949cf8c6b5b557f\tower-http-0.6.8\src\trace\on_request.rs:80
    [2;3min[0m tower_http::trace::make_span::[1mrequest[0m [2;3mwith[0m [1mmethod[0m: GET, [1muri[0m: /api/resource/Account?fields=[%5C, [1mversion[0m: HTTP/1.1

  [2m2026-04-19T18:16:15.172056Z[0m [34mDEBUG[0m [1;34mspotledger_db::document[0m[34m: [34mget_list, [1;34msql[0m[34m: SELECT * FROM `tabAccount` LIMIT 20 START 0[0m
    [2;3mat[0m crates\spotledger-db\src\document.rs:109
    [2;3min[0m tower_http::trace::make_span::[1mrequest[0m [2;3mwith[0m [1mmethod[0m: GET, [1muri[0m: /api/resource/Account?fields=[%5C, [1mversion[0m: HTTP/1.1

  [2m2026-04-19T18:16:15.178013Z[0m [34mDEBUG[0m [1;34mtower_http::trace::on_response[0m[34m: [34mfinished processing request, [1;34mlatency[0m[34m: 6 ms, [1;34mstatus[0m[34m: 200[0m
    [2;3mat[0m C:\Users\Ehsen\.cargo\registry\src\index.crates.io-1949cf8c6b5b557f\tower-http-0.6.8\src\trace\on_response.rs:114
    [2;3min[0m tower_http::trace::make_span::[1mrequest[0m [2;3mwith[0m [1mmethod[0m: GET, [1muri[0m: /api/resource/Account?fields=[%5C, [1mversion[0m: HTTP/1.1

  [2m2026-04-19T18:16:34.809954Z[0m [34mDEBUG[0m [1;34mtower_http::trace::on_request[0m[34m: [34mstarted processing request[0m
    [2;3mat[0m C:\Users\Ehsen\.cargo\registry\src\index.crates.io-1949cf8c6b5b557f\tower-http-0.6.8\src\trace\on_request.rs:80
    [2;3min[0m tower_http::trace::make_span::[1mrequest[0m [2;3mwith[0m [1mmethod[0m: POST, [1muri[0m: /api/method/login, [1mversion[0m: HTTP/1.1

  [2m2026-04-19T18:16:34.977333Z[0m [34mDEBUG[0m [1;34mtower_http::trace::on_response[0m[34m: [34mfinished processing request, [1;34mlatency[0m[34m: 167 ms, [1;34mstatus[0m[34m: 200[0m
    [2;3mat[0m C:\Users\Ehsen\.cargo\registry\src\index.crates.io-1949cf8c6b5b557f\tower-http-0.6.8\src\trace\on_response.rs:114
    [2;3min[0m tower_http::trace::make_span::[1mrequest[0m [2;3mwith[0m [1mmethod[0m: POST, [1muri[0m: /api/method/login, [1mversion[0m: HTTP/1.1

  [2m2026-04-19T18:16:37.025968Z[0m [34mDEBUG[0m [1;34mtower_http::trace::on_request[0m[34m: [34mstarted processing request[0m
    [2;3mat[0m C:\Users\Ehsen\.cargo\registry\src\index.crates.io-1949cf8c6b5b557f\tower-http-0.6.8\src\trace\on_request.rs:80
    [2;3min[0m tower_http::trace::make_span::[1mrequest[0m [2;3mwith[0m [1mmethod[0m: GET, [1muri[0m: /api/resource/Account?fields=[%5C, [1mversion[0m: HTTP/1.1

  [2m2026-04-19T18:16:37.032167Z[0m [34mDEBUG[0m [1;34mspotledger_db::document[0m[34m: [34mget_list, [1;34msql[0m[34m: SELECT * FROM `tabAccount` LIMIT 20 START 0[0m
    [2;3mat[0m crates\spotledger-db\src\document.rs:109
    [2;3min[0m tower_http::trace::make_span::[1mrequest[0m [2;3mwith[0m [1mmethod[0m: GET, [1muri[0m: /api/resource/Account?fields=[%5C, [1mversion[0m: HTTP/1.1

  [2m2026-04-19T18:16:37.042278Z[0m [34mDEBUG[0m [1;34mtower_http::trace::on_response[0m[34m: [34mfinished processing request, [1;34mlatency[0m[34m: 16 ms, [1;34mstatus[0m[34m: 200[0m
    [2;3mat[0m C:\Users\Ehsen\.cargo\registry\src\index.crates.io-1949cf8c6b5b557f\tower-http-0.6.8\src\trace\on_response.rs:114
    [2;3min[0m tower_http::trace::make_span::[1mrequest[0m [2;3mwith[0m [1mmethod[0m: GET, [1muri[0m: /api/resource/Account?fields=[%5C, [1mversion[0m: HTTP/1.1

  [2m2026-04-19T18:16:39.105011Z[0m [34mDEBUG[0m [1;34mtower_http::trace::on_request[0m[34m: [34mstarted processing request[0m
    [2;3mat[0m C:\Users\Ehsen\.cargo\registry\src\index.crates.io-1949cf8c6b5b557f\tower-http-0.6.8\src\trace\on_request.rs:80
    [2;3min[0m tower_http::trace::make_span::[1mrequest[0m [2;3mwith[0m [1mmethod[0m: GET, [1muri[0m: /api/resource/Account?fields=[%5C, [1mversion[0m: HTTP/1.1

  [2m2026-04-19T18:16:39.111253Z[0m [34mDEBUG[0m [1;34mspotledger_db::document[0m[34m: [34mget_list, [1;34msql[0m[34m: SELECT * FROM `tabAccount` LIMIT 20 START 0[0m
    [2;3mat[0m crates\spotledger-db\src\document.rs:109
    [2;3min[0m tower_http::trace::make_span::[1mrequest[0m [2;3mwith[0m [1mmethod[0m: GET, [1muri[0m: /api/resource/Account?fields=[%5C, [1mversion[0m: HTTP/1.1

  [2m2026-04-19T18:16:39.119251Z[0m [34mDEBUG[0m [1;34mtower_http::trace::on_response[0m[34m: [34mfinished processing request, [1;34mlatency[0m[34m: 14 ms, [1;34mstatus[0m[34m: 200[0m
    [2;3mat[0m C:\Users\Ehsen\.cargo\registry\src\index.crates.io-1949cf8c6b5b557f\tower-http-0.6.8\src\trace\on_response.rs:114
    [2;3min[0m tower_http::trace::make_span::[1mrequest[0m [2;3mwith[0m [1mmethod[0m: GET, [1muri[0m: /api/resource/Account?fields=[%5C, [1mversion[0m: HTTP/1.1

  [2m2026-04-19T18:16:53.574875Z[0m [34mDEBUG[0m [1;34mtower_http::trace::on_request[0m[34m: [34mstarted processing request[0m
    [2;3mat[0m C:\Users\Ehsen\.cargo\registry\src\index.crates.io-1949cf8c6b5b557f\tower-http-0.6.8\src\trace\on_request.rs:80
    [2;3min[0m tower_http::trace::make_span::[1mrequest[0m [2;3mwith[0m [1mmethod[0m: POST, [1muri[0m: /api/method/login, [1mversion[0m: HTTP/1.1

  [2m2026-04-19T18:16:53.720023Z[0m [34mDEBUG[0m [1;34mtower_http::trace::on_response[0m[34m: [34mfinished processing request, [1;34mlatency[0m[34m: 145 ms, [1;34mstatus[0m[34m: 200[0m
    [2;3mat[0m C:\Users\Ehsen\.cargo\registry\src\index.crates.io-1949cf8c6b5b557f\tower-http-0.6.8\src\trace\on_response.rs:114
    [2;3min[0m tower_http::trace::make_span::[1mrequest[0m [2;3mwith[0m [1mmethod[0m: POST, [1muri[0m: /api/method/login, [1mversion[0m: HTTP/1.1

  [2m2026-04-19T18:16:55.768755Z[0m [34mDEBUG[0m [1;34mtower_http::trace::on_request[0m[34m: [34mstarted processing request[0m
    [2;3mat[0m C:\Users\Ehsen\.cargo\registry\src\index.crates.io-1949cf8c6b5b557f\tower-http-0.6.8\src\trace\on_request.rs:80
    [2;3min[0m tower_http::trace::make_span::[1mrequest[0m [2;3mwith[0m [1mmethod[0m: GET, [1muri[0m: /api/resource/Account?fields=[%22name%22,%22account_number%22,%22chart_of_accounts%22]&filters=[[%22chart_of_accounts%22,%22=%22,%22SpotLedger%20Standard%20PKR%22]]&limit=20&start=0, [1mversion[0m: HTTP/1.1

  [2m2026-04-19T18:16:55.775211Z[0m [34mDEBUG[0m [1;34mspotledger_db::document[0m[34m: [34mget_list, [1;34msql[0m[34m: SELECT name, account_number, chart_of_accounts FROM `tabAccount` LIMIT 20 START 0[0m
    [2;3mat[0m crates\spotledger-db\src\document.rs:109
    [2;3min[0m tower_http::trace::make_span::[1mrequest[0m [2;3mwith[0m [1mmethod[0m: GET, [1muri[0m: /api/resource/Account?fields=[%22name%22,%22account_number%22,%22chart_of_accounts%22]&filters=[[%22chart_of_accounts%22,%22=%22,%22SpotLedger%20Standard%20PKR%22]]&limit=20&start=0, [1mversion[0m: HTTP/1.1

  [2m2026-04-19T18:16:55.780073Z[0m [34mDEBUG[0m [1;34mtower_http::trace::on_response[0m[34m: [34mfinished processing request, [1;34mlatency[0m[34m: 11 ms, [1;34mstatus[0m[34m: 200[0m
    [2;3mat[0m C:\Users\Ehsen\.cargo\registry\src\index.crates.io-1949cf8c6b5b557f\tower-http-0.6.8\src\trace\on_response.rs:114
    [2;3min[0m tower_http::trace::make_span::[1mrequest[0m [2;3mwith[0m [1mmethod[0m: GET, [1muri[0m: /api/resource/Account?fields=[%22name%22,%22account_number%22,%22chart_of_accounts%22]&filters=[[%22chart_of_accounts%22,%22=%22,%22SpotLedger%20Standard%20PKR%22]]&limit=20&start=0, [1mversion[0m: HTTP/1.1

  [2m2026-04-19T18:16:57.823258Z[0m [34mDEBUG[0m [1;34mtower_http::trace::on_request[0m[34m: [34mstarted processing request[0m
    [2;3mat[0m C:\Users\Ehsen\.cargo\registry\src\index.crates.io-1949cf8c6b5b557f\tower-http-0.6.8\src\trace\on_request.rs:80
    [2;3min[0m tower_http::trace::make_span::[1mrequest[0m [2;3mwith[0m [1mmethod[0m: GET, [1muri[0m: /api/resource/Account?fields=[%22name%22,%22account_number%22,%22chart_of_accounts%22]&filters=[[%22chart_of_accounts%22,%22=%22,%22SpotLedger%20Standard%20PKR%22]]&limit=20&start=20, [1mversion[0m: HTTP/1.1

  [2m2026-04-19T18:16:57.824598Z[0m [34mDEBUG[0m [1;34mspotledger_db::document[0m[34m: [34mget_list, [1;34msql[0m[34m: SELECT name, account_number, chart_of_accounts FROM `tabAccount` LIMIT 20 START 20[0m
    [2;3mat[0m crates\spotledger-db\src\document.rs:109
    [2;3min[0m tower_http::trace::make_span::[1mrequest[0m [2;3mwith[0m [1mmethod[0m: GET, [1muri[0m: /api/resource/Account?fields=[%22name%22,%22account_number%22,%22chart_of_accounts%22]&filters=[[%22chart_of_accounts%22,%22=%22,%22SpotLedger%20Standard%20PKR%22]]&limit=20&start=20, [1mversion[0m: HTTP/1.1

  [2m2026-04-19T18:16:57.829125Z[0m [34mDEBUG[0m [1;34mtower_http::trace::on_response[0m[34m: [34mfinished processing request, [1;34mlatency[0m[34m: 6 ms, [1;34mstatus[0m[34m: 200[0m
    [2;3mat[0m C:\Users\Ehsen\.cargo\registry\src\index.crates.io-1949cf8c6b5b557f\tower-http-0.6.8\src\trace\on_response.rs:114
    [2;3min[0m tower_http::trace::make_span::[1mrequest[0m [2;3mwith[0m [1mmethod[0m: GET, [1muri[0m: /api/resource/Account?fields=[%22name%22,%22account_number%22,%22chart_of_accounts%22]&filters=[[%22chart_of_accounts%22,%22=%22,%22SpotLedger%20Standard%20PKR%22]]&limit=20&start=20, [1mversion[0m: HTTP/1.1

